title,genres,year,clean_title,source
Beetlejuice Beetlejuice,"comedy,fantasy,horror",2024,beetlejuice beetlejuice,IMDB
Dungeons & Dragons: Honor Among Thieves,"adventure,fantasy,comedy",2023,dungeons  dragons honor among thieves,IMDB
Mission: Impossible - Rogue Nation,"action,adventure",2015,mission impossible  rogue nation,IMDB
Subservience,"science fiction,horror,thriller",2024,subservience,IMDB
Demon City,"action,crime,fantasy,thriller",2025,demon city,IMDB
Pacific Rim,"action,science fiction,adventure",2013,pacific rim,IMDB
Through My Window,"romance,drama,comedy",2022,through my window,IMDB
Last Bullet,"action,crime,thriller,drama",2025,last bullet,IMDB
Despicable Me,"family,comedy,animation",2010,despicable me,IMDB
Rush Hour,"action,comedy,crime",1998,rush hour,IMDB
Songs from the Hole,"documentary,drama,music",2024,songs from the hole,IMDB
The Life List,"romance,comedy,drama",2025,the life list,IMDB
The Karate Kid,"action,adventure,drama,family",2010,the karate kid,IMDB
I'm Still a Superstar,"documentary,music",2025,im still a superstar,IMDB
The Departed,"drama,thriller,crime",2006,the departed,IMDB
Mission: Impossible III,"adventure,action,thriller",2006,mission impossible iii,IMDB
Mission: Impossible II,"adventure,action,thriller",2000,mission impossible ii,IMDB
Talk to Me,horror,2023,talk to me,IMDB
Miller's Girl,"thriller,comedy,drama",2024,millers girl,IMDB
Purple Hearts,"romance,drama",2022,purple hearts,IMDB
Back in Action,"action,comedy",2025,back in action,IMDB
Carry-On,"thriller,action",2024,carryon,IMDB
Bad Influence,"thriller,drama,romance",2025,bad influence,IMDB
Penguins of Madagascar,"family,animation,adventure,comedy",2014,penguins of madagascar,IMDB
"Miraculous: Ladybug & Cat Noir, The Movie","animation,fantasy,action,romance,family",2023,miraculous ladybug  cat noir the movie,IMDB
My Hero Academia: You're Next,"animation,action,adventure,science fiction",2024,my hero academia youre next,IMDB
Drawing Closer,"romance,drama",2024,drawing closer,IMDB
Sing: Thriller,"animation,family,comedy,music",2024,sing thriller,IMDB
Polar,"action,crime,drama",2019,polar,IMDB
After We Collided,"romance,drama",2020,after we collided,IMDB
Despicable Me 2,"animation,comedy,family",2013,despicable me 2,IMDB
Den of Thieves 2: Pantera,"action,crime,thriller",2025,den of thieves 2 pantera,IMDB
After We Fell,"romance,drama",2021,after we fell,IMDB
The Electric State,"science fiction,adventure,action",2025,the electric state,IMDB
Megamind,"animation,action,comedy,family,science fiction",2010,megamind,IMDB
V for Vendetta,"action,thriller,science fiction",2006,v for vendetta,IMDB
Paddington in Peru,"family,comedy,adventure",2024,paddington in peru,IMDB
20th Century Girl,"romance,drama",2022,20th century girl,IMDB
Jewel Thief - The Heist Begins,"action,thriller",2025,jewel thief  the heist begins,IMDB
Godzilla Minus One,"science fiction,horror,action",2023,godzilla minus one,IMDB
Now You See Me,"thriller,crime",2013,now you see me,IMDB
The Gray Man,"action,thriller",2022,the gray man,IMDB
Dick Johnson Is Dead,documentaries,2020,dick johnson is dead,Netflix
Blood & Water,"international tv shows, tv dramas, tv mysteries",2021,blood  water,Netflix
Ganglands,"crime tv shows, international tv shows, tv action & adventure",2021,ganglands,Netflix
Jailbirds New Orleans,"docuseries, reality tv",2021,jailbirds new orleans,Netflix
Kota Factory,"international tv shows, romantic tv shows, tv comedies",2021,kota factory,Netflix
Midnight Mass,"tv dramas, tv horror, tv mysteries",2021,midnight mass,Netflix
My Little Pony: A New Generation,children & family movies,2021,my little pony a new generation,Netflix
Sankofa,"dramas, independent movies, international movies",1993,sankofa,Netflix
The Great British Baking Show,"british tv shows, reality tv",2021,the great british baking show,Netflix
The Starling,"comedies, dramas",2021,the starling,Netflix
"Vendetta: Truth, Lies and The Mafia","crime tv shows, docuseries, international tv shows",2021,vendetta truth lies and the mafia,Netflix
Bangkok Breaking,"crime tv shows, international tv shows, tv action & adventure",2021,bangkok breaking,Netflix
Je Suis Karl,"dramas, international movies",2021,je suis karl,Netflix
Confessions of an Invisible Girl,"children & family movies, comedies",2021,confessions of an invisible girl,Netflix
Crime Stories: India Detectives,"british tv shows, crime tv shows, docuseries",2021,crime stories india detectives,Netflix
Dear White People,"tv comedies, tv dramas",2021,dear white people,Netflix
Europe's Most Dangerous Man: Otto Skorzeny in Spain,"documentaries, international movies",2020,europes most dangerous man otto skorzeny in spain,Netflix
Falsa identidad,"crime tv shows, spanish-language tv shows, tv dramas",2020,falsa identidad,Netflix
Intrusion,thrillers,2021,intrusion,Netflix
Jaguar,"international tv shows, spanish-language tv shows, tv action & adventure",2021,jaguar,Netflix
Monsters Inside: The 24 Faces of Billy Milligan,"crime tv shows, docuseries, international tv shows",2021,monsters inside the 24 faces of billy milligan,Netflix
Resurrection: Ertugrul,"international tv shows, tv action & adventure, tv dramas",2018,resurrection ertugrul,Netflix
Avvai Shanmughi,"comedies, international movies",1996,avvai shanmughi,Netflix
Go! Go! Cory Carson: Chrissy Takes the Wheel,children & family movies,2021,go go cory carson chrissy takes the wheel,Netflix
Jeans,"comedies, international movies, romantic movies",1998,jeans,Netflix
Love on the Spectrum,"docuseries, international tv shows, reality tv",2021,love on the spectrum,Netflix
Minsara Kanavu,"comedies, international movies, music & musicals",1997,minsara kanavu,Netflix
Grown Ups,comedies,2010,grown ups,Netflix
Dark Skies,"horror movies, sci-fi & fantasy",2013,dark skies,Netflix
Paranoia,thrillers,2013,paranoia,Netflix
Ankahi Kahaniya,"dramas, independent movies, international movies",2021,ankahi kahaniya,Netflix
Chicago Party Aunt,tv comedies,2021,chicago party aunt,Netflix
Sex Education,"british tv shows, international tv shows, tv comedies",2020,sex education,Netflix
Squid Game,"international tv shows, tv dramas, tv thrillers",2021,squid game,Netflix
Tayo and Little Wizards,kids' tv,2020,tayo and little wizards,Netflix
The Father Who Moves Mountains,"dramas, international movies, thrillers",2021,the father who moves mountains,Netflix
The Stronghold,"action & adventure, dramas, international movies",2021,the stronghold,Netflix
Angry Birds,"kids' tv, tv comedies",2018,angry birds,Netflix
Birth of the Dragon,"action & adventure, dramas",2017,birth of the dragon,Netflix
Chhota Bheem,kids' tv,2021,chhota bheem,Netflix
He-Man and the Masters of the Universe,"kids' tv, tv sci-fi & fantasy",2021,heman and the masters of the universe,Netflix
Jaws,"action & adventure, classic movies, dramas",1975,jaws,Netflix
Jaws 2,"dramas, horror movies, thrillers",1978,jaws 2,Netflix
Jaws 3,"action & adventure, horror movies, thrillers",1983,jaws 3,Netflix
Jaws: The Revenge,"action & adventure, horror movies, thrillers",1987,jaws the revenge,Netflix
My Heroes Were Cowboys,documentaries,2021,my heroes were cowboys,Netflix
Safe House,action & adventure,2012,safe house,Netflix
The Smart Money Woman,"international tv shows, romantic tv shows, tv comedies",2020,the smart money woman,Netflix
Training Day,"dramas, thrillers",2001,training day,Netflix
Castle and Castle,"international tv shows, tv dramas",2021,castle and castle,Netflix
Dharmakshetra,"international tv shows, tv dramas, tv sci-fi & fantasy",2014,dharmakshetra,Netflix
InuYasha the Movie 2: The Castle Beyond the Looking Glass,"action & adventure, anime features, international movies",2002,inuyasha the movie 2 the castle beyond the looking glass,Netflix
InuYasha the Movie 3: Swords of an Honorable Ruler,"action & adventure, anime features, international movies",2003,inuyasha the movie 3 swords of an honorable ruler,Netflix
InuYasha the Movie 4: Fire on the Mystic Island,"action & adventure, anime features, international movies",2004,inuyasha the movie 4 fire on the mystic island,Netflix
InuYasha the Movie: Affections Touching Across Time,"action & adventure, anime features, international movies",2001,inuyasha the movie affections touching across time,Netflix
Nailed It,reality tv,2021,nailed it,Netflix
Naruto Shippuden the Movie: Blood Prison,"action & adventure, anime features, international movies",2011,naruto shippuden the movie blood prison,Netflix
Naruto Shippûden the Movie: Bonds,"action & adventure, anime features, international movies",2008,naruto shippden the movie bonds,Netflix
Naruto Shippûden the Movie: The Will of Fire,"action & adventure, anime features, international movies",2009,naruto shippden the movie the will of fire,Netflix
Naruto Shippuden: The Movie,"action & adventure, anime features, international movies",2007,naruto shippuden the movie,Netflix
Naruto Shippuden: The Movie: The Lost Tower,"action & adventure, anime features, international movies",2010,naruto shippuden the movie the lost tower,Netflix
Naruto the Movie 2: Legend of the Stone of Gelel,"action & adventure, anime features, international movies",2005,naruto the movie 2 legend of the stone of gelel,Netflix
Naruto the Movie 3: Guardians of the Crescent Moon Kingdom,"action & adventure, anime features, international movies",2006,naruto the movie 3 guardians of the crescent moon kingdom,Netflix
Naruto the Movie: Ninja Clash in the Land of Snow,"action & adventure, anime features, international movies",2004,naruto the movie ninja clash in the land of snow,Netflix
Nightbooks,children & family movies,2021,nightbooks,Netflix
Numberblocks,kids' tv,2021,numberblocks,Netflix
Raja Rasoi Aur Anya Kahaniyan,"docuseries, international tv shows",2014,raja rasoi aur anya kahaniyan,Netflix
Saved by the Bell,"kids' tv, tv comedies",1994,saved by the bell,Netflix
Schumacher,"documentaries, international movies, sports movies",2021,schumacher,Netflix
Stories by Rabindranath Tagore,"international tv shows, tv dramas",2015,stories by rabindranath tagore,Netflix
Too Hot To Handle: Latino,"international tv shows, reality tv, romantic tv shows",2021,too hot to handle latino,Netflix
A StoryBots Space Adventure,children & family movies,2021,a storybots space adventure,Netflix
Jack Whitehall: Travels with My Father,"british tv shows, docuseries, international tv shows",2021,jack whitehall travels with my father,Netflix
King of Boys,"dramas, international movies",2018,king of boys,Netflix
The World's Most Amazing Vacation Rentals,reality tv,2021,the worlds most amazing vacation rentals,Netflix
You vs. Wild: Out Cold,children & family movies,2021,you vs wild out cold,Netflix
Yowamushi Pedal,"anime series, international tv shows",2013,yowamushi pedal,Netflix
Little Singham - Black Shadow,"children & family movies, comedies",2021,little singham  black shadow,Netflix
Tughlaq Durbar,"comedies, dramas, international movies",2020,tughlaq durbar,Netflix
Tughlaq Durbar (Telugu),"comedies, dramas, international movies",2021,tughlaq durbar telugu,Netflix
Firedrake the Silver Dragon,children & family movies,2021,firedrake the silver dragon,Netflix
Kate,action & adventure,2021,kate,Netflix
Lucifer,"crime tv shows, tv comedies, tv dramas",2021,lucifer,Netflix
Metal Shop Masters,reality tv,2021,metal shop masters,Netflix
Omo Ghetto: the Saga,"action & adventure, comedies, dramas",2020,omo ghetto the saga,Netflix
Pokémon Master Journeys: The Series,"anime series, kids' tv",2021,pokmon master journeys the series,Netflix
Prey,"international movies, thrillers",2021,prey,Netflix
Titipo Titipo,"kids' tv, korean tv shows",2019,titipo titipo,Netflix
Blood Brothers: Malcolm X & Muhammad Ali,"documentaries, sports movies",2021,blood brothers malcolm x  muhammad ali,Netflix
Mighty Raju,kids' tv,2017,mighty raju,Netflix
Paradise Hills,"sci-fi & fantasy, thrillers",2019,paradise hills,Netflix
The Women and the Murderer,"documentaries, international movies",2021,the women and the murderer,Netflix
Into the Night,"international tv shows, tv dramas, tv mysteries",2021,into the night,Netflix
JJ+E,"dramas, international movies, romantic movies",2021,jje,Netflix
Show Dogs,"children & family movies, comedies",2018,show dogs,Netflix
The Circle,reality tv,2021,the circle,Netflix
If I Leave Here Tomorrow: A Film About Lynyrd Skynyrd,"documentaries, music & musicals",2018,if i leave here tomorrow a film about lynyrd skynyrd,Netflix
Kid Cosmic,"kids' tv, tv comedies, tv sci-fi & fantasy",2021,kid cosmic,Netflix
Octonauts: Above & Beyond,"british tv shows, kids' tv",2021,octonauts above  beyond,Netflix
On the Verge,"tv comedies, tv dramas",2021,on the verge,Netflix
Tobot Galaxy Detectives,kids' tv,2019,tobot galaxy detectives,Netflix
Untold: Breaking Point,"documentaries, sports movies",2021,untold breaking point,Netflix
Countdown: Inspiration4 Mission to Space,"docuseries, science & nature tv",2021,countdown inspiration4 mission to space,Netflix
Shadow Parties,"dramas, international movies, thrillers",2020,shadow parties,Netflix
Tayo the Little Bus,"kids' tv, korean tv shows",2016,tayo the little bus,Netflix
Angamaly Diaries,"action & adventure, comedies, dramas",2017,angamaly diaries,Netflix
Bunk'd,"kids' tv, tv comedies",2021,bunkd,Netflix
A Champion Heart,"children & family movies, dramas",2018,a champion heart,Netflix
Dive Club,"kids' tv, tv dramas, teen tv shows",2021,dive club,Netflix
La casa de papel,"crime tv shows, international tv shows, spanish-language tv shows",2021,la casa de papel,Netflix
Money Heist: From Tokyo to Berlin,"docuseries, international tv shows, spanish-language tv shows",2021,money heist from tokyo to berlin,Netflix
Sharkdog,kids' tv,2021,sharkdog,Netflix
Worth,dramas,2021,worth,Netflix
Afterlife of the Party,"comedies, romantic movies",2021,afterlife of the party,Netflix
Anjaam,"dramas, international movies, thrillers",1994,anjaam,Netflix
Bright Star,"dramas, romantic movies",2009,bright star,Netflix
Dhanak,"comedies, dramas, independent movies",2015,dhanak,Netflix
Final Account,documentaries,2021,final account,Netflix
Gurgaon,"dramas, international movies, thrillers",2017,gurgaon,Netflix
Here and There,"dramas, international movies, romantic movies",2020,here and there,Netflix
Heroes of Goo Jit Zu,"kids' tv, tv comedies",2021,heroes of goo jit zu,Netflix
Hotel Del Luna,"international tv shows, romantic tv shows, tv comedies",2019,hotel del luna,Netflix
In the Cut,thrillers,2003,in the cut,Netflix
Luv Kushh,kids' tv,2012,luv kushh,Netflix
Pororo - The Little Penguin,"kids' tv, korean tv shows",2013,pororo  the little penguin,Netflix
Q-Force,"crime tv shows, tv action & adventure, tv comedies",2021,qforce,Netflix
Shikara,"dramas, international movies, romantic movies",2020,shikara,Netflix
A Cinderella Story,"children & family movies, comedies",2004,a cinderella story,Netflix
Agatha Christie's Crooked House,"dramas, international movies, thrillers",2017,agatha christies crooked house,Netflix
An Unfinished Life,dramas,2005,an unfinished life,Netflix
Barbie Big City Big Dreams,"children & family movies, music & musicals",2021,barbie big city big dreams,Netflix
Blade Runner: The Final Cut,"action & adventure, classic movies, cult movies",1982,blade runner the final cut,Netflix
Brave Animated Series,"international tv shows, tv action & adventure, tv comedies",2021,brave animated series,Netflix
Chappie,"action & adventure, sci-fi & fantasy",2015,chappie,Netflix
Clear and Present Danger,"action & adventure, dramas",1994,clear and present danger,Netflix
Cliffhanger,action & adventure,1993,cliffhanger,Netflix
Cold Mountain,"dramas, romantic movies",2003,cold mountain,Netflix
Crocodile Dundee in Los Angeles,"action & adventure, comedies",2001,crocodile dundee in los angeles,Netflix
Dear John,"dramas, romantic movies",2010,dear john,Netflix
Do the Right Thing,"classic movies, comedies, dramas",1989,do the right thing,Netflix
"El patrón, radiografía de un crimen","dramas, international movies, thrillers",2014,el patrn radiografa de un crimen,Netflix
Extraction,action & adventure,2015,extraction,Netflix
Freedom Writers,dramas,2007,freedom writers,Netflix
Green Lantern,"action & adventure, sci-fi & fantasy",2011,green lantern,Netflix
House Party,"comedies, cult movies",1990,house party,Netflix
House Party 2,"comedies, cult movies, music & musicals",1991,house party 2,Netflix
House Party 3,"comedies, music & musicals",1994,house party 3,Netflix
How to Be a Cowboy,reality tv,2021,how to be a cowboy,Netflix
HQ Barbers,tv shows,2020,hq barbers,Netflix
I Got the Hook Up,"action & adventure, comedies",1998,i got the hook up,Netflix
In Too Deep,thrillers,1999,in too deep,Netflix
Initial D,"action & adventure, international movies",2005,initial d,Netflix
Janoskians: Untold and Untrue,comedies,2016,janoskians untold and untrue,Netflix
Kid-E-Cats,kids' tv,2016,kidecats,Netflix
Kuroko's Basketball,"anime series, international tv shows, teen tv shows",2015,kurokos basketball,Netflix
Labyrinth,"action & adventure, children & family movies, cult movies",1986,labyrinth,Netflix
Letters to Juliet,"comedies, dramas, romantic movies",2010,letters to juliet,Netflix
Level 16,"sci-fi & fantasy, thrillers",2018,level 16,Netflix
Love Don't Cost a Thing,"comedies, romantic movies",2003,love dont cost a thing,Netflix
Love in a Puff,"comedies, dramas, international movies",2010,love in a puff,Netflix
Major Dad,tv comedies,1992,major dad,Netflix
Mars Attacks!,"comedies, cult movies, sci-fi & fantasy",1996,mars attacks,Netflix
Marshall,dramas,2017,marshall,Netflix
My Boss's Daughter,"comedies, romantic movies",2003,my bosss daughter,Netflix
Mystery Men,"action & adventure, comedies",1999,mystery men,Netflix
Oldsters,"crime tv shows, international tv shows, spanish-language tv shows",2019,oldsters,Netflix
Once Upon a Time in America,"classic movies, dramas",1984,once upon a time in america,Netflix
Open Season 2,"children & family movies, comedies",2008,open season 2,Netflix
Osmosis Jones,"action & adventure, children & family movies, comedies",2001,osmosis jones,Netflix
Poseidon,"action & adventure, dramas",2006,poseidon,Netflix
Rhyme & Reason,"documentaries, music & musicals",1997,rhyme  reason,Netflix
Same Kind of Different as Me,"dramas, faith & spirituality",2017,same kind of different as me,Netflix
School of Rock,"comedies, music & musicals",2003,school of rock,Netflix
Snervous Tyler Oakley,"documentaries, lgbtq movies",2015,snervous tyler oakley,Netflix
Tears of the Sun,"action & adventure, dramas",2003,tears of the sun,Netflix
The Blue Lagoon,"dramas, romantic movies",1980,the blue lagoon,Netflix
The Golden Child,"action & adventure, comedies",1986,the golden child,Netflix
The Guns of Navarone,"action & adventure, classic movies",1961,the guns of navarone,Netflix
The Interview,"action & adventure, comedies",2014,the interview,Netflix
The Nutty Professor,"comedies, romantic movies",1996,the nutty professor,Netflix
The Nutty Professor II: The Klumps,"comedies, romantic movies",2000,the nutty professor ii the klumps,Netflix
Turning Point: 9/11 and the War on Terror,docuseries,2021,turning point 911 and the war on terror,Netflix
Welcome Home Roscoe Jenkins,comedies,2008,welcome home roscoe jenkins,Netflix
In the Line of Fire,"action & adventure, classic movies",1993,in the line of fire,Netflix
Sparking Joy,reality tv,2021,sparking joy,Netflix
Untold: Crime & Penalties,"documentaries, sports movies",2021,untold crime  penalties,Netflix
Hometown Cha-Cha-Cha,"international tv shows, romantic tv shows, tv comedies",2021,hometown chachacha,Netflix
The Ingenuity of the Househusband,"international tv shows, tv comedies",2021,the ingenuity of the househusband,Netflix
2 Alone in Paris,"comedies, international movies",2008,2 alone in paris,Netflix
Bread Barbershop,"kids' tv, tv comedies",2020,bread barbershop,Netflix
Thimmarusu,"dramas, international movies",2021,thimmarusu,Netflix
Wind River,"dramas, independent movies",2017,wind river,Netflix
C Kkompany,"action & adventure, comedies, international movies",2008,c kkompany,Netflix
D.P.,"international tv shows, tv dramas",2021,dp,Netflix
Deadly Sins,"international tv shows, spanish-language tv shows, tv dramas",2002,deadly sins,Netflix
EMI: Liya Hai To Chukana Padega,"comedies, dramas, international movies",2008,emi liya hai to chukana padega,Netflix
He's All That,"comedies, romantic movies",2021,hes all that,Netflix
I Heart Arlo,"kids' tv, tv comedies",2021,i heart arlo,Netflix
King of Boys: The Return of the King,"crime tv shows, international tv shows, tv dramas",2021,king of boys the return of the king,Netflix
Koi Aap Sa,"comedies, dramas, international movies",2006,koi aap sa,Netflix
Krishna Cottage,"action & adventure, horror movies, international movies",2004,krishna cottage,Netflix
Kucch To Hai,"dramas, international movies, thrillers",2003,kucch to hai,Netflix
Kyaa Kool Hai Hum,"comedies, international movies, music & musicals",2005,kyaa kool hai hum,Netflix
Kyaa Kool Hain Hum 3,"comedies, international movies",2016,kyaa kool hain hum 3,Netflix
Kyaa Super Kool Hain Hum,"comedies, international movies",2012,kyaa super kool hain hum,Netflix
Kyo Kii... Main Jhuth Nahin Bolta,"comedies, international movies, sci-fi & fantasy",2001,kyo kii main jhuth nahin bolta,Netflix
"LSD: Love, Sex Aur Dhokha","dramas, independent movies, international movies",2010,lsd love sex aur dhokha,Netflix
Mission Istaanbul: Darr Ke Aagey Jeet Hai,"action & adventure, international movies, music & musicals",2008,mission istaanbul darr ke aagey jeet hai,Netflix
Once Upon a Time in Mumbaai,"dramas, international movies, music & musicals",2010,once upon a time in mumbaai,Netflix
Once Upon a Time in Mumbai Dobaara!,"dramas, international movies, music & musicals",2013,once upon a time in mumbai dobaara,Netflix
Ragini MMS,"horror movies, international movies",2011,ragini mms,Netflix
Ragini MMS 2,"horror movies, international movies",2014,ragini mms 2,Netflix
Rebellion,"international tv shows, tv dramas",2016,rebellion,Netflix
RIDE ON TIME,"docuseries, international tv shows",2021,ride on time,Netflix
SAS: Rise of the Black Swan,"action & adventure, international movies",2021,sas rise of the black swan,Netflix
Shootout at Lokhandwala,"action & adventure, dramas, international movies",2007,shootout at lokhandwala,Netflix
Shor In the City,"comedies, dramas, independent movies",2011,shor in the city,Netflix
The Dirty Picture,"comedies, dramas, international movies",2011,the dirty picture,Netflix
Titletown High,"reality tv, teen tv shows",2021,titletown high,Netflix
EDENS ZERO,"anime series, international tv shows",2021,edens zero,Netflix
Family Reunion,"kids' tv, tv comedies",2021,family reunion,Netflix
"Bob Ross: Happy Accidents, Betrayal & Greed",documentaries,2021,bob ross happy accidents betrayal  greed,Netflix
Clickbait,"crime tv shows, tv dramas, tv mysteries",2021,clickbait,Netflix
John of God: The Crimes of a Spiritual Healer,"crime tv shows, docuseries, international tv shows",2021,john of god the crimes of a spiritual healer,Netflix
Motel Makeover,"international tv shows, reality tv",2021,motel makeover,Netflix
Open Your Eyes,"international tv shows, tv dramas, tv mysteries",2021,open your eyes,Netflix
Post Mortem: No One Dies in Skarnes,"international tv shows, tv comedies, tv dramas",2021,post mortem no one dies in skarnes,Netflix
Really Love,"dramas, independent movies, romantic movies",2020,really love,Netflix
The November Man,action & adventure,2014,the november man,Netflix
The Old Ways,horror movies,2020,the old ways,Netflix
The River Runner,"documentaries, sports movies",2021,the river runner,Netflix
The Water Man,"children & family movies, dramas",2021,the water man,Netflix
Wheel of Fortune,reality tv,2019,wheel of fortune,Netflix
Count Me In,"documentaries, music & musicals",2021,count me in,Netflix
Oggy Oggy,"kids' tv, tv comedies",2021,oggy oggy,Netflix
Untold: Caitlyn Jenner,"documentaries, lgbtq movies, sports movies",2021,untold caitlyn jenner,Netflix
Boomika,"horror movies, international movies, thrillers",2021,boomika,Netflix
Boomika (Hindi),"horror movies, international movies, thrillers",2021,boomika hindi,Netflix
Boomika (Malayalam),"horror movies, international movies, thrillers",2021,boomika malayalam,Netflix
Boomika (Telugu),"horror movies, international movies, thrillers",2021,boomika telugu,Netflix
The Witcher: Nightmare of the Wolf,"action & adventure, anime features",2021,the witcher nightmare of the wolf,Netflix
Manifest,"tv dramas, tv mysteries, tv sci-fi & fantasy",2021,manifest,Netflix
Comedy Premium League,"international tv shows, tv comedies",2021,comedy premium league,Netflix
Everything Will Be Fine,"international tv shows, spanish-language tv shows, tv comedies",2021,everything will be fine,Netflix
Gunshot,"dramas, international movies, thrillers",2018,gunshot,Netflix
Korean Cold Noodle Rhapsody,"docuseries, international tv shows",2021,korean cold noodle rhapsody,Netflix
Man in Love,"dramas, international movies, romantic movies",2021,man in love,Netflix
Sweet Girl,"action & adventure, dramas",2021,sweet girl,Netflix
The Chair,"tv comedies, tv dramas",2021,the chair,Netflix
The Loud House Movie,"children & family movies, comedies, music & musicals",2021,the loud house movie,Netflix
A Faraway Land,"dramas, international movies, romantic movies",2020,a faraway land,Netflix
Like Crazy,"dramas, independent movies, romantic movies",2011,like crazy,Netflix
Black Island,"international movies, thrillers",2021,black island,Netflix
Bombay,"dramas, international movies, romantic movies",1995,bombay,Netflix
Go! Go! Cory Carson,kids' tv,2021,go go cory carson,Netflix
Memories of a Murderer: The Nilsen Tapes,"documentaries, international movies",2021,memories of a murderer the nilsen tapes,Netflix
Nneka The Pretty Serpent,"dramas, international movies",2020,nneka the pretty serpent,Netflix
O Kadhal Kanmani,"dramas, international movies, romantic movies",2015,o kadhal kanmani,Netflix
Out of my league,"comedies, dramas, international movies",2020,out of my league,Netflix
Pahuna,"comedies, dramas, international movies",2018,pahuna,Netflix
The Defeated,"crime tv shows, international tv shows, tv dramas",2020,the defeated,Netflix
The Secret Diary of an Exchange Student,"comedies, international movies, romantic movies",2021,the secret diary of an exchange student,Netflix
Untold: Deal With the Devil,"documentaries, lgbtq movies, sports movies",2021,untold deal with the devil,Netflix
Mother Goose Club,kids' tv,2016,mother goose club,Netflix
Walk of Shame,"comedies, independent movies",2014,walk of shame,Netflix
Rascal Does Not Dream of Bunny Girl Senpai,"anime series, international tv shows, romantic tv shows",2018,rascal does not dream of bunny girl senpai,Netflix
The Creative Indians,"docuseries, international tv shows",2020,the creative indians,Netflix
The Piano,"classic movies, dramas, independent movies",1993,the piano,Netflix
Unroyal,"dramas, international movies",2020,unroyal,Netflix
Winx Club,kids' tv,2015,winx club,Netflix
Beckett,action & adventure,2021,beckett,Netflix
Brand New Cherry Flavor,"tv dramas, tv horror, tv mysteries",2021,brand new cherry flavor,Netflix
Fast & Furious Spy Racers,kids' tv,2021,fast  furious spy racers,Netflix
Gone for Good,"crime tv shows, international tv shows, tv dramas",2021,gone for good,Netflix
Grace and Frankie,"tv comedies, tv dramas",2021,grace and frankie,Netflix
The Kingdom,"crime tv shows, international tv shows, spanish-language tv shows",2021,the kingdom,Netflix
Valeria,"international tv shows, romantic tv shows, spanish-language tv shows",2021,valeria,Netflix
AlRawabi School for Girls,"international tv shows, tv dramas, teen tv shows",2021,alrawabi school for girls,Netflix
Lokillo: Nothing's the Same,stand-up comedy,2021,lokillo nothings the same,Netflix
Monster Hunter: Legends of the Guild,"action & adventure, anime features, children & family movies",2021,monster hunter legends of the guild,Netflix
Bake Squad,reality tv,2021,bake squad,Netflix
Brother Jekwu,"comedies, international movies",2016,brother jekwu,Netflix
La diosa del asfalto,"dramas, independent movies, international movies",2020,la diosa del asfalto,Netflix
Misha and the Wolves,"documentaries, international movies",2021,misha and the wolves,Netflix
The Kissing Booth 3,"comedies, romantic movies",2021,the kissing booth 3,Netflix
The Railway Man,"dramas, international movies",2013,the railway man,Netflix
Gabby's Dollhouse,kids' tv,2021,gabbys dollhouse,Netflix
I Need Romance,"international tv shows, romantic tv shows, tv comedies",2021,i need romance,Netflix
Las muñecas de la mafia,"crime tv shows, international tv shows, spanish-language tv shows",2018,las muecas de la mafia,Netflix
The Crowned Clown,"international tv shows, romantic tv shows, tv dramas",2019,the crowned clown,Netflix
Untold: Malice at the Palace,"documentaries, sports movies",2021,untold malice at the palace,Netflix
SHAMAN KING,"anime series, international tv shows",2021,shaman king,Netflix
Quartet,"comedies, dramas, independent movies",2012,quartet,Netflix
Slay,"comedies, international movies, romantic movies",2021,slay,Netflix
Takizawa Kabuki ZERO 2020 The Movie,"international movies, music & musicals",2020,takizawa kabuki zero 2020 the movie,Netflix
The Paper Tigers,"action & adventure, comedies",2021,the paper tigers,Netflix
Hit & Run,"tv action & adventure, tv dramas, tv mysteries",2021,hit  run,Netflix
Navarasa,tv shows,2021,navarasa,Netflix
Quam's Money,"comedies, dramas, international movies",2020,quams money,Netflix
The Swarm,"horror movies, independent movies, international movies",2021,the swarm,Netflix
Vivo,"children & family movies, music & musicals",2021,vivo,Netflix
Chennai Express,"action & adventure, comedies, international movies",2013,chennai express,Netflix
City of God: 10 Years Later,"documentaries, international movies",2013,city of god 10 years later,Netflix
Esperando la carroza,"comedies, cult movies, international movies",1985,esperando la carroza,Netflix
Lady Boss: The Jackie Collins Story,documentaries,2021,lady boss the jackie collins story,Netflix
Tango Feroz,"classic movies, dramas, international movies",1993,tango feroz,Netflix
'76,"dramas, international movies",2016,76,Netflix
Aftermath,horror movies,2021,aftermath,Netflix
American Masters: Inventing David Geffen,movies,2012,american masters inventing david geffen,Netflix
Car Masters: Rust to Riches,reality tv,2021,car masters rust to riches,Netflix
Cocaine Cowboys: The Kings of Miami,"crime tv shows, docuseries",2021,cocaine cowboys the kings of miami,Netflix
Control Z,"international tv shows, spanish-language tv shows, tv dramas",2021,control z,Netflix
Cooking With Paris,reality tv,2021,cooking with paris,Netflix
Autumn's Concerto,"international tv shows, romantic tv shows, tv dramas",2009,autumns concerto,Netflix
Heavy,"dramas, independent movies, romantic movies",1995,heavy,Netflix
Ije: The Journey,"dramas, international movies",2010,ije the journey,Netflix
Office Girls,"international tv shows, romantic tv shows, tv comedies",2011,office girls,Netflix
Pray Away,"documentaries, lgbtq movies",2021,pray away,Netflix
Shiny_Flakes: The Teenage Drug Lord,"documentaries, international movies",2021,shinyflakes the teenage drug lord,Netflix
The Prince Who Turns into a Frog,"international tv shows, romantic tv shows, tv comedies",2005,the prince who turns into a frog,Netflix
Top Secret UFO Projects: Declassified,docuseries,2021,top secret ufo projects declassified,Netflix
Two Fathers,"international tv shows, romantic tv shows, tv comedies",2013,two fathers,Netflix
You're My Destiny,"international tv shows, romantic tv shows, tv comedies",2008,youre my destiny,Netflix
30 Rock,tv comedies,2012,30 rock,Netflix
44 Cats,kids' tv,2020,44 cats,Netflix
Beethoven,"children & family movies, comedies",1992,beethoven,Netflix
Beethoven's 2nd,"children & family movies, comedies",1993,beethovens 2nd,Netflix
Beowulf,"action & adventure, sci-fi & fantasy",2007,beowulf,Netflix
Boyka: Undisputed,action & adventure,2016,boyka undisputed,Netflix
Catch Me If You Can,dramas,2002,catch me if you can,Netflix
Cloudy with a Chance of Meatballs,"children & family movies, comedies, sci-fi & fantasy",2009,cloudy with a chance of meatballs,Netflix
Darwin’s Game,"anime series, international tv shows, tv thrillers",2020,darwins game,Netflix
Deep Blue Sea,"action & adventure, horror movies, sci-fi & fantasy",1999,deep blue sea,Netflix
Ferris Bueller's Day Off,"classic movies, comedies, cult movies",1986,ferris buellers day off,Netflix
Five Feet Apart,"dramas, romantic movies",2019,five feet apart,Netflix
Freedomland,"dramas, thrillers",2006,freedomland,Netflix
Friday Night Lights,"tv dramas, teen tv shows",2010,friday night lights,Netflix
Good Luck Chuck,"comedies, romantic movies",2007,good luck chuck,Netflix
Hunter X Hunter (2011),"anime series, international tv shows",2014,hunter x hunter,Netflix
I missed you: Director's Cut,"dramas, independent movies, international movies",2021,i missed you directors cut,Netflix
Inception,"action & adventure, sci-fi & fantasy, thrillers",2010,inception,Netflix
Magnolia,"dramas, independent movies",1999,magnolia,Netflix
Major Payne,comedies,1995,major payne,Netflix
My Girl,dramas,1991,my girl,Netflix
My Girl 2,"children & family movies, comedies, dramas",1994,my girl 2,Netflix
Open Season: Scared Silly,"children & family movies, comedies",2015,open season scared silly,Netflix
Pineapple Express,"action & adventure, comedies",2008,pineapple express,Netflix
Planet 51,"children & family movies, comedies, sci-fi & fantasy",2009,planet 51,Netflix
Poms,comedies,2019,poms,Netflix
Seabiscuit,"dramas, sports movies",2003,seabiscuit,Netflix
Space Cowboys,"action & adventure, dramas, sci-fi & fantasy",2000,space cowboys,Netflix
Team America: World Police,"action & adventure, comedies, cult movies",2004,team america world police,Netflix
The Edge of Seventeen,"comedies, dramas",2016,the edge of seventeen,Netflix
The Haunting in Connecticut 2: Ghosts of Georgia,horror movies,2013,the haunting in connecticut 2 ghosts of georgia,Netflix
The Last Boy Scout,"action & adventure, comedies",1991,the last boy scout,Netflix
The Lincoln Lawyer,"dramas, thrillers",2011,the lincoln lawyer,Netflix
The Losers,action & adventure,2010,the losers,Netflix
The Machinist,"dramas, independent movies, thrillers",2004,the machinist,Netflix
The Net,thrillers,1995,the net,Netflix
The Original Kings of Comedy,stand-up comedy,2000,the original kings of comedy,Netflix
Valentine's Day,"comedies, romantic movies",2010,valentines day,Netflix
Charmed,"tv dramas, tv sci-fi & fantasy",2021,charmed,Netflix
The Lost Café,"dramas, international movies",2018,the lost caf,Netflix
The Vault,"action & adventure, international movies, thrillers",2021,the vault,Netflix
Centaurworld,"kids' tv, tv comedies",2021,centaurworld,Netflix
Eyes of a Thief,"dramas, independent movies, international movies",2014,eyes of a thief,Netflix
Glow Up,"british tv shows, international tv shows, reality tv",2021,glow up,Netflix
I'm Glad I Did,"documentaries, international movies",2020,im glad i did,Netflix
Khawatir,"international tv shows, reality tv",2009,khawatir,Netflix
Myth & Mogul: John DeLorean,"british tv shows, crime tv shows, docuseries",2021,myth  mogul john delorean,Netflix
Outer Banks,"tv action & adventure, tv dramas, teen tv shows",2021,outer banks,Netflix
Pomegranates and Myrrh,"dramas, independent movies, international movies",2009,pomegranates and myrrh,Netflix
Rurouni Kenshin: The Beginning,"action & adventure, international movies",2021,rurouni kenshin the beginning,Netflix
The Last Mercenary,"action & adventure, comedies, international movies",2021,the last mercenary,Netflix
Flower Girl,"comedies, international movies, romantic movies",2013,flower girl,Netflix
Resort to Love,"comedies, romantic movies",2021,resort to love,Netflix
Transformers: War for Cybertron: Kingdom,anime series,2021,transformers war for cybertron kingdom,Netflix
Bartkowiak,"action & adventure, international movies",2021,bartkowiak,Netflix
Fantastic Fungi,documentaries,2019,fantastic fungi,Netflix
Tattoo Redo,reality tv,2021,tattoo redo,Netflix
The Flash,"crime tv shows, tv action & adventure, tv sci-fi & fantasy",2021,the flash,Netflix
The Snitch Cartel: Origins,"crime tv shows, international tv shows, spanish-language tv shows",2021,the snitch cartel origins,Netflix
All American,"tv dramas, teen tv shows",2021,all american,Netflix
Department,"action & adventure, international movies",2012,department,Netflix
Hostage House,thrillers,2021,hostage house,Netflix
How to Sell Drugs Online (Fast),"crime tv shows, international tv shows, tv comedies",2021,how to sell drugs online fast,Netflix
Mighty Express,kids' tv,2021,mighty express,Netflix
Mimi,"comedies, dramas, international movies",2021,mimi,Netflix
Plastic Cup Boyz: Laughing My Mask Off!,"stand-up comedy & talk shows, tv comedies",2021,plastic cup boyz laughing my mask off,Netflix
The Operative,"dramas, international movies, thrillers",2019,the operative,Netflix
The Walking Dead,"classic & cult tv, tv action & adventure, tv dramas",2019,the walking dead,Netflix
Wynonna Earp,"international tv shows, tv action & adventure, tv dramas",2020,wynonna earp,Netflix
Django Unchained,"action & adventure, dramas",2012,django unchained,Netflix
A Second Chance:  Rivals!,"children & family movies, sports movies",2021,a second chance  rivals,Netflix
African America,"dramas, independent movies, international movies",2021,african america,Netflix
Bankrolled,"comedies, international movies",2021,bankrolled,Netflix
Blood Red Sky,"action & adventure, horror movies, international movies",2021,blood red sky,Netflix
Feels Like Ishq,"international tv shows, romantic tv shows, tv comedies",2021,feels like ishq,Netflix
Kingdom: Ashin of the North,"horror movies, international movies, thrillers",2021,kingdom ashin of the north,Netflix
Masters of the Universe: Revelation,"tv action & adventure, tv sci-fi & fantasy",2021,masters of the universe revelation,Netflix
Revelations: The Masters of the Universe: Revelation Aftershow,"anime series, stand-up comedy & talk shows",2021,revelations the masters of the universe revelation aftershow,Netflix
Sky Rojo,"international tv shows, spanish-language tv shows, tv action & adventure",2021,sky rojo,Netflix
The Last Letter From Your Lover,"dramas, romantic movies",2021,the last letter from your lover,Netflix
The Movies That Made Us,docuseries,2021,the movies that made us,Netflix
9to5: The Story of a Movement,documentaries,2021,9to5 the story of a movement,Netflix
Chhota Bheem - Dinosaur World,children & family movies,2015,chhota bheem  dinosaur world,Netflix
Chhota Bheem - Neeli Pahaadi,children & family movies,2013,chhota bheem  neeli pahaadi,Netflix
Chhota Bheem & Ganesh,children & family movies,2009,chhota bheem  ganesh,Netflix
Chhota Bheem & Krishna: Mayanagari,children & family movies,2011,chhota bheem  krishna mayanagari,Netflix
Chhota Bheem & Krishna: Pataliputra- City of the Dead,children & family movies,2010,chhota bheem  krishna pataliputra city of the dead,Netflix
Chhota Bheem And The Broken Amulet,children & family movies,2013,chhota bheem and the broken amulet,Netflix
Chhota Bheem And The Crown of Valhalla,children & family movies,2013,chhota bheem and the crown of valhalla,Netflix
Chhota Bheem and the Incan Adventure,children & family movies,2013,chhota bheem and the incan adventure,Netflix
Chhota Bheem and The ShiNobi Secret,children & family movies,2013,chhota bheem and the shinobi secret,Netflix
Chhota Bheem Aur Hanuman,children & family movies,2012,chhota bheem aur hanuman,Netflix
Chhota Bheem aur Krishna,children & family movies,2009,chhota bheem aur krishna,Netflix
Chhota Bheem aur Krishna vs Zimbara,children & family movies,2013,chhota bheem aur krishna vs zimbara,Netflix
Chhota Bheem in African Safari,children & family movies,2015,chhota bheem in african safari,Netflix
Chhota Bheem Ka Roosi Romanch,children & family movies,2019,chhota bheem ka roosi romanch,Netflix
Chhota Bheem: Bheem vs Aliens,"children & family movies, sports movies",2010,chhota bheem bheem vs aliens,Netflix
Chhota Bheem: Dholakpur to Kathmandu,children & family movies,2012,chhota bheem dholakpur to kathmandu,Netflix
Chhota Bheem: Dus Pe Dus,children & family movies,2014,chhota bheem dus pe dus,Netflix
Chhota Bheem: Journey to Petra,children & family movies,2011,chhota bheem journey to petra,Netflix
Chhota Bheem: Master of Shaolin,children & family movies,2011,chhota bheem master of shaolin,Netflix
Chhota Bheem: The Rise of Kirmada,children & family movies,2012,chhota bheem the rise of kirmada,Netflix
Chicago Med,tv dramas,2019,chicago med,Netflix
Cousins,dramas,2021,cousins,Netflix
Wannabe Courageous,"comedies, international movies",2019,wannabe courageous,Netflix
Words Bubble Up Like Soda Pop,"anime features, children & family movies, international movies",2021,words bubble up like soda pop,Netflix
Sanitation Day,"dramas, international movies, thrillers",2020,sanitation day,Netflix
Sexy Beasts,"british tv shows, international tv shows, reality tv",2021,sexy beasts,Netflix
Too Hot to Handle: Brazil,"international tv shows, reality tv, romantic tv shows",2021,too hot to handle brazil,Netflix
Trollhunters: Rise of the Titans,children & family movies,2021,trollhunters rise of the titans,Netflix
Milkwater,"comedies, dramas, independent movies",2020,milkwater,Netflix
Okupas,"classic & cult tv, crime tv shows, international tv shows",2020,okupas,Netflix
Touch Your Heart,"crime tv shows, international tv shows, romantic tv shows",2019,touch your heart,Netflix
The Tambour of Retribution,"dramas, international movies, romantic movies",2021,the tambour of retribution,Netflix
Cosmic Sin,action & adventure,2021,cosmic sin,Netflix
2 Weeks in Lagos,"dramas, international movies, romantic movies",2020,2 weeks in lagos,Netflix
Deep,"dramas, international movies, thrillers",2021,deep,Netflix
Explained,"docuseries, science & nature tv",2021,explained,Netflix
Fear Street Part 3: 1666,"horror movies, lgbtq movies",2021,fear street part 3 1666,Netflix
Johnny Test,"kids' tv, tv comedies",2021,johnny test,Netflix
La ley de Herodes,"comedies, international movies",1999,la ley de herodes,Netflix
Naomi Osaka,docuseries,2021,naomi osaka,Netflix
The Beguiled,"dramas, independent movies, thrillers",2017,the beguiled,Netflix
The Book of Henry,dramas,2017,the book of henry,Netflix
The Twilight Saga: Breaking Dawn: Part 1,"dramas, romantic movies",2011,the twilight saga breaking dawn part 1,Netflix
The Twilight Saga: Breaking Dawn: Part 2,"dramas, romantic movies",2012,the twilight saga breaking dawn part 2,Netflix
The Twilight Saga: Eclipse,"dramas, romantic movies",2010,the twilight saga eclipse,Netflix
The Twilight Saga: New Moon,"dramas, romantic movies",2009,the twilight saga new moon,Netflix
Twilight,"action & adventure, dramas, romantic movies",2008,twilight,Netflix
A Perfect Fit,"comedies, dramas, international movies",2021,a perfect fit,Netflix
BEASTARS,"anime series, international tv shows",2021,beastars,Netflix
Cheech & Chong's Still Smokin,"comedies, cult movies",1983,cheech  chongs still smokin,Netflix
Emicida: AmarElo - Live in São Paulo,"documentaries, international movies, music & musicals",2021,emicida amarelo  live in so paulo,Netflix
Her Private Life,"international tv shows, romantic tv shows, tv comedies",2019,her private life,Netflix
Lift Like a Girl,"documentaries, international movies, sports movies",2021,lift like a girl,Netflix
My Amanda,"dramas, international movies, romantic movies",2021,my amanda,Netflix
Never Have I Ever,"tv comedies, tv dramas, teen tv shows",2021,never have i ever,Netflix
Surf's Up,"children & family movies, comedies, sports movies",2007,surfs up,Netflix
The Unknown Saint,"comedies, dramas, independent movies",2019,the unknown saint,Netflix
This Changes Everything,documentaries,2019,this changes everything,Netflix
A Classic Horror Story,"horror movies, international movies",2021,a classic horror story,Netflix
Gunpowder Milkshake,"action & adventure, comedies",2021,gunpowder milkshake,Netflix
Heist,"crime tv shows, docuseries",2021,heist,Netflix
My Unorthodox Life,reality tv,2021,my unorthodox life,Netflix
Private Network: Who Killed Manuel Buendía?,"documentaries, international movies",2021,private network who killed manuel buenda,Netflix
The Guide to the Perfect Family,"comedies, dramas, international movies",2021,the guide to the perfect family,Netflix
American Woman,"dramas, independent movies",2019,american woman,Netflix
Bridgerton - The Afterparty,movies,2021,bridgerton  the afterparty,Netflix
Day of Destiny,"children & family movies, dramas, international movies",2021,day of destiny,Netflix
Ridley Jones,kids' tv,2021,ridley jones,Netflix
Born to Play,"documentaries, sports movies",2020,born to play,Netflix
American Ultra,"action & adventure, comedies",2015,american ultra,Netflix
The Stand-Up,stand-up comedy,2019,the standup,Netflix
The Tour,"comedies, documentaries, international movies",2016,the tour,Netflix
Atypical,"tv comedies, tv dramas, teen tv shows",2021,atypical,Netflix
Biohackers,"international tv shows, tv dramas, tv sci-fi & fantasy",2021,biohackers,Netflix
Fear Street Part 2: 1978,horror movies,2021,fear street part 2 1978,Netflix
Finding Hubby,"comedies, dramas, international movies",2020,finding hubby,Netflix
How I Became a Superhero,"action & adventure, dramas, international movies",2021,how i became a superhero,Netflix
How to Become a Tyrant,docuseries,2021,how to become a tyrant,Netflix
Last Summer,"dramas, international movies, romantic movies",2021,last summer,Netflix
Lee Su-geun: The Sense Coach,stand-up comedy,2021,lee sugeun the sense coach,Netflix
Lethal Love,thrillers,2021,lethal love,Netflix
Ratchet and Clank,"children & family movies, comedies, sci-fi & fantasy",2016,ratchet and clank,Netflix
The Cook of Castamar,"international tv shows, romantic tv shows, spanish-language tv shows",2021,the cook of castamar,Netflix
Virgin River,"romantic tv shows, tv dramas",2021,virgin river,Netflix
Back to Q82,"comedies, international movies",2017,back to q82,Netflix
Elize Matsunaga: Once Upon a Crime,"crime tv shows, docuseries, international tv shows",2021,elize matsunaga once upon a crime,Netflix
Home Again,"comedies, dramas, romantic movies",2017,home again,Netflix
Midnight Sun,"dramas, romantic movies",2018,midnight sun,Netflix
RESIDENT EVIL: Infinite Darkness,"anime series, tv horror, tv thrillers",2021,resident evil infinite darkness,Netflix
Rock the Kasbah,"comedies, music & musicals",2015,rock the kasbah,Netflix
Awon Boyz,"documentaries, international movies",2019,awon boyz,Netflix
Brick Mansions,"action & adventure, international movies",2014,brick mansions,Netflix
Cat People,docuseries,2021,cat people,Netflix
Clash,"dramas, international movies",2020,clash,Netflix
Dogs,docuseries,2021,dogs,Netflix
Major Grom: Plague Doctor,"action & adventure, international movies",2021,major grom plague doctor,Netflix
Mama Drama,"dramas, international movies",2020,mama drama,Netflix
Tango With Me,"dramas, international movies, romantic movies",2010,tango with me,Netflix
The Mire,"crime tv shows, international tv shows, tv dramas",2021,the mire,Netflix
The War Next-door,"international tv shows, spanish-language tv shows, tv comedies",2021,the war nextdoor,Netflix
Therapy,"dramas, international movies",2020,therapy,Netflix
This Little Love Of Mine,"international movies, romantic movies",2021,this little love of mine,Netflix
Three Thieves,"comedies, international movies",2019,three thieves,Netflix
A Land Imagined,"dramas, international movies",2019,a land imagined,Netflix
Ask the StoryBots,kids' tv,2019,ask the storybots,Netflix
Between,"international tv shows, tv dramas, tv mysteries",2016,between,Netflix
Chelsea,"stand-up comedy & talk shows, tv comedies",2017,chelsea,Netflix
Code Lyoko,kids' tv,2007,code lyoko,Netflix
Colony,"tv action & adventure, tv dramas, tv sci-fi & fantasy",2018,colony,Netflix
Cuckoo,"british tv shows, international tv shows, tv comedies",2019,cuckoo,Netflix
Derry Girls,"british tv shows, international tv shows, tv comedies",2019,derry girls,Netflix
Girl from Nowhere,"international tv shows, tv dramas, tv mysteries",2021,girl from nowhere,Netflix
Good Morning Call,"international tv shows, romantic tv shows, tv comedies",2017,good morning call,Netflix
Har Kisse Ke Hisse: Kaamyaab,"dramas, international movies",2020,har kisse ke hisse kaamyaab,Netflix
I AM A KILLER,"british tv shows, crime tv shows, docuseries",2020,i am a killer,Netflix
I Think You Should Leave with Tim Robinson,tv comedies,2021,i think you should leave with tim robinson,Netflix
Kim's Convenience,"international tv shows, tv comedies",2021,kims convenience,Netflix
Larva,"kids' tv, korean tv shows, tv comedies",2015,larva,Netflix
Marcella,"british tv shows, crime tv shows, international tv shows",2019,marcella,Netflix
Midnight Diner: Tokyo Stories,"international tv shows, tv dramas",2019,midnight diner tokyo stories,Netflix
My Little Pony: Friendship Is Magic,kids' tv,2018,my little pony friendship is magic,Netflix
Orange Is the New Black,"tv comedies, tv dramas",2019,orange is the new black,Netflix
Puffin Rock,kids' tv,2016,puffin rock,Netflix
Rehmataan,"dramas, international movies, romantic movies",2012,rehmataan,Netflix
Return of the Prodigal Son,"dramas, international movies",1976,return of the prodigal son,Netflix
Richie Rich,"kids' tv, tv comedies",2015,richie rich,Netflix
Rise: Ini Kalilah,"dramas, international movies",2018,rise ini kalilah,Netflix
Scream,"crime tv shows, tv horror, tv mysteries",2019,scream,Netflix
Shtisel,"international tv shows, tv dramas",2021,shtisel,Netflix
Si Doel the Movie 2,"dramas, international movies",2019,si doel the movie 2,Netflix
Some Assembly Required,"kids' tv, tv comedies",2015,some assembly required,Netflix
Tales by Light,"docuseries, international tv shows, science & nature tv",2018,tales by light,Netflix
Terrace House: Opening New Doors,"international tv shows, reality tv",2018,terrace house opening new doors,Netflix
The A List,"british tv shows, international tv shows, tv dramas",2021,the a list,Netflix
The New Legends of Monkey,"kids' tv, tv action & adventure, tv sci-fi & fantasy",2020,the new legends of monkey,Netflix
The Worst Witch,"british tv shows, kids' tv",2020,the worst witch,Netflix
Truckbhar Swapna,"comedies, dramas, international movies",2018,truckbhar swapna,Netflix
Ujala,"dramas, international movies",1959,ujala,Netflix
Undercover,"crime tv shows, international tv shows, tv action & adventure",2020,undercover,Netflix
Workin' Moms,"international tv shows, tv comedies",2021,workin moms,Netflix
YooHoo to the Rescue,"kids' tv, korean tv shows",2020,yoohoo to the rescue,Netflix
You Are My Spring,"international tv shows, romantic tv shows, tv dramas",2021,you are my spring,Netflix
We the People,kids' tv,2021,we the people,Netflix
Grey's Anatomy,"romantic tv shows, tv dramas",2020,greys anatomy,Netflix
Big Timber,"international tv shows, reality tv",2020,big timber,Netflix
Fear Street Part 1: 1994,"horror movies, lgbtq movies",2021,fear street part 1 1994,Netflix
Haseen Dillruba,"international movies, romantic movies, thrillers",2021,haseen dillruba,Netflix
Holiday on Mars,"comedies, international movies",2020,holiday on mars,Netflix
Mortel,"crime tv shows, international tv shows, tv dramas",2019,mortel,Netflix
RattleSnake - The Ahanna Story,"dramas, international movies, thrillers",2020,rattlesnake  the ahanna story,Netflix
Snowpiercer,"action & adventure, cult movies, international movies",2013,snowpiercer,Netflix
The 8th Night,"horror movies, international movies, thrillers",2021,the 8th night,Netflix
Winchester,"horror movies, sci-fi & fantasy",2018,winchester,Netflix
6 Bullets,action & adventure,2012,6 bullets,Netflix
Air Force One,action & adventure,1997,air force one,Netflix
Audible,"documentaries, sports movies",2021,audible,Netflix
Austin Powers in Goldmember,"action & adventure, comedies",2002,austin powers in goldmember,Netflix
Austin Powers: International Man of Mystery,comedies,1997,austin powers international man of mystery,Netflix
Austin Powers: The Spy Who Shagged Me,"action & adventure, comedies, sci-fi & fantasy",1999,austin powers the spy who shagged me,Netflix
Boogie Nights,"comedies, dramas, independent movies",1997,boogie nights,Netflix
Bureau of Magical Things,"international tv shows, kids' tv, tv mysteries",2020,bureau of magical things,Netflix
Charlie's Angels,"action & adventure, comedies",2000,charlies angels,Netflix
Congo,"action & adventure, thrillers",1995,congo,Netflix
Dennis the Menace,"children & family movies, comedies",1993,dennis the menace,Netflix
Dreamy Eyes,"dramas, international movies, romantic movies",2019,dreamy eyes,Netflix
Dynasty Warriors,"action & adventure, international movies",2021,dynasty warriors,Netflix
Generation 56k,"international tv shows, romantic tv shows, tv comedies",2021,generation 56k,Netflix
Hampstead,"comedies, dramas, international movies",2019,hampstead,Netflix
Kung Fu Panda,"children & family movies, comedies",2008,kung fu panda,Netflix
Kung Fu Panda 2,"children & family movies, comedies",2011,kung fu panda 2,Netflix
Life as We Know It,"comedies, dramas, romantic movies",2010,life as we know it,Netflix
Mary Magdalene,"dramas, faith & spirituality, international movies",2019,mary magdalene,Netflix
Masameer County,"international tv shows, tv comedies",2021,masameer county,Netflix
Memoirs of a Geisha,"dramas, romantic movies",2005,memoirs of a geisha,Netflix
Midnight Run,"action & adventure, classic movies, comedies",1988,midnight run,Netflix
Mobile Suit Gundam Hathaway,"action & adventure, anime features, international movies",2021,mobile suit gundam hathaway,Netflix
Mortal Kombat,"action & adventure, sci-fi & fantasy",1995,mortal kombat,Netflix
Mother's Day,"comedies, dramas",2016,mothers day,Netflix
No Strings Attached,"comedies, romantic movies",2011,no strings attached,Netflix
Not Another Teen Movie,comedies,2001,not another teen movie,Netflix
Ophelia,"dramas, romantic movies",2018,ophelia,Netflix
Pet Sematary 2,horror movies,1992,pet sematary 2,Netflix
Quarantine Tales,"international tv shows, tv comedies, tv dramas",2020,quarantine tales,Netflix
Rainbow Rangers,kids' tv,2018,rainbow rangers,Netflix
Red Joan,"dramas, international movies",2019,red joan,Netflix
Sailor Moon Crystal,"anime series, kids' tv",2016,sailor moon crystal,Netflix
Seven Pounds,"dramas, romantic movies",2008,seven pounds,Netflix
She's Out of My League,"comedies, romantic movies",2010,shes out of my league,Netflix
Snow Day,"children & family movies, comedies",2000,snow day,Netflix
Star Trek,"action & adventure, sci-fi & fantasy",2009,star trek,Netflix
Stuart Little,"children & family movies, comedies",1999,stuart little,Netflix
Sword of Trust,"comedies, dramas, independent movies",2019,sword of trust,Netflix
Talladega Nights: The Ballad of Ricky Bobby,"action & adventure, comedies, sports movies",2006,talladega nights the ballad of ricky bobby,Netflix
The American,"dramas, thrillers",2010,the american,Netflix
The Best of Enemies,dramas,2019,the best of enemies,Netflix
The Game,thrillers,1997,the game,Netflix
The Karate Kid Part II,"action & adventure, children & family movies, dramas",1986,the karate kid part ii,Netflix
The Karate Kid Part III,"children & family movies, dramas",1989,the karate kid part iii,Netflix
The Life of David Gale,dramas,2003,the life of david gale,Netflix
The Long Riders,action & adventure,1980,the long riders,Netflix
The Queen,"dramas, international movies",2006,the queen,Netflix
The Strangers,"horror movies, thrillers",2008,the strangers,Netflix
The Sum of All Fears,action & adventure,2002,the sum of all fears,Netflix
The Tourist,"action & adventure, romantic movies",2010,the tourist,Netflix
Underworld,"action & adventure, horror movies, sci-fi & fantasy",2003,underworld,Netflix
Underworld: Awakening,"action & adventure, horror movies, sci-fi & fantasy",2012,underworld awakening,Netflix
Underworld: Rise of the Lycans,"action & adventure, horror movies, sci-fi & fantasy",2009,underworld rise of the lycans,Netflix
Voiceless,"dramas, international movies, thrillers",2020,voiceless,Netflix
What Dreams May Come,"dramas, romantic movies, sci-fi & fantasy",1998,what dreams may come,Netflix
Why Do Fools Fall in Love,"dramas, music & musicals, romantic movies",1998,why do fools fall in love,Netflix
Working Title,dramas,2019,working title,Netflix
Young Royals,"international tv shows, romantic tv shows, tv dramas",2021,young royals,Netflix
America: The Motion Picture,"action & adventure, comedies",2021,america the motion picture,Netflix
Deranged,"dramas, international movies",2020,deranged,Netflix
Droppin' Cash: Los Angeles,reality tv,2019,droppin cash los angeles,Netflix
Legend of Exorcism,"anime series, crime tv shows, international tv shows",2020,legend of exorcism,Netflix
Lying and Stealing,thrillers,2019,lying and stealing,Netflix
Mommy Issues,"comedies, dramas, international movies",2021,mommy issues,Netflix
Prime Time,"dramas, international movies, thrillers",2021,prime time,Netflix
Somos.,"crime tv shows, international tv shows, spanish-language tv shows",2021,somos,Netflix
Sophie: A Murder in West Cork,"british tv shows, crime tv shows, docuseries",2021,sophie a murder in west cork,Netflix
The Daily Life of the Immortal King,"anime series, international tv shows, teen tv shows",2020,the daily life of the immortal king,Netflix
StarBeam,kids' tv,2021,starbeam,Netflix
A Way Back Home,"dramas, international movies",2020,a way back home,Netflix
Killing Them Softly,dramas,2012,killing them softly,Netflix
The Seven Deadly Sins,"anime series, international tv shows",2021,the seven deadly sins,Netflix
Wanted,"comedies, international movies",2019,wanted,Netflix
Into the Wind,"dramas, independent movies, international movies",2018,into the wind,Netflix
Wonder Boy,"documentaries, international movies",2019,wonder boy,Netflix
Here Comes the Rain,"dramas, international movies",2010,here comes the rain,Netflix
The Ice Road,action & adventure,2021,the ice road,Netflix
Ray,"international tv shows, tv dramas, tv mysteries",2021,ray,Netflix
Sex/Life,"romantic tv shows, tv dramas",2021,sexlife,Netflix
Godzilla Singular Point,"anime series, international tv shows",2021,godzilla singular point,Netflix
Jiva!,"international tv shows, tv dramas",2021,jiva,Netflix
Sisters on Track,"documentaries, sports movies",2021,sisters on track,Netflix
The Naked Director,"international tv shows, tv dramas",2021,the naked director,Netflix
The Seventh Day,horror movies,2021,the seventh day,Netflix
Good on Paper,"comedies, romantic movies",2021,good on paper,Netflix
Murder by the Coast,"documentaries, international movies",2021,murder by the coast,Netflix
The House of Flowers: The Movie,"comedies, international movies, music & musicals",2021,the house of flowers the movie,Netflix
The Parisian Agency: Exclusive Properties,"international tv shows, reality tv",2021,the parisian agency exclusive properties,Netflix
Too Hot to Handle,"reality tv, romantic tv shows",2021,too hot to handle,Netflix
Broken,"dramas, international movies, romantic movies",2019,broken,Netflix
O Vendedor de Sonhos,"dramas, international movies",2016,o vendedor de sonhos,Netflix
Osuofia in London,"comedies, dramas, international movies",2003,osuofia in london,Netflix
Osuofia in London II,"comedies, dramas, international movies",2004,osuofia in london ii,Netflix
This Is Pop,"docuseries, international tv shows",2021,this is pop,Netflix
#Selfie,"comedies, dramas, international movies",2014,selfie,Netflix
#Selfie 69,"comedies, dramas, international movies",2016,selfie 69,Netflix
Love Is a Story,"international movies, music & musicals, romantic movies",2015,love is a story,Netflix
The Mole,"reality tv, tv action & adventure, tv mysteries",2001,the mole,Netflix
"Nevertheless,","international tv shows, romantic tv shows, tv dramas",2021,nevertheless,Netflix
Bangkok Love Stories: Innocence,"international tv shows, romantic tv shows, tv dramas",2018,bangkok love stories innocence,Netflix
Black Lightning,"tv action & adventure, tv dramas, tv sci-fi & fantasy",2021,black lightning,Netflix
Call My Agent!,"international tv shows, tv comedies, tv dramas",2018,call my agent,Netflix
Champions,tv comedies,2018,champions,Netflix
Charité at War,"international tv shows, tv dramas",2019,charit at war,Netflix
Cleo & Cuquin,kids' tv,2020,cleo  cuquin,Netflix
Deadwind,"crime tv shows, international tv shows, tv dramas",2020,deadwind,Netflix
Gameboys Level-Up Edition,"international tv shows, romantic tv shows, tv comedies",2020,gameboys levelup edition,Netflix
Glee,"tv comedies, tv dramas, teen tv shows",2015,glee,Netflix
Hap and Leonard,"crime tv shows, tv dramas",2018,hap and leonard,Netflix
Locked Up,"crime tv shows, international tv shows, spanish-language tv shows",2020,locked up,Netflix
Mobile Suit Gundam II: Soldiers of Sorrow,"action & adventure, anime features, international movies",1981,mobile suit gundam ii soldiers of sorrow,Netflix
Mobile Suit Gundam III: Encounters in Space,"action & adventure, anime features, international movies",1982,mobile suit gundam iii encounters in space,Netflix
Mobile Suit Gundam: Char's Counterattack,"action & adventure, anime features, international movies",1988,mobile suit gundam chars counterattack,Netflix
No Time for Shame,"international tv shows, reality tv, spanish-language tv shows",2019,no time for shame,Netflix
Pose,tv dramas,2019,pose,Netflix
REA(L)OVE,"international tv shows, reality tv, romantic tv shows",2018,realove,Netflix
Riverdale,"crime tv shows, tv dramas, tv mysteries",2019,riverdale,Netflix
Schitt's Creek,tv comedies,2020,schitts creek,Netflix
The Assassination of Gianni Versace,"crime tv shows, tv dramas, tv thrillers",2018,the assassination of gianni versace,Netflix
The Judgement,"crime tv shows, international tv shows, tv dramas",2018,the judgement,Netflix
The Last Dance,docuseries,2020,the last dance,Netflix
They've Gotta Have Us,"british tv shows, docuseries",2018,theyve gotta have us,Netflix
Why Are You Like This,"international tv shows, tv comedies",2021,why are you like this,Netflix
A Family,"dramas, international movies",2021,a family,Netflix
Elite,"crime tv shows, international tv shows, spanish-language tv shows",2021,elite,Netflix
Fatherhood,dramas,2021,fatherhood,Netflix
Hospital Playlist,"international tv shows, korean tv shows, tv comedies",2021,hospital playlist,Netflix
Jagame Thandhiram,"action & adventure, dramas, international movies",2021,jagame thandhiram,Netflix
Kambili: The Whole 30 Yards,"comedies, international movies, romantic movies",2020,kambili the whole 30 yards,Netflix
Mobile Suit Gundam I,"action & adventure, anime features, classic movies",1981,mobile suit gundam i,Netflix
Rurouni Kenshin: The Final,"action & adventure, international movies",2021,rurouni kenshin the final,Netflix
So Not Worth It,"international tv shows, tv comedies",2021,so not worth it,Netflix
The Rational Life,"international tv shows, romantic tv shows, tv dramas",2021,the rational life,Netflix
Ali & Ratu Ratu Queens,"comedies, dramas, international movies",2021,ali  ratu ratu queens,Netflix
Aziza,"comedies, dramas, independent movies",2019,aziza,Netflix
Besieged Bread,"dramas, international movies",2015,besieged bread,Netflix
Black Summer,"tv action & adventure, tv dramas, tv horror",2021,black summer,Netflix
Elite Short Stories: Carla Samuel,"international tv shows, romantic tv shows, spanish-language tv shows",2021,elite short stories carla samuel,Netflix
Fan Girl,"dramas, independent movies, international movies",2020,fan girl,Netflix
Katla,"international tv shows, tv dramas, tv mysteries",2021,katla,Netflix
Record of Ragnarok,"anime series, international tv shows",2021,record of ragnarok,Netflix
Red Snow,dramas,2019,red snow,Netflix
Silver Linings Playbook,"comedies, dramas, independent movies",2012,silver linings playbook,Netflix
The Gift,"international tv shows, tv dramas, tv mysteries",2021,the gift,Netflix
A Man For The Week End,"comedies, dramas, international movies",2018,a man for the week end,Netflix
Biking Borders,"documentaries, international movies, sports movies",2019,biking borders,Netflix
Elite Short Stories: Omar Ander Alexis,"international tv shows, spanish-language tv shows, tv dramas",2021,elite short stories omar ander alexis,Netflix
Let's Eat,"international tv shows, romantic tv shows, tv comedies",2021,lets eat,Netflix
Lowriders,"dramas, independent movies",2016,lowriders,Netflix
Millennials,"international tv shows, romantic tv shows, spanish-language tv shows",2020,millennials,Netflix
Penguin Town,"docuseries, science & nature tv",2021,penguin town,Netflix
Security,"dramas, international movies, thrillers",2021,security,Netflix
Silver Skates,"action & adventure, dramas, international movies",2020,silver skates,Netflix
Avengers Climate Conundrum,"kids' tv, tv comedies",2020,avengers climate conundrum,Netflix
Beyond Evil,"crime tv shows, international tv shows, tv thrillers",2021,beyond evil,Netflix
Elite Short Stories: Nadia Guzmán,"international tv shows, romantic tv shows, spanish-language tv shows",2021,elite short stories nadia guzmn,Netflix
FTA,documentaries,1972,fta,Netflix
Headspace: Unwind Your Mind,documentaries,2021,headspace unwind your mind,Netflix
Life of Crime,"comedies, independent movies",2013,life of crime,Netflix
Power Rangers Dino Fury,kids' tv,2021,power rangers dino fury,Netflix
Rhyme Time Town,kids' tv,2021,rhyme time town,Netflix
Rogue Warfare: Death of a Nation,action & adventure,2020,rogue warfare death of a nation,Netflix
Sir! No Sir!,documentaries,2005,sir no sir,Netflix
The American Bible Challenge,reality tv,2014,the american bible challenge,Netflix
The Reason I Jump,documentaries,2021,the reason i jump,Netflix
Elite Short Stories: Guzmán Caye Rebe,"international tv shows, spanish-language tv shows, tv dramas",2021,elite short stories guzmn caye rebe,Netflix
Metallica: Some Kind of Monster,tv shows,2014,metallica some kind of monster,Netflix
Picture a Scientist,documentaries,2020,picture a scientist,Netflix
The Devil Below,horror movies,2021,the devil below,Netflix
Bling Empire - The Afterparty,movies,2021,bling empire  the afterparty,Netflix
Cobra Kai - The Afterparty,movies,2021,cobra kai  the afterparty,Netflix
Love (ft. Marriage and Divorce),"international tv shows, tv dramas",2021,love ft marriage and divorce,Netflix
To All the Boys: Always and Forever - The Afterparty,movies,2021,to all the boys always and forever  the afterparty,Netflix
LEGO Friends: The Power of Friendship,kids' tv,2016,lego friends the power of friendship,Netflix
Lupin,"crime tv shows, international tv shows, tv action & adventure",2021,lupin,Netflix
Sarbath,"comedies, dramas, international movies",2021,sarbath,Netflix
Skater Girl,"children & family movies, dramas, international movies",2021,skater girl,Netflix
Trese,"anime series, crime tv shows, tv horror",2021,trese,Netflix
Trese After Dark,"anime features, documentaries",2021,trese after dark,Netflix
Wish Dragon,"children & family movies, comedies",2021,wish dragon,Netflix
A Haunted House 2,"comedies, horror movies",2014,a haunted house 2,Netflix
Blind Intersections,"dramas, international movies",2012,blind intersections,Netflix
Camellia Sisters,"dramas, international movies",2021,camellia sisters,Netflix
Copenhagen,"dramas, independent movies, romantic movies",2014,copenhagen,Netflix
Locombianos,"international tv shows, spanish-language tv shows, stand-up comedy & talk shows",2021,locombianos,Netflix
Until Midnight,"international movies, thrillers",2019,until midnight,Netflix
Awake,"dramas, thrillers",2021,awake,Netflix
Confusion Na Wa,"comedies, dramas, international movies",2013,confusion na wa,Netflix
"Fresh, Fried & Crispy",reality tv,2021,fresh fried  crispy,Netflix
L.A.’s Finest,"crime tv shows, tv action & adventure, tv comedies",2021,las finest,Netflix
Tragic Jungle,"dramas, independent movies, international movies",2021,tragic jungle,Netflix
Guru Aur Bhole,"kids' tv, tv comedies",2018,guru aur bhole,Netflix
Vampire Academy,"action & adventure, comedies, sci-fi & fantasy",2014,vampire academy,Netflix
"Newly Rich, Newly Poor","international tv shows, romantic tv shows, spanish-language tv shows",2007,newly rich newly poor,Netflix
A Private War,"dramas, independent movies",2018,a private war,Netflix
Kitty Love: An Homage to Cats,"children & family movies, documentaries, international movies",2021,kitty love an homage to cats,Netflix
Small Chops,"dramas, international movies, romantic movies",2020,small chops,Netflix
Breaking Boundaries: The Science Of Our Planet,documentaries,2021,breaking boundaries the science of our planet,Netflix
Feel Good,"romantic tv shows, tv comedies, tv dramas",2021,feel good,Netflix
Fireplace 4K: Classic Crackling Fireplace from Fireplace for Your Home,movies,2015,fireplace 4k classic crackling fireplace from fireplace for your home,Netflix
Fireplace 4K: Crackling Birchwood from Fireplace for Your Home,movies,2015,fireplace 4k crackling birchwood from fireplace for your home,Netflix
Human: The World Within,"docuseries, science & nature tv",2021,human the world within,Netflix
Sweet & Sour,"comedies, international movies, romantic movies",2021,sweet  sour,Netflix
Sweet Tooth,"tv action & adventure, tv dramas, tv sci-fi & fantasy",2021,sweet tooth,Netflix
Trippin' with the Kandasamys,"comedies, international movies, romantic movies",2021,trippin with the kandasamys,Netflix
Xtreme,"action & adventure, international movies",2021,xtreme,Netflix
Alan Saldaña: Locked Up,stand-up comedy,2021,alan saldaa locked up,Netflix
Creator's File: GOLD,"international tv shows, tv comedies",2021,creators file gold,Netflix
Dancing Queens,"comedies, dramas, international movies",2021,dancing queens,Netflix
From Stress to Happiness,"documentaries, international movies",2020,from stress to happiness,Netflix
Myriam Fares: The Journey,"documentaries, international movies, music & musicals",2021,myriam fares the journey,Netflix
Pretty Guardian Sailor Moon Eternal The Movie,tv shows,2021,pretty guardian sailor moon eternal the movie,Netflix
Summertime,"international tv shows, romantic tv shows, tv dramas",2021,summertime,Netflix
The Girl and the Gun,"dramas, international movies, thrillers",2019,the girl and the gun,Netflix
2 Hearts,"dramas, faith & spirituality, romantic movies",2020,2 hearts,Netflix
A Perfect Ending,"dramas, independent movies, lgbtq movies",2012,a perfect ending,Netflix
American Outlaws,action & adventure,2001,american outlaws,Netflix
And Then Came Lola,"comedies, independent movies, lgbtq movies",2009,and then came lola,Netflix
Attack on Titan,"anime series, international tv shows",2013,attack on titan,Netflix
Battlefield Earth,"action & adventure, cult movies, sci-fi & fantasy",2000,battlefield earth,Netflix
Ben & Holly's Little Kingdom,kids' tv,2019,ben  hollys little kingdom,Netflix
Black Holes | The Edge of All We Know,documentaries,2021,black holes  the edge of all we know,Netflix
Bliss,"dramas, romantic movies",1997,bliss,Netflix
Carnaval,"comedies, international movies, music & musicals",2021,carnaval,Netflix
Cloudburst,"comedies, dramas, independent movies",2011,cloudburst,Netflix
Cocomelon,kids' tv,2021,cocomelon,Netflix
Company of Heroes,"action & adventure, dramas",2013,company of heroes,Netflix
Cradle 2 the Grave,action & adventure,2003,cradle 2 the grave,Netflix
Domestic Disturbance,thrillers,2001,domestic disturbance,Netflix
Downton Abbey,"british tv shows, international tv shows, tv dramas",2015,downton abbey,Netflix
Dream/Killer,documentaries,2015,dreamkiller,Netflix
Felon,"action & adventure, dramas",2008,felon,Netflix
Flipped,"comedies, dramas, romantic movies",2010,flipped,Netflix
Fools Rush In,"comedies, romantic movies",1997,fools rush in,Netflix
Gold Statue,"comedies, dramas, international movies",2019,gold statue,Netflix
Happy Endings,tv comedies,2012,happy endings,Netflix
Hostel: Part III,"cult movies, horror movies",2011,hostel part iii,Netflix
I Am Sam,dramas,2001,i am sam,Netflix
Love Jones,"comedies, dramas, independent movies",1997,love jones,Netflix
Million Dollar Baby,"dramas, sports movies",2004,million dollar baby,Netflix
Mosquita y Mari,"dramas, independent movies, lgbtq movies",2012,mosquita y mari,Netflix
Never Back Down 2: The Beatdown,"action & adventure, dramas, sports movies",2011,never back down 2 the beatdown,Netflix
Ninja Assassin,action & adventure,2009,ninja assassin,Netflix
Ouran High School Host Club,"anime series, romantic tv shows, teen tv shows",2006,ouran high school host club,Netflix
Population 436,"horror movies, thrillers",2006,population 436,Netflix
Racket Boys,"international tv shows, tv comedies, tv dramas",2021,racket boys,Netflix
Seven Souls in the Skull Castle: Season Moon Jogen,"action & adventure, dramas, international movies",2017,seven souls in the skull castle season moon jogen,Netflix
Seven Souls in the Skull Castle: Season Moon Kagen,"action & adventure, dramas, international movies",2017,seven souls in the skull castle season moon kagen,Netflix
Sniper: Legacy,action & adventure,2014,sniper legacy,Netflix
Starsky & Hutch,"action & adventure, comedies",2004,starsky  hutch,Netflix
Streets of Fire,"action & adventure, classic movies, cult movies",1984,streets of fire,Netflix
Super Monsters: Once Upon a Rhyme,children & family movies,2021,super monsters once upon a rhyme,Netflix
Swordfish,action & adventure,2001,swordfish,Netflix
The Adventures of Sonic the Hedgehog,kids' tv,1993,the adventures of sonic the hedgehog,Netflix
The Four Seasons,"comedies, romantic movies",1981,the four seasons,Netflix
The Girl King,"dramas, international movies, lgbtq movies",2015,the girl king,Netflix
The Interpreter,thrillers,2005,the interpreter,Netflix
The Meddler,"comedies, dramas, independent movies",2015,the meddler,Netflix
The Mirror Has Two Faces,"comedies, dramas, romantic movies",1996,the mirror has two faces,Netflix
The Outlaw Josey Wales,"action & adventure, classic movies",1976,the outlaw josey wales,Netflix
The Platform,"international tv shows, tv dramas, tv mysteries",2021,the platform,Netflix
The Wedding Guest,"dramas, romantic movies, thrillers",2018,the wedding guest,Netflix
The Wind,horror movies,2019,the wind,Netflix
Then Came You,"comedies, dramas, independent movies",2019,then came you,Netflix
Welcome Home,thrillers,2018,welcome home,Netflix
Dirty John,"crime tv shows, tv dramas, tv mysteries",2020,dirty john,Netflix
Bo Burnham: Inside,stand-up comedy,2021,bo burnham inside,Netflix
One Lagos Night,"comedies, international movies",2021,one lagos night,Netflix
Collateral Beauty,dramas,2016,collateral beauty,Netflix
Dog Gone Trouble,"children & family movies, comedies",2021,dog gone trouble,Netflix
The Kominsky Method,"tv comedies, tv dramas",2021,the kominsky method,Netflix
The Least Expected Day: Inside the Movistar Team 2019,"docuseries, international tv shows, spanish-language tv shows",2021,the least expected day inside the movistar team 2019,Netflix
Word of Honor,"international tv shows, tv action & adventure, tv dramas",2021,word of honor,Netflix
Black Space,"crime tv shows, international tv shows, tv dramas",2021,black space,Netflix
Blue Miracle,"children & family movies, dramas, faith & spirituality",2021,blue miracle,Netflix
Eden,"anime series, international tv shows",2021,eden,Netflix
Ghost Lab,"horror movies, international movies, thrillers",2021,ghost lab,Netflix
Ragnarok,"international tv shows, tv action & adventure, tv dramas",2021,ragnarok,Netflix
Soy Rada: Serendipity,stand-up comedy,2021,soy rada serendipity,Netflix
The Day I lost My Shadow,"dramas, independent movies, international movies",2018,the day i lost my shadow,Netflix
Baggio: The Divine Ponytail,"dramas, international movies, sports movies",2021,baggio the divine ponytail,Netflix
Gatao - The Last Stray,"action & adventure, dramas, international movies",2021,gatao  the last stray,Netflix
High on the Hog: How African American Cuisine Transformed America,docuseries,2021,high on the hog how african american cuisine transformed america,Netflix
JoJo's Bizarre Adventure,"anime series, international tv shows",2016,jojos bizarre adventure,Netflix
Nail Bomber: Manhunt,"documentaries, international movies",2021,nail bomber manhunt,Netflix
A Place in the Stars,"dramas, international movies, thrillers",2014,a place in the stars,Netflix
Home,"children & family movies, comedies, sci-fi & fantasy",2015,home,Netflix
Mad for Each Other,"international tv shows, romantic tv shows, tv comedies",2021,mad for each other,Netflix
Master of None,"tv comedies, tv dramas",2021,master of none,Netflix
Sam Smith: Love Goes - Live at Abbey Road Studios,"international movies, music & musicals",2020,sam smith love goes  live at abbey road studios,Netflix
99 Songs,"dramas, international movies, music & musicals",2021,99 songs,Netflix
99 Songs (Tamil),"dramas, international movies, music & musicals",2021,99 songs tamil,Netflix
99 Songs (Telugu),"dramas, international movies, music & musicals",2021,99 songs telugu,Netflix
Army of the Dead,"action & adventure, horror movies",2021,army of the dead,Netflix
Creating an Army of the Dead,documentaries,2021,creating an army of the dead,Netflix
Jurassic World Camp Cretaceous,"kids' tv, tv action & adventure, tv sci-fi & fantasy",2021,jurassic world camp cretaceous,Netflix
Strain,"dramas, international movies",2020,strain,Netflix
The Neighbor,"international tv shows, spanish-language tv shows, tv comedies",2021,the neighbor,Netflix
678,"dramas, independent movies, international movies",2009,678,Netflix
Asmaa,"dramas, international movies",2011,asmaa,Netflix
Hating Peter Tatchell,"documentaries, international movies, lgbtq movies",2020,hating peter tatchell,Netflix
Little Singham Future mein Satakli,"children & family movies, comedies",2021,little singham future mein satakli,Netflix
Special,tv comedies,2021,special,Netflix
Spy Kids: All the Time in the World,"children & family movies, comedies",2011,spy kids all the time in the world,Netflix
Taxi No. 9211,"dramas, international movies, thrillers",2006,taxi no 9211,Netflix
Sabotage,"action & adventure, dramas",2014,sabotage,Netflix
Small Town Crime,thrillers,2017,small town crime,Netflix
The Last Days,documentaries,1998,the last days,Netflix
The Magic School Bus,kids' tv,1997,the magic school bus,Netflix
Who Killed Sara?,"crime tv shows, international tv shows, spanish-language tv shows",2021,who killed sara,Netflix
Amy Tan: Unintended Memoir,documentaries,2021,amy tan unintended memoir,Netflix
Sardar Ka Grandson,"comedies, dramas, international movies",2021,sardar ka grandson,Netflix
Sleight,"dramas, independent movies, sci-fi & fantasy",2016,sleight,Netflix
Ahaan,"dramas, independent movies, international movies",2021,ahaan,Netflix
Booba: Food Puzzle,kids' tv,2021,booba food puzzle,Netflix
Love or Money,"dramas, international movies, romantic movies",2020,love or money,Netflix
Alma Matters,"docuseries, international tv shows",2021,alma matters,Netflix
Cinema Bandi,"comedies, independent movies, international movies",2021,cinema bandi,Netflix
Ferry,"dramas, international movies, thrillers",2021,ferry,Netflix
Halston,tv dramas,2021,halston,Netflix
Haunted,"reality tv, tv horror, tv thrillers",2021,haunted,Netflix
I Am All Girls,"dramas, international movies, thrillers",2021,i am all girls,Netflix
Jungle Beat: The Movie,"children & family movies, comedies",2021,jungle beat the movie,Netflix
"Love, Death & Robots","tv action & adventure, tv horror, tv sci-fi & fantasy",2021,love death  robots,Netflix
Move to Heaven,"international tv shows, tv dramas",2021,move to heaven,Netflix
Table Manners,"comedies, dramas, international movies",2018,table manners,Netflix
The Mystic River,"international tv shows, tv horror, tv sci-fi & fantasy",2020,the mystic river,Netflix
The Strange House,"horror movies, international movies, thrillers",2020,the strange house,Netflix
The Upshaws - The Afterparty,comedies,2021,the upshaws  the afterparty,Netflix
The Woman in the Window,"dramas, thrillers",2021,the woman in the window,Netflix
Castlevania,"anime series, tv horror, tv thrillers",2021,castlevania,Netflix
Layer Cake,"independent movies, international movies, thrillers",2004,layer cake,Netflix
Tottaa Pataaka Item Maal,"dramas, independent movies, international movies",2018,tottaa pataaka item maal,Netflix
Wave of Cinema: Filosofi Kopi,"documentaries, international movies, music & musicals",2020,wave of cinema filosofi kopi,Netflix
Dance of the Forty One,"dramas, independent movies, international movies",2021,dance of the forty one,Netflix
Oxygen,"dramas, international movies, thrillers",2021,oxygen,Netflix
The Upshaws,tv comedies,2021,the upshaws,Netflix
Use For My Talent,"international tv shows, romantic tv shows, tv comedies",2021,use for my talent,Netflix
Dear Affy,"comedies, dramas, international movies",2020,dear affy,Netflix
Illegal Woman,"dramas, international movies",2020,illegal woman,Netflix
"Money, Explained",docuseries,2021,money explained,Netflix
Deadly Switch,"independent movies, thrillers",2019,deadly switch,Netflix
Mine,"international tv shows, tv dramas",2021,mine,Netflix
Nayattu,"dramas, international movies, thrillers",2021,nayattu,Netflix
Sleepless,action & adventure,2017,sleepless,Netflix
Super Me,"action & adventure, dramas, international movies",2021,super me,Netflix
Have You Ever Seen Fireflies? - Theatre Play,"dramas, international movies",1999,have you ever seen fireflies  theatre play,Netflix
In Our Mothers' Gardens,documentaries,2020,in our mothers gardens,Netflix
Jupiter's Legacy,"tv action & adventure, tv sci-fi & fantasy",2021,jupiters legacy,Netflix
Milestone,"dramas, independent movies, international movies",2021,milestone,Netflix
Monster,dramas,2021,monster,Netflix
Sab Jholmaal Hai,"kids' tv, tv comedies",2017,sab jholmaal hai,Netflix
The Circle - The Afterparty,comedies,2021,the circle  the afterparty,Netflix
Time to Dance,"dramas, international movies, romantic movies",2020,time to dance,Netflix
Unrest,documentaries,2017,unrest,Netflix
And Tomorrow the Entire World,"dramas, international movies, thrillers",2020,and tomorrow the entire world,Netflix
Dead Man Down,action & adventure,2013,dead man down,Netflix
Framing John DeLorean,"documentaries, dramas",2019,framing john delorean,Netflix
Lava Ka Dhaava,reality tv,2021,lava ka dhaava,Netflix
The Sons of Sam: A Descent into Darkness,"crime tv shows, docuseries",2021,the sons of sam a descent into darkness,Netflix
Selena: The Series,tv dramas,2020,selena the series,Netflix
StartUp,"crime tv shows, tv dramas",2018,startup,Netflix
The Clovehitch Killer,"dramas, independent movies, thrillers",2018,the clovehitch killer,Netflix
Trash Truck,kids' tv,2021,trash truck,Netflix
Aliens Stole My Body,"children & family movies, comedies",2020,aliens stole my body,Netflix
Angelina Ballerina,"british tv shows, kids' tv",2010,angelina ballerina,Netflix
Au coeur des gangs,"action & adventure, dramas",2006,au coeur des gangs,Netflix
Barney and Friends,kids' tv,2010,barney and friends,Netflix
Best of the Best,"action & adventure, sports movies",1989,best of the best,Netflix
Dead Again in Tombstone,"action & adventure, horror movies",2017,dead again in tombstone,Netflix
Due Date,"action & adventure, comedies",2010,due date,Netflix
Fun with Dick & Jane,comedies,2005,fun with dick  jane,Netflix
Green Zone,action & adventure,2010,green zone,Netflix
Hachi: A Dog's Tale,"children & family movies, dramas",2009,hachi a dogs tale,Netflix
JT LeRoy,"dramas, independent movies",2018,jt leroy,Netflix
Madagascar 3: Europe's Most Wanted,"children & family movies, comedies",2012,madagascar 3 europes most wanted,Netflix
Miniforce: Super Dino Power,kids' tv,2020,miniforce super dino power,Netflix
Motu Patlu in Dragon's World,"children & family movies, comedies",2017,motu patlu in dragons world,Netflix
Motu Patlu in the Game of Zones,"children & family movies, comedies, music & musicals",2019,motu patlu in the game of zones,Netflix
Motu Patlu in Wonderland,"children & family movies, music & musicals",2013,motu patlu in wonderland,Netflix
Motu Patlu: Deep Sea Adventure,"children & family movies, comedies",2014,motu patlu deep sea adventure,Netflix
Motu Patlu: Mission Moon,"children & family movies, comedies",2013,motu patlu mission moon,Netflix
Mystic River,"dramas, thrillers",2003,mystic river,Netflix
Never Back Down,"action & adventure, dramas, sports movies",2008,never back down,Netflix
S.M.A.R.T Chase,action & adventure,2018,smart chase,Netflix
Sitting in Limbo,"dramas, international movies",2020,sitting in limbo,Netflix
Stargate,"action & adventure, sci-fi & fantasy",1994,stargate,Netflix
State of Play,"dramas, thrillers",2009,state of play,Netflix
Swiped,comedies,2018,swiped,Netflix
The Darkest Hour,"action & adventure, sci-fi & fantasy",2011,the darkest hour,Netflix
The Lovely Bones,"dramas, international movies, sci-fi & fantasy",2009,the lovely bones,Netflix
The Sweetest Thing,"comedies, romantic movies",2002,the sweetest thing,Netflix
The Whole Nine Yards,"action & adventure, comedies",2000,the whole nine yards,Netflix
The Whole Truth,"dramas, thrillers",2016,the whole truth,Netflix
The Yeti Adventures,"children & family movies, comedies",2018,the yeti adventures,Netflix
Under Siege,action & adventure,1992,under siege,Netflix
Zack and Miri Make a Porno,"comedies, independent movies, romantic movies",2008,zack and miri make a porno,Netflix
Pet Stars,reality tv,2021,pet stars,Netflix
Seven,"dramas, international movies",2019,seven,Netflix
The Disciple,"dramas, independent movies, international movies",2021,the disciple,Netflix
The Innocent,"crime tv shows, international tv shows, spanish-language tv shows",2021,the innocent,Netflix
The Mitchells vs. The Machines,"children & family movies, comedies",2021,the mitchells vs the machines,Netflix
The Strangers: Prey at Night,horror movies,2018,the strangers prey at night,Netflix
The Unremarkable Juanquini,"international tv shows, spanish-language tv shows, tv comedies",2021,the unremarkable juanquini,Netflix
Things Heard & Seen,"horror movies, thrillers",2021,things heard  seen,Netflix
Yasuke,"anime series, international tv shows",2021,yasuke,Netflix
Get the Grift,"comedies, international movies",2021,get the grift,Netflix
Headspace Guide to Sleep,"docuseries, science & nature tv",2021,headspace guide to sleep,Netflix
Sexify,"international tv shows, tv comedies, tv dramas",2021,sexify,Netflix
August: Osage County,dramas,2014,august osage county,Netflix
Battle: Los Angeles,"action & adventure, sci-fi & fantasy",2011,battle los angeles,Netflix
Between Worlds,thrillers,2018,between worlds,Netflix
Fatma,"international tv shows, tv dramas, tv thrillers",2021,fatma,Netflix
One,"dramas, international movies",2020,one,Netflix
Ram Prasad Ki Tehrvi,"dramas, independent movies, international movies",2019,ram prasad ki tehrvi,Netflix
Shadow and Bone - The Afterparty,"action & adventure, comedies, dramas",2021,shadow and bone  the afterparty,Netflix
Among Family,"comedies, international movies",2017,among family,Netflix
Dedemin Fisi,"comedies, international movies",2016,dedemin fisi,Netflix
Deliha,"comedies, international movies, romantic movies",2014,deliha,Netflix
Düğün Dernek,"comedies, international movies",2013,dn dernek,Netflix
Dügün Dernek 2: Sünnet,"comedies, international movies",2015,dgn dernek 2 snnet,Netflix
G.O.R.A,"action & adventure, comedies, international movies",2004,gora,Netflix
Hayat Öpücügü,"comedies, dramas, international movies",2015,hayat pcg,Netflix
Heroes: Silence and Rock & Roll,"documentaries, international movies, music & musicals",2021,heroes silence and rock  roll,Netflix
Kara Bela,"comedies, international movies",2015,kara bela,Netflix
Kocan Kadar Konus,"comedies, international movies, romantic movies",2015,kocan kadar konus,Netflix
Kocan Kadar Konus 2: Dirilis,"comedies, international movies, romantic movies",2016,kocan kadar konus 2 dirilis,Netflix
Legal Hash,"comedies, international movies",2019,legal hash,Netflix
Let's Fight Ghost,"international tv shows, romantic tv shows, tv comedies",2021,lets fight ghost,Netflix
My Travel Buddy,"comedies, international movies",2017,my travel buddy,Netflix
Niyazi Gül Dörtnala,"comedies, international movies",2015,niyazi gl drtnala,Netflix
One Like It,"dramas, independent movies, international movies",2020,one like it,Netflix
Perfume Imaginary Museum “Time Warp”,"international movies, music & musicals",2020,perfume imaginary museum time warp,Netflix
Shadow and Bone,"tv action & adventure, tv dramas, tv sci-fi & fantasy",2021,shadow and bone,Netflix
This Lady Called Life,"dramas, international movies, romantic movies",2020,this lady called life,Netflix
Vizontele,"comedies, dramas, international movies",2001,vizontele,Netflix
HOMUNCULUS,"horror movies, international movies, thrillers",2021,homunculus,Netflix
Life in Color with David Attenborough,"british tv shows, docuseries, international tv shows",2021,life in color with david attenborough,Netflix
Searching For Sheela,"documentaries, international movies",2021,searching for sheela,Netflix
Stowaway,"dramas, international movies, thrillers",2021,stowaway,Netflix
Wild Dog,"action & adventure, international movies",2020,wild dog,Netflix
Oloibiri,"dramas, international movies, thrillers",2015,oloibiri,Netflix
Tell Me When,"comedies, international movies",2021,tell me when,Netflix
Zero,"international tv shows, tv comedies, tv dramas",2021,zero,Netflix
Izzy's Koala World,kids' tv,2021,izzys koala world,Netflix
Keymon and Nani in Space Adventure,"children & family movies, comedies",2013,keymon and nani in space adventure,Netflix
Motu Patlu Dino Invasion,"children & family movies, comedies",2018,motu patlu dino invasion,Netflix
Motu Patlu in Octupus World,"children & family movies, comedies",2017,motu patlu in octupus world,Netflix
Motu Patlu VS Robo Kids,children & family movies,2019,motu patlu vs robo kids,Netflix
Rudra: Secret of the Black Moon,children & family movies,2020,rudra secret of the black moon,Netflix
Rudra: The Rise of King Pharaoh,children & family movies,2019,rudra the rise of king pharaoh,Netflix
Free to Play,documentaries,2014,free to play,Netflix
Luis Miguel - The Series,"international tv shows, spanish-language tv shows, tv dramas",2021,luis miguel  the series,Netflix
Miss Sloane,thrillers,2016,miss sloane,Netflix
PJ Masks,kids' tv,2019,pj masks,Netflix
American Me,dramas,1992,american me,Netflix
Delhi Belly,"action & adventure, comedies, international movies",2011,delhi belly,Netflix
Dhobi Ghat (Mumbai Diaries),"dramas, international movies",2010,dhobi ghat mumbai diaries,Netflix
Jaane Tu... Ya Jaane Na,"comedies, international movies, music & musicals",2008,jaane tu ya jaane na,Netflix
Lagaan,"dramas, international movies, music & musicals",2001,lagaan,Netflix
Madness in the Desert,"documentaries, international movies",2004,madness in the desert,Netflix
Peepli Live,"comedies, dramas, independent movies",2010,peepli live,Netflix
Taare Zameen Par,"dramas, international movies",2007,taare zameen par,Netflix
Ajeeb Daastaans,"dramas, independent movies, international movies",2021,ajeeb daastaans,Netflix
Arlo the Alligator Boy,"children & family movies, comedies, music & musicals",2021,arlo the alligator boy,Netflix
Bakugan: Geogan Rising,"anime series, kids' tv",2021,bakugan geogan rising,Netflix
Barbie & Chelsea: The Lost Birthday,children & family movies,2021,barbie  chelsea the lost birthday,Netflix
Crimson Peak,"horror movies, romantic movies, sci-fi & fantasy",2015,crimson peak,Netflix
Dad Stop Embarrassing Me - The Afterparty,comedies,2021,dad stop embarrassing me  the afterparty,Netflix
Doctor Bello,"dramas, international movies",2013,doctor bello,Netflix
Four Sisters Before the Wedding,"children & family movies, comedies, dramas",2020,four sisters before the wedding,Netflix
Into the Beat,"dramas, international movies, romantic movies",2020,into the beat,Netflix
Love Naggers,"international tv shows, stand-up comedy & talk shows",2021,love naggers,Netflix
Rush,"action & adventure, dramas, international movies",2013,rush,Netflix
Synchronic,thrillers,2020,synchronic,Netflix
The Zookeeper's Wife,dramas,2017,the zookeepers wife,Netflix
Time Trap,"action & adventure, sci-fi & fantasy",2017,time trap,Netflix
Tuesdays & Fridays,"comedies, dramas, international movies",2021,tuesdays  fridays,Netflix
Dancing Angels,"international tv shows, romantic tv shows, tv comedies",2016,dancing angels,Netflix
Dark City Beneath the Beat,"documentaries, music & musicals",2020,dark city beneath the beat,Netflix
Durarara!!,"anime series, crime tv shows, international tv shows",2016,durarara,Netflix
GANTZ:O,"action & adventure, anime features, horror movies",2016,gantzo,Netflix
Garth Brooks: The Road I’m On,docuseries,2019,garth brooks the road im on,Netflix
Gilmore Girls,"romantic tv shows, tv comedies, tv dramas",2006,gilmore girls,Netflix
High-Rise Invasion,"anime series, international tv shows, tv thrillers",2021,highrise invasion,Netflix
Next in Fashion,reality tv,2020,next in fashion,Netflix
Only Mine,thrillers,2019,only mine,Netflix
Peasants Rebellion,"international tv shows, tv dramas",2018,peasants rebellion,Netflix
Power Players,kids' tv,2020,power players,Netflix
Ricky Zoom,"british tv shows, kids' tv",2019,ricky zoom,Netflix
Ride or Die,"dramas, international movies, lgbtq movies",2021,ride or die,Netflix
Sonic X,"anime series, kids' tv",2003,sonic x,Netflix
The Master,"dramas, independent movies",2012,the master,Netflix
Time Is Illmatic,"documentaries, music & musicals",2014,time is illmatic,Netflix
Wave of Cinema: One Day We'll Talk About Today,"documentaries, international movies, music & musicals",2020,wave of cinema one day well talk about today,Netflix
Zoot Suit,"cult movies, dramas, music & musicals",1981,zoot suit,Netflix
Ajaibnya Cinta,"international tv shows, tv dramas",2015,ajaibnya cinta,Netflix
Dad Stop Embarrassing Me!,tv comedies,2021,dad stop embarrassing me,Netflix
Fate: The Winx Saga,"british tv shows, international tv shows, tv dramas",2021,fate the winx saga,Netflix
House of Cards,"tv dramas, tv thrillers",2018,house of cards,Netflix
Indian Matchmaking,"reality tv, romantic tv shows",2020,indian matchmaking,Netflix
Jeffrey Epstein: Filthy Rich,"crime tv shows, docuseries",2020,jeffrey epstein filthy rich,Netflix
Law School,"crime tv shows, international tv shows, tv dramas",2021,law school,Netflix
Living with Yourself,"tv comedies, tv dramas",2019,living with yourself,Netflix
Signal,"crime tv shows, international tv shows, korean tv shows",2016,signal,Netflix
Slasher,"tv horror, tv mysteries, tv thrillers",2019,slasher,Netflix
The Soul,"dramas, international movies, thrillers",2021,the soul,Netflix
The Underclass,"international tv shows, tv dramas, teen tv shows",2020,the underclass,Netflix
Unnatural Selection,"docuseries, science & nature tv",2019,unnatural selection,Netflix
Uppena,"dramas, international movies, romantic movies",2020,uppena,Netflix
Why Did You Kill Me?,documentaries,2021,why did you kill me,Netflix
Motu Patlu in Hong Kong: Kung Fu Kings 3,"children & family movies, music & musicals",2017,motu patlu in hong kong kung fu kings 3,Netflix
Motu Patlu in the City of Gold,"children & family movies, comedies, music & musicals",2018,motu patlu in the city of gold,Netflix
Motu Patlu Kung Fu Kings 4 The Challenge of Kung Fu Brothers,"children & family movies, music & musicals",2018,motu patlu kung fu kings 4 the challenge of kung fu brothers,Netflix
Motu Patlu the Superheroes – Super Villains from Mars,children & family movies,2019,motu patlu the superheroes  super villains from mars,Netflix
My Love: Six Stories of True Love,docuseries,2021,my love six stories of true love,Netflix
Shiva VS Autobots,children & family movies,2018,shiva vs autobots,Netflix
Shiva: Journey to Plunotaria,children & family movies,2019,shiva journey to plunotaria,Netflix
Shiva: The Secret World Of Vedas City,children & family movies,2017,shiva the secret world of vedas city,Netflix
The Baker and the Beauty,"romantic tv shows, tv comedies, tv dramas",2020,the baker and the beauty,Netflix
New Gods: Nezha Reborn,"action & adventure, anime features, international movies",2021,new gods nezha reborn,Netflix
"Nicky, Ricky, Dicky & Dawn","kids' tv, tv comedies",2018,nicky ricky dicky  dawn,Netflix
Don't be the First one,"international tv shows, reality tv",2021,dont be the first one,Netflix
The Stand-In,comedies,2020,the standin,Netflix
Heaven Official's Blessing,"anime series, international tv shows, romantic tv shows",2020,heaven officials blessing,Netflix
Night in Paradise,"dramas, international movies",2021,night in paradise,Netflix
Ojukokoro: Greed,"dramas, international movies, thrillers",2016,ojukokoro greed,Netflix
Roohi,"comedies, horror movies, international movies",2021,roohi,Netflix
Thunder Force,"action & adventure, comedies",2021,thunder force,Netflix
Two Distant Strangers,dramas,2021,two distant strangers,Netflix
Story of Kale: When Someone's in Love,"dramas, international movies, romantic movies",2020,story of kale when someones in love,Netflix
The Way of the Househusband,"anime series, international tv shows",2021,the way of the househusband,Netflix
Dolly Parton: A MusiCares Tribute,"documentaries, music & musicals",2021,dolly parton a musicares tribute,Netflix
The Big Day,"international tv shows, reality tv, romantic tv shows",2021,the big day,Netflix
The Wedding Coach,"reality tv, romantic tv shows",2021,the wedding coach,Netflix
This Is a Robbery: The World's Biggest Art Heist,"crime tv shows, docuseries, tv mysteries",2021,this is a robbery the worlds biggest art heist,Netflix
The Last Kids on Earth: Happy Apocalypse to You,"children & family movies, comedies",2021,the last kids on earth happy apocalypse to you,Netflix
Coded Bias,documentaries,2020,coded bias,Netflix
Mandela,"comedies, dramas, international movies",2021,mandela,Netflix
The Fisherman's Diary,"dramas, international movies",2020,the fishermans diary,Netflix
What Lies Below,"horror movies, thrillers",2020,what lies below,Netflix
Escape from Planet Earth,"children & family movies, comedies, sci-fi & fantasy",2013,escape from planet earth,Netflix
Accepted,comedies,2006,accepted,Netflix
Air Strike,"action & adventure, dramas, international movies",2018,air strike,Netflix
An American Girl: McKenna Shoots for the Stars,"children & family movies, comedies, dramas",2012,an american girl mckenna shoots for the stars,Netflix
Concrete Cowboy,"dramas, independent movies",2021,concrete cowboy,Netflix
Cross: Rise of the Villains,action & adventure,2019,cross rise of the villains,Netflix
God Calling,"dramas, faith & spirituality, international movies",2018,god calling,Netflix
Irul,"international movies, thrillers",2021,irul,Netflix
Just Say Yes,"comedies, international movies, romantic movies",2021,just say yes,Netflix
Madame Claude,"dramas, international movies",2021,madame claude,Netflix
Wild Child,"comedies, romantic movies",2008,wild child,Netflix
Woody Woodpecker,"children & family movies, comedies",2017,woody woodpecker,Netflix
2012,"action & adventure, sci-fi & fantasy",2009,2012,Netflix
3 Idiots,"comedies, dramas, international movies",2009,3 idiots,Netflix
Ferrari Ki Sawaari,"comedies, international movies, sports movies",2012,ferrari ki sawaari,Netflix
Glimpses of a Future,"docuseries, international tv shows",2020,glimpses of a future,Netflix
Ibrahim a Fate to Define,"documentaries, international movies",2019,ibrahim a fate to define,Netflix
Insidious,"horror movies, thrillers",2010,insidious,Netflix
Into the Grizzly Maze,"action & adventure, horror movies",2015,into the grizzly maze,Netflix
Kingsglaive: Final Fantasy XV,"action & adventure, sci-fi & fantasy",2016,kingsglaive final fantasy xv,Netflix
Legally Blonde,"comedies, romantic movies",2001,legally blonde,Netflix
Madam Chief Minister,"dramas, international movies",2020,madam chief minister,Netflix
Magical Andes,"docuseries, international tv shows, science & nature tv",2021,magical andes,Netflix
Maximum Risk,action & adventure,1996,maximum risk,Netflix
Murder Maps,"british tv shows, crime tv shows, docuseries",2017,murder maps,Netflix
My Fair Lady,"classic movies, music & musicals",1964,my fair lady,Netflix
Prank Encounters,"reality tv, tv comedies, tv horror",2021,prank encounters,Netflix
S.W.A.T.: Under Siege,"action & adventure, international movies",2017,swat under siege,Netflix
Secrets of Great British Castles,"british tv shows, docuseries, international tv shows",2016,secrets of great british castles,Netflix
Seven Souls in the Skull Castle: Season Bird,"action & adventure, dramas, international movies",2017,seven souls in the skull castle season bird,Netflix
Seven Souls in the Skull Castle: Season Flower,"action & adventure, dramas, international movies",2017,seven souls in the skull castle season flower,Netflix
Seven Souls in the Skull Castle: Season Wind,"action & adventure, dramas, international movies",2017,seven souls in the skull castle season wind,Netflix
Sniper: Ghost Shooter,action & adventure,2016,sniper ghost shooter,Netflix
Starship Troopers: Traitor of Mars,"action & adventure, sci-fi & fantasy",2017,starship troopers traitor of mars,Netflix
Takers,action & adventure,2010,takers,Netflix
Tersanjung the Movie,"dramas, international movies, romantic movies",2021,tersanjung the movie,Netflix
The Knight and the Princess,"action & adventure, international movies, music & musicals",2019,the knight and the princess,Netflix
The Pianist,"dramas, independent movies, international movies",2002,the pianist,Netflix
The Stepfather,"horror movies, thrillers",2009,the stepfather,Netflix
Universal Soldier: The Return,action & adventure,1999,universal soldier the return,Netflix
Wazir,"dramas, international movies, thrillers",2016,wazir,Netflix
White Boy,documentaries,2017,white boy,Netflix
Worn Stories,"docuseries, reality tv",2021,worn stories,Netflix
Yes Man,"comedies, romantic movies",2008,yes man,Netflix
At Eternity's Gate,dramas,2018,at eternitys gate,Netflix
Haunted: Latin America,"international tv shows, reality tv, spanish-language tv shows",2021,haunted latin america,Netflix
Not a Game,"documentaries, international movies, sports movies",2020,not a game,Netflix
Robocar Poli,"kids' tv, korean tv shows",2015,robocar poli,Netflix
Yu-Gi-Oh!,"anime series, kids' tv",2005,yugioh,Netflix
7 Yards: The Chris Norton Story,documentaries,2021,7 yards the chris norton story,Netflix
Octonauts & the Ring of Fire,children & family movies,2021,octonauts  the ring of fire,Netflix
Rainbow High,kids' tv,2020,rainbow high,Netflix
Mandela: Long Walk to Freedom,"dramas, international movies",2013,mandela long walk to freedom,Netflix
Lawless,dramas,2012,lawless,Netflix
Marked,"documentaries, international movies",2021,marked,Netflix
A Week Away,"children & family movies, faith & spirituality, music & musicals",2021,a week away,Netflix
Bad Trip,comedies,2021,bad trip,Netflix
Big Time Rush,kids' tv,2013,big time rush,Netflix
Black Is Beltza,"dramas, international movies",2018,black is beltza,Netflix
Croupier,"dramas, independent movies, thrillers",1998,croupier,Netflix
Elizabeth and Margaret: Love and Loyalty,documentaries,2020,elizabeth and margaret love and loyalty,Netflix
Keeping the Bees,"dramas, international movies",2020,keeping the bees,Netflix
Magic for Humans Spain,"international tv shows, reality tv, spanish-language tv shows",2021,magic for humans spain,Netflix
Ni de coña,"comedies, international movies",2020,ni de coa,Netflix
Pagglait,"comedies, dramas, international movies",2021,pagglait,Netflix
The Irregulars,"british tv shows, crime tv shows, international tv shows",2021,the irregulars,Netflix
Caught by a Wave,"dramas, international movies, romantic movies",2021,caught by a wave,Netflix
DOTA: Dragon's Blood,anime series,2021,dota dragons blood,Netflix
Pui Pui Molcar,kids' tv,2021,pui pui molcar,Netflix
Secret Magic Control Agency,"children & family movies, comedies",2021,secret magic control agency,Netflix
Seaspiracy,documentaries,2021,seaspiracy,Netflix
Loyiso Gola: Unlearning,stand-up comedy,2021,loyiso gola unlearning,Netflix
Men on a Mission,"international tv shows, korean tv shows, stand-up comedy & talk shows",2021,men on a mission,Netflix
Navillera,"international tv shows, tv dramas",2021,navillera,Netflix
Philomena,"dramas, independent movies, international movies",2013,philomena,Netflix
Any Crybabies Around?,"dramas, international movies",2020,any crybabies around,Netflix
Hospital,"horror movies, international movies",2020,hospital,Netflix
Jiu Jitsu,action & adventure,2020,jiu jitsu,Netflix
Mighty Morphin Power Rangers,kids' tv,2010,mighty morphin power rangers,Netflix
Alien TV,"kids' tv, tv comedies",2021,alien tv,Netflix
Country Comfort,tv comedies,2021,country comfort,Netflix
Formula 1: Drive to Survive,docuseries,2021,formula 1 drive to survive,Netflix
Reframe THEATER EXPERIENCE with you,"international movies, music & musicals",2020,reframe theater experience with you,Netflix
The Yin Yang Master,"action & adventure, international movies",2021,the yin yang master,Netflix
Who's the Boss,"comedies, international movies, romantic movies",2020,whos the boss,Netflix
B: The Beginning,"anime series, crime tv shows, international tv shows",2021,b the beginning,Netflix
Deadly Illusions,thrillers,2021,deadly illusions,Netflix
Get the Goat,"action & adventure, comedies, international movies",2021,get the goat,Netflix
Nate Bargatze: The Greatest Average American,stand-up comedy,2021,nate bargatze the greatest average american,Netflix
Skylines,action & adventure,2020,skylines,Netflix
The Fluffy Movie,stand-up comedy,2014,the fluffy movie,Netflix
The Present,"dramas, international movies",2020,the present,Netflix
Wave of Cinema: 90's Generation,"documentaries, international movies, music & musicals",2020,wave of cinema 90s generation,Netflix
Catch.er,"dramas, international movies, thrillers",2017,catcher,Netflix
Operation Varsity Blues: The College Admissions Scandal,documentaries,2021,operation varsity blues the college admissions scandal,Netflix
Under Suspicion: Uncovering the Wesphael Case,"crime tv shows, docuseries, international tv shows",2021,under suspicion uncovering the wesphael case,Netflix
Get on Up,"dramas, music & musicals",2014,get on up,Netflix
RebellComedy: Straight Outta the Zoo,stand-up comedy,2021,rebellcomedy straight outta the zoo,Netflix
Savages,"dramas, thrillers",2012,savages,Netflix
Waffles + Mochi,kids' tv,2021,waffles  mochi,Netflix
Abla Fahita: Drama Queen,"crime tv shows, international tv shows, tv comedies",2021,abla fahita drama queen,Netflix
C/O Kaadhal,"dramas, international movies, romantic movies",2021,co kaadhal,Netflix
The BFG,"children & family movies, dramas",2016,the bfg,Netflix
The Last Blockbuster,documentaries,2020,the last blockbuster,Netflix
The Lost Pirate Kingdom,"docuseries, science & nature tv, tv action & adventure",2021,the lost pirate kingdom,Netflix
Zero Chill,"british tv shows, kids' tv, tv dramas",2021,zero chill,Netflix
Audrey,documentaries,2020,audrey,Netflix
Çarsi Pazar,"comedies, international movies",2015,arsi pazar,Netflix
Just In Time,"comedies, dramas, international movies",2020,just in time,Netflix
Love Alarm,"international tv shows, korean tv shows, romantic tv shows",2021,love alarm,Netflix
Mucize,"dramas, international movies",2015,mucize,Netflix
Paper Lives,"dramas, international movies",2021,paper lives,Netflix
Paradise PD,tv comedies,2021,paradise pd,Netflix
Quiet,"dramas, international movies, music & musicals",2020,quiet,Netflix
Romantik Komedi,"comedies, international movies, romantic movies",2010,romantik komedi,Netflix
Romantik Komedi 2: Bekarlığa Veda,"comedies, international movies, romantic movies",2013,romantik komedi 2 bekarla veda,Netflix
The One,"british tv shows, crime tv shows, international tv shows",2021,the one,Netflix
YES DAY,"children & family movies, comedies",2021,yes day,Netflix
You're Everything To Me,"comedies, dramas, independent movies",2016,youre everything to me,Netflix
Coven of Sisters,"dramas, independent movies, international movies",2021,coven of sisters,Netflix
Generasi 90an: Melankolia,"dramas, international movies",2020,generasi 90an melankolia,Netflix
The Block Island Sound,"horror movies, independent movies",2020,the block island sound,Netflix
Dealer,"crime tv shows, international tv shows, tv action & adventure",2021,dealer,Netflix
Last Chance U: Basketball,docuseries,2021,last chance u basketball,Netflix
Marriage or Mortgage,"reality tv, romantic tv shows",2021,marriage or mortgage,Netflix
The Houseboat,"docuseries, international tv shows",2021,the houseboat,Netflix
Bombay Begums,"international tv shows, tv dramas",2021,bombay begums,Netflix
Bombay Rose,"dramas, independent movies, international movies",2021,bombay rose,Netflix
My Way,"international tv shows, tv dramas",2015,my way,Netflix
Aelay,"comedies, dramas, independent movies",2021,aelay,Netflix
City of Ghosts,kids' tv,2021,city of ghosts,Netflix
Dogwashers,"comedies, dramas, international movies",2021,dogwashers,Netflix
Fate of Alakada,"comedies, international movies",2020,fate of alakada,Netflix
Nevenka: Breaking the Silence,"docuseries, international tv shows, spanish-language tv shows",2021,nevenka breaking the silence,Netflix
Pokémon Journeys: The Series,"anime series, kids' tv, tv action & adventure",2021,pokmon journeys the series,Netflix
Sentinelle,"action & adventure, dramas, international movies",2021,sentinelle,Netflix
Mariposa,"comedies, international movies, romantic movies",2020,mariposa,Netflix
Pacific Rim: The Black,anime series,2021,pacific rim the black,Netflix
Parker,action & adventure,2013,parker,Netflix
Safe Haven,"dramas, romantic movies",2013,safe haven,Netflix
Moxie,"comedies, dramas, music & musicals",2021,moxie,Netflix
Murder Among the Mormons,"crime tv shows, docuseries",2021,murder among the mormons,Netflix
Black or White,dramas,2014,black or white,Netflix
Indoo Ki Jawani,"action & adventure, comedies, international movies",2020,indoo ki jawani,Netflix
Word Party,kids' tv,2021,word party,Netflix
A Perfect Day For Arsenide,"classic & cult tv, crime tv shows, international tv shows",2019,a perfect day for arsenide,Netflix
Banyuki,"action & adventure, dramas, international movies",2009,banyuki,Netflix
Biggie: I Got a Story to Tell,"documentaries, music & musicals",2021,biggie i got a story to tell,Netflix
Blanche Gardin: The All-Nighter,stand-up comedy,2021,blanche gardin the allnighter,Netflix
Connected,"documentaries, international movies, music & musicals",2021,connected,Netflix
Dances with Wolves,"action & adventure, classic movies, dramas",1990,dances with wolves,Netflix
How to Be Really Bad,"comedies, international movies",2018,how to be really bad,Netflix
LEGO Marvel Spider-Man: Vexed by Venom,"children & family movies, comedies",2019,lego marvel spiderman vexed by venom,Netflix
Rain Man,"classic movies, dramas",1988,rain man,Netflix
Seven Souls in the Skull Castle 2011,"action & adventure, dramas, international movies",2011,seven souls in the skull castle 2011,Netflix
Tenacious D in The Pick of Destiny,"comedies, cult movies, music & musicals",2006,tenacious d in the pick of destiny,Netflix
TIGER & BUNNY,"anime series, international tv shows",2011,tiger  bunny,Netflix
Bigfoot Family,"children & family movies, comedies",2021,bigfoot family,Netflix
Captain Fantastic,"comedies, dramas, independent movies",2016,captain fantastic,Netflix
Crazy About Her,"comedies, international movies, romantic movies",2021,crazy about her,Netflix
Fuga,"dramas, independent movies, international movies",2006,fuga,Netflix
Ginny & Georgia - The Afterparty,"comedies, dramas",2021,ginny  georgia  the afterparty,Netflix
No Escape,action & adventure,2015,no escape,Netflix
Our Idiot Brother,"comedies, dramas, independent movies",2011,our idiot brother,Netflix
The Girl on the Train,"international movies, thrillers",2021,the girl on the train,Netflix
Tony Manero,"dramas, independent movies, international movies",2008,tony manero,Netflix
Who Am I,"international movies, thrillers",2014,who am i,Netflix
El final del paraíso,"crime tv shows, international tv shows, spanish-language tv shows",2019,el final del paraso,Netflix
Geez & Ann,"dramas, international movies, romantic movies",2021,geez  ann,Netflix
Sin senos sí hay paraíso,"international tv shows, spanish-language tv shows, tv dramas",2018,sin senos s hay paraso,Netflix
The Last Bastion,"international tv shows, spanish-language tv shows, tv dramas",2018,the last bastion,Netflix
Age of Samurai: Battle for Japan,"docuseries, international tv shows",2021,age of samurai battle for japan,Netflix
"Blue, Painful, Fragile","international movies, thrillers",2020,blue painful fragile,Netflix
Canine Intervention,reality tv,2021,canine intervention,Netflix
Ginny & Georgia,"romantic tv shows, tv comedies, tv dramas",2021,ginny  georgia,Netflix
M8 - When Death Rescues Life,"dramas, international movies",2019,m8  when death rescues life,Netflix
Two Sentence Horror Stories,"tv horror, teen tv shows",2021,two sentence horror stories,Netflix
Brian Regan: On the Rocks,stand-up comedy,2021,brian regan on the rocks,Netflix
Made You Look: A True Story About Fake Art,"documentaries, international movies",2020,made you look a true story about fake art,Netflix
Pelé,"documentaries, international movies, sports movies",2021,pel,Netflix
Red,"dramas, international movies",2021,red,Netflix
Zindagi in Short,"international tv shows, tv dramas",2020,zindagi in short,Netflix
The Conjuring,"horror movies, thrillers",2013,the conjuring,Netflix
The Conjuring 2,horror movies,2016,the conjuring 2,Netflix
Vincenzo,"international tv shows, tv comedies, tv dramas",2021,vincenzo,Netflix
Classmates Minus,"comedies, dramas, independent movies",2020,classmates minus,Netflix
Fate: The Winx Saga - The Afterparty,"comedies, dramas",2021,fate the winx saga  the afterparty,Netflix
Operation Finale,"dramas, thrillers",2018,operation finale,Netflix
Wave of Cinema: Surat dari Timur,"documentaries, international movies, music & musicals",2020,wave of cinema surat dari timur,Netflix
I Care a Lot,"comedies, lgbtq movies, thrillers",2021,i care a lot,Netflix
Love,"dramas, independent movies, international movies",2020,love,Netflix
Perú: Tesoro escondido,"documentaries, international movies",2017,per tesoro escondido,Netflix
Pitta Kathalu,"international tv shows, tv dramas",2021,pitta kathalu,Netflix
Tribes of Europa,"international tv shows, tv action & adventure, tv dramas",2021,tribes of europa,Netflix
Eeb Allay Ooo!,"comedies, dramas, independent movies",2019,eeb allay ooo,Netflix
"Hello, Me!","international tv shows, romantic tv shows, tv comedies",2021,hello me,Netflix
No Escape Room,horror movies,2018,no escape room,Netflix
Sisyphus,"international tv shows, tv action & adventure, tv dramas",2021,sisyphus,Netflix
Thus Spoke Kishibe Rohan,"anime series, international tv shows",2021,thus spoke kishibe rohan,Netflix
Amend: The Fight for America,docuseries,2021,amend the fight for america,Netflix
Behind Her Eyes,"british tv shows, international tv shows, tv dramas",2021,behind her eyes,Netflix
MeatEater,"docuseries, reality tv, science & nature tv",2021,meateater,Netflix
The Most Unknown,documentaries,2018,the most unknown,Netflix
Animals on the Loose: A You vs. Wild Movie,children & family movies,2021,animals on the loose a you vs wild movie,Netflix
Awara Paagal Deewana,"action & adventure, comedies, dramas",2002,awara paagal deewana,Netflix
Good Girls,"crime tv shows, tv comedies, tv dramas",2020,good girls,Netflix
The Resurrection of Gavin Stone,"children & family movies, comedies, dramas",2017,the resurrection of gavin stone,Netflix
Booba,"kids' tv, tv comedies",2021,booba,Netflix
"My Teacher, My Obsession",thrillers,2018,my teacher my obsession,Netflix
The Crew,tv comedies,2021,the crew,Netflix
Namaste Wahala,"comedies, dramas, international movies",2021,namaste wahala,Netflix
Monsoon,"dramas, independent movies, lgbtq movies",2020,monsoon,Netflix
Buried by the Bernards,reality tv,2021,buried by the bernards,Netflix
Chappelle's Show,tv comedies,2005,chappelles show,Netflix
Hate by Dani Rovira,stand-up comedy,2021,hate by dani rovira,Netflix
Mundina Nildana,"dramas, international movies, romantic movies",2019,mundina nildana,Netflix
Nadiya Bakes,"british tv shows, international tv shows, reality tv",2021,nadiya bakes,Netflix
To All The Boys: Always And Forever,"comedies, romantic movies",2021,to all the boys always and forever,Netflix
Xico's Journey,children & family movies,2021,xicos journey,Netflix
Capitani,"crime tv shows, international tv shows, tv dramas",2019,capitani,Netflix
El Chema,"crime tv shows, spanish-language tv shows, tv action & adventure",2016,el chema,Netflix
Growing up and other problems,"comedies, dramas, international movies",2018,growing up and other problems,Netflix
Layla Majnun,"dramas, international movies, romantic movies",2020,layla majnun,Netflix
Middle of Nowhere,"dramas, independent movies, romantic movies",2012,middle of nowhere,Netflix
Red Dot,"international movies, thrillers",2021,red dot,Netflix
Squared Love,"comedies, international movies, romantic movies",2021,squared love,Netflix
This Is the Life,"documentaries, music & musicals",2008,this is the life,Netflix
Crime Scene: The Vanishing at the Cecil Hotel,"crime tv shows, docuseries",2021,crime scene the vanishing at the cecil hotel,Netflix
The Misadventures of Hedi and Cokeman,"comedies, international movies",2021,the misadventures of hedi and cokeman,Netflix
The World We Make,"dramas, romantic movies",2019,the world we make,Netflix
Five Came Back: The Reference Films,tv shows,1945,five came back the reference films,Netflix
ICarly,"kids' tv, tv comedies",2008,icarly,Netflix
War Dogs,"comedies, dramas",2016,war dogs,Netflix
Monster Run,"action & adventure, international movies",2020,monster run,Netflix
The Sinner,"crime tv shows, tv dramas, tv mysteries",2020,the sinner,Netflix
Blanche Gardin: I talk to myself,stand-up comedy,2017,blanche gardin i talk to myself,Netflix
Doob: No Bed of Roses,"dramas, independent movies, international movies",2017,doob no bed of roses,Netflix
Hache,"crime tv shows, international tv shows, spanish-language tv shows",2021,hache,Netflix
Invisible City,"crime tv shows, international tv shows, tv dramas",2021,invisible city,Netflix
Little Big Women,"dramas, international movies",2020,little big women,Netflix
Malcolm & Marie,"dramas, independent movies",2021,malcolm  marie,Netflix
Space Sweepers,"action & adventure, dramas, international movies",2021,space sweepers,Netflix
"Strip Down, Rise Up",documentaries,2021,strip down rise up,Netflix
The Last Paradiso,"dramas, international movies, romantic movies",2020,the last paradiso,Netflix
The Yin-Yang Master: Dream Of Eternity,"action & adventure, international movies",2021,the yinyang master dream of eternity,Netflix
All My Friends Are Dead,"comedies, dramas, international movies",2020,all my friends are dead,Netflix
Black Beach,"action & adventure, international movies",2020,black beach,Netflix
Firefly Lane,"romantic tv shows, tv dramas",2021,firefly lane,Netflix
"Pablo Escobar, el patrón del mal","crime tv shows, international tv shows, spanish-language tv shows",2012,pablo escobar el patrn del mal,Netflix
Power Rangers Ninja Steel,kids' tv,2018,power rangers ninja steel,Netflix
"Our Lady of San Juan, Four Centuries of Miracles","dramas, faith & spirituality, international movies",2020,our lady of san juan four centuries of miracles,Netflix
Tiffany Haddish Presents: They Ready,"stand-up comedy & talk shows, tv comedies",2021,tiffany haddish presents they ready,Netflix
Beverly Hills Ninja,"action & adventure, comedies",1997,beverly hills ninja,Netflix
Heartland,tv dramas,2019,heartland,Netflix
Love Daily,"romantic tv shows, teen tv shows",2018,love daily,Netflix
My Dead Ex,"tv comedies, teen tv shows",2018,my dead ex,Netflix
Rocks,dramas,2019,rocks,Netflix
Shutter Island,thrillers,2010,shutter island,Netflix
The Bank Job,"dramas, international movies, thrillers",2008,the bank job,Netflix
The House Arrest of Us,"international tv shows, romantic tv shows, tv comedies",2020,the house arrest of us,Netflix
The Unsettling,"tv horror, teen tv shows",2019,the unsettling,Netflix
Total Drama,"kids' tv, tv comedies",2015,total drama,Netflix
Zac and Mia,"romantic tv shows, tv dramas, teen tv shows",2019,zac and mia,Netflix
Zathura,"children & family movies, sci-fi & fantasy",2005,zathura,Netflix
Zig & Sharko,"kids' tv, tv comedies",2019,zig  sharko,Netflix
Fatima,"dramas, faith & spirituality",2020,fatima,Netflix
Hell Fest,horror movies,2018,hell fest,Netflix
Below Zero,"action & adventure, international movies",2021,below zero,Netflix
Finding ‘Ohana,"children & family movies, comedies",2021,finding ohana,Netflix
The Dig,"dramas, international movies",2021,the dig,Netflix
We Are: The Brooklyn Saints,docuseries,2021,we are the brooklyn saints,Netflix
June & Kopi,"children & family movies, dramas, international movies",2021,june  kopi,Netflix
50M2,"international tv shows, tv dramas, tv thrillers",2021,50m2,Netflix
Accomplice,"documentaries, international movies, sports movies",2021,accomplice,Netflix
BONDING,"tv comedies, tv dramas",2021,bonding,Netflix
Kilometers and Kilometers,"comedies, dramas, independent movies",2020,kilometers and kilometers,Netflix
Outlander,"romantic tv shows, tv action & adventure, tv dramas",2018,outlander,Netflix
Penguin Bloom,"children & family movies, dramas",2021,penguin bloom,Netflix
Black Rose,"dramas, international movies",2018,black rose,Netflix
Go Dog Go,kids' tv,2021,go dog go,Netflix
Hire a Woman,"comedies, international movies, romantic movies",2019,hire a woman,Netflix
She Is,"dramas, international movies, romantic movies",2019,she is,Netflix
Blown Away,"international tv shows, reality tv",2021,blown away,Netflix
Busted!,"crime tv shows, international tv shows, korean tv shows",2021,busted,Netflix
Demon Slayer: Kimetsu no Yaiba,"anime series, international tv shows",2019,demon slayer kimetsu no yaiba,Netflix
So My Grandma’s a Lesbian!,"comedies, international movies, lgbtq movies",2020,so my grandmas a lesbian,Netflix
The Next Three Days,"dramas, thrillers",2010,the next three days,Netflix
The White Tiger,dramas,2021,the white tiger,Netflix
Friendsgiving,comedies,2020,friendsgiving,Netflix
The Shadow of Violence,dramas,2020,the shadow of violence,Netflix
Cut Throat City,dramas,2020,cut throat city,Netflix
Daughter From Another Mother,"international tv shows, spanish-language tv shows, tv comedies",2021,daughter from another mother,Netflix
Sightless,thrillers,2020,sightless,Netflix
Spycraft,"docuseries, science & nature tv",2021,spycraft,Netflix
Hello Ninja,kids' tv,2021,hello ninja,Netflix
Homefront,action & adventure,2013,homefront,Netflix
A Monster Calls,"dramas, sci-fi & fantasy",2016,a monster calls,Netflix
Death of Me,horror movies,2020,death of me,Netflix
Radium Girls,"dramas, independent movies",2018,radium girls,Netflix
Bling Empire,reality tv,2021,bling empire,Netflix
Carmen Sandiego,"kids' tv, tv thrillers",2021,carmen sandiego,Netflix
Disenchantment,"tv action & adventure, tv comedies, tv sci-fi & fantasy",2021,disenchantment,Netflix
Double Dad,"children & family movies, comedies, dramas",2020,double dad,Netflix
Henry Danger,"kids' tv, tv comedies",2016,henry danger,Netflix
Outside the Wire,action & adventure,2021,outside the wire,Netflix
Penguins of Madagascar: The Movie,"children & family movies, comedies",2014,penguins of madagascar the movie,Netflix
Pinkfong & Baby Shark's Space Adventure,children & family movies,2019,pinkfong  baby sharks space adventure,Netflix
The Magicians,"tv dramas, tv sci-fi & fantasy",2020,the magicians,Netflix
The Vanished,thrillers,2020,the vanished,Netflix
Tribhanga - Tedhi Medhi Crazy,"dramas, international movies",2021,tribhanga  tedhi medhi crazy,Netflix
What Would Sophia Loren Do?,documentaries,2021,what would sophia loren do,Netflix
Wish You,"dramas, international movies, lgbtq movies",2021,wish you,Netflix
Tanda Tanya,"dramas, international movies",2011,tanda tanya,Netflix
The Heartbreak Club,"comedies, dramas, international movies",2020,the heartbreak club,Netflix
An Imperfect Murder,"dramas, thrillers",2017,an imperfect murder,Netflix
Night Stalker: The Hunt for a Serial Killer,"crime tv shows, docuseries",2021,night stalker the hunt for a serial killer,Netflix
Al acecho,"international movies, thrillers",2019,al acecho,Netflix
Chris Rock Total Blackout: The Tamborine Extended Cut,stand-up comedy,2021,chris rock total blackout the tamborine extended cut,Netflix
Last Tango in Halifax,"british tv shows, romantic tv shows, tv dramas",2020,last tango in halifax,Netflix
"Crack: Cocaine, Corruption & Conspiracy",documentaries,2021,crack cocaine corruption  conspiracy,Netflix
The Intouchables,"comedies, dramas, international movies",2011,the intouchables,Netflix
Apaharan,"dramas, international movies",2005,apaharan,Netflix
BluffMaster!,"comedies, international movies, romantic movies",2005,bluffmaster,Netflix
Charming,"children & family movies, comedies",2021,charming,Netflix
Creating The Queen's Gambit,documentaries,2021,creating the queens gambit,Netflix
Gangaajal,"dramas, international movies",2003,gangaajal,Netflix
Inside the World’s Toughest Prisons,"british tv shows, crime tv shows, docuseries",2021,inside the worlds toughest prisons,Netflix
Is Love Enough? Sir,"dramas, independent movies, international movies",2018,is love enough sir,Netflix
Mighty Little Bheem: Kite Festival,"kids' tv, tv comedies",2021,mighty little bheem kite festival,Netflix
Pretend It’s a City,docuseries,2021,pretend its a city,Netflix
Stuck Apart,"comedies, dramas, international movies",2021,stuck apart,Netflix
The Idhun Chronicles,"anime series, international tv shows, spanish-language tv shows",2021,the idhun chronicles,Netflix
100% Halal,"dramas, international movies",2020,100 halal,Netflix
Leap!,"children & family movies, comedies",2016,leap,Netflix
Pieces of a Woman,dramas,2020,pieces of a woman,Netflix
Ratones Paranoicos: The Band that Rocked Argentina,"documentaries, international movies, music & musicals",2021,ratones paranoicos the band that rocked argentina,Netflix
Surviving Death,"docuseries, reality tv",2021,surviving death,Netflix
Tony Parker: The Final Shot,"documentaries, international movies, sports movies",2020,tony parker the final shot,Netflix
History of Swear Words,"docuseries, tv comedies",2021,history of swear words,Netflix
Nailed It! Mexico,"international tv shows, reality tv, spanish-language tv shows",2021,nailed it mexico,Netflix
Hello Brother,"action & adventure, comedies, international movies",1999,hello brother,Netflix
Korean Pork Belly Rhapsody,"docuseries, international tv shows",2020,korean pork belly rhapsody,Netflix
QB1: Beyond the Lights,docuseries,2019,qb1 beyond the lights,Netflix
Playing for Keeps,"comedies, romantic movies, sports movies",2012,playing for keeps,Netflix
Asphalt Burning,"action & adventure, comedies, international movies",2020,asphalt burning,Netflix
Bad Grandpa .5,comedies,2014,bad grandpa 5,Netflix
Case 39,"horror movies, thrillers",2009,case 39,Netflix
Cobra Kai,"tv action & adventure, tv comedies, tv dramas",2021,cobra kai,Netflix
Dream Home Makeover,reality tv,2021,dream home makeover,Netflix
Eddie Murphy: Raw,stand-up comedy,1987,eddie murphy raw,Netflix
Full Out 2: You Got This!,"children & family movies, dramas, sports movies",2020,full out 2 you got this,Netflix
Gimme Shelter,"dramas, independent movies",2013,gimme shelter,Netflix
Good Burger,"children & family movies, comedies",1997,good burger,Netflix
Good Hair,documentaries,2009,good hair,Netflix
Headspace Guide to Meditation,"docuseries, science & nature tv",2021,headspace guide to meditation,Netflix
Into the Wild,"action & adventure, dramas, independent movies",2007,into the wild,Netflix
Jenni Rivera: Mariposa de Barrio,"spanish-language tv shows, tv dramas",2017,jenni rivera mariposa de barrio,Netflix
London Heist,action & adventure,2017,london heist,Netflix
Mean Girls 2,comedies,2011,mean girls 2,Netflix
Monarca,"international tv shows, spanish-language tv shows, tv dramas",2021,monarca,Netflix
Mystic Pizza,"comedies, dramas, independent movies",1988,mystic pizza,Netflix
Running Man,"kids' tv, tv comedies",2020,running man,Netflix
The Cat in the Hat Knows a Lot About That!,kids' tv,2014,the cat in the hat knows a lot about that,Netflix
The Creative Brain,documentaries,2019,the creative brain,Netflix
The Haunted Hathaways,"kids' tv, tv comedies, tv sci-fi & fantasy",2013,the haunted hathaways,Netflix
The Minimalists: Less Is Now,documentaries,2021,the minimalists less is now,Netflix
Unknown,"action & adventure, thrillers",2011,unknown,Netflix
What Happened to Mr. Cha?,"comedies, international movies",2021,what happened to mr cha,Netflix
What's Eating Gilbert Grape,"classic movies, dramas, independent movies",1993,whats eating gilbert grape,Netflix
Alaska Is a Drag,"dramas, lgbtq movies",2017,alaska is a drag,Netflix
Best of Stand-Up 2020,stand-up comedy,2020,best of standup 2020,Netflix
Bobby Jasoos,"comedies, dramas, international movies",2014,bobby jasoos,Netflix
Chilling Adventures of Sabrina,"tv horror, tv mysteries, tv sci-fi & fantasy",2020,chilling adventures of sabrina,Netflix
Tarung Sarung,"action & adventure, dramas, faith & spirituality",2020,tarung sarung,Netflix
Too Handsome to Handle,"comedies, dramas, international movies",2019,too handsome to handle,Netflix
Best Leftovers Ever!,reality tv,2020,best leftovers ever,Netflix
Dare Me,"crime tv shows, tv dramas, tv thrillers",2019,dare me,Netflix
Equinox,"international tv shows, tv mysteries, tv thrillers",2020,equinox,Netflix
SanPa: Sins of the Savior,"crime tv shows, docuseries, international tv shows",2020,sanpa sins of the savior,Netflix
Still Game,"british tv shows, classic & cult tv, international tv shows",2018,still game,Netflix
The Rope Curse 2,"horror movies, international movies",2020,the rope curse 2,Netflix
Transformers: War for Cybertron: Earthrise,anime series,2020,transformers war for cybertron earthrise,Netflix
A Love So Beautiful,"international tv shows, romantic tv shows, tv comedies",2020,a love so beautiful,Netflix
Cops and Robbers,dramas,2020,cops and robbers,Netflix
Rango,"children & family movies, comedies",2011,rango,Netflix
Death to 2020,comedies,2020,death to 2020,Netflix
Sakho & Mangane,"crime tv shows, international tv shows, tv dramas",2019,sakho  mangane,Netflix
DNA,"dramas, international movies",2020,dna,Netflix
Regiment Diaries,"docuseries, international tv shows",2020,regiment diaries,Netflix
The Magic School Bus Rides Again In the Zone,children & family movies,2020,the magic school bus rides again in the zone,Netflix
AK vs AK,"comedies, dramas, international movies",2020,ak vs ak,Netflix
Bridgerton,"romantic tv shows, tv dramas",2020,bridgerton,Netflix
Isa Pa with Feelings,"international movies, romantic movies",2019,isa pa with feelings,Netflix
We Can Be Heroes,"children & family movies, comedies",2020,we can be heroes,Netflix
Bridezilla,"comedies, dramas, international movies",2019,bridezilla,Netflix
Cemara's Family,"children & family movies, dramas, international movies",2018,cemaras family,Netflix
"Hello, Love, Goodbye","dramas, international movies, romantic movies",2019,hello love goodbye,Netflix
The History of Future Folk,"action & adventure, comedies, independent movies",2012,the history of future folk,Netflix
The Midnight Sky,dramas,2020,the midnight sky,Netflix
Your Name Engraved Herein,"dramas, international movies, lgbtq movies",2020,your name engraved herein,Netflix
London Hughes: To Catch a D*ck,stand-up comedy,2020,london hughes to catch a dck,Netflix
Lovestruck in the City,"international tv shows, romantic tv shows, tv comedies",2020,lovestruck in the city,Netflix
QLIMAX THE SOURCE,music & musicals,2020,qlimax the source,Netflix
Rhyme Time Town Singalongs,kids' tv,2020,rhyme time town singalongs,Netflix
Shaun the Sheep,"british tv shows, kids' tv, tv comedies",2016,shaun the sheep,Netflix
Shaun the Sheep: The Farmer’s Llamas,"children & family movies, comedies",2020,shaun the sheep the farmers llamas,Netflix
Timmy Time,"british tv shows, kids' tv",2010,timmy time,Netflix
"Ariana grande: excuse me, i love you","documentaries, music & musicals",2020,ariana grande excuse me i love you,Netflix
The Con Is On,comedies,2018,the con is on,Netflix
Mohamed Hussein,"comedies, international movies",2019,mohamed hussein,Netflix
Rhys Nicholson Live at the Athenaeum,stand-up comedy,2020,rhys nicholson live at the athenaeum,Netflix
Atlas Shrugged: Part II,dramas,2012,atlas shrugged part ii,Netflix
Diamond City,"crime tv shows, international tv shows, tv dramas",2019,diamond city,Netflix
Guest House,comedies,2020,guest house,Netflix
Home for Christmas,"international tv shows, romantic tv shows, tv comedies",2020,home for christmas,Netflix
Ma Rainey's Black Bottom,"dramas, music & musicals",2020,ma raineys black bottom,Netflix
Ma Rainey's Black Bottom: A Legacy Brought to Screen,"documentaries, music & musicals",2020,ma raineys black bottom a legacy brought to screen,Netflix
Mukhsin,"children & family movies, comedies, dramas",2006,mukhsin,Netflix
Paava Kadhaigal,"international tv shows, tv dramas",2020,paava kadhaigal,Netflix
Rabun,"dramas, independent movies, international movies",2004,rabun,Netflix
Talentime,"dramas, international movies, romantic movies",2009,talentime,Netflix
An Unremarkable Christmas,"comedies, dramas, international movies",2020,an unremarkable christmas,Netflix
Braven,action & adventure,2018,braven,Netflix
Eggnoid: Love & Time Portal,"dramas, international movies, romantic movies",2019,eggnoid love  time portal,Netflix
Love You to the Stars and Back,"comedies, international movies, romantic movies",2017,love you to the stars and back,Netflix
Morphle,"british tv shows, kids' tv",2020,morphle,Netflix
Run On,"international tv shows, romantic tv shows, tv comedies",2020,run on,Netflix
Sakaling Maging Tayo,"international movies, romantic movies",2019,sakaling maging tayo,Netflix
Schulz Saves America,"stand-up comedy & talk shows, tv comedies",2020,schulz saves america,Netflix
The Wedding Shaman,"dramas, international movies, romantic movies",2019,the wedding shaman,Netflix
Anitta: Made In Honório,"docuseries, international tv shows",2020,anitta made in honrio,Netflix
BREAK IT ALL: The History of Rock in Latin America,"docuseries, spanish-language tv shows",2020,break it all the history of rock in latin america,Netflix
Bwakaw,"dramas, international movies, lgbtq movies",2012,bwakaw,Netflix
How To Ruin Christmas,"international tv shows, tv comedies, tv dramas",2020,how to ruin christmas,Netflix
Incarnate,"horror movies, thrillers",2016,incarnate,Netflix
Lee Daniels' The Butler,dramas,2013,lee daniels the butler,Netflix
Marvel Anime: Wolverine,"anime series, international tv shows",2011,marvel anime wolverine,Netflix
Marvel Anime: X-Men,"anime series, international tv shows",2011,marvel anime xmen,Netflix
Nocturnal Animals,"dramas, thrillers",2016,nocturnal animals,Netflix
The Ripper,"british tv shows, crime tv shows, docuseries",2020,the ripper,Netflix
Vir Das: Outside In - The Lockdown Special,stand-up comedy,2020,vir das outside in  the lockdown special,Netflix
Black Ink Crew New York,reality tv,2014,black ink crew new york,Netflix
Grizzlies,"dramas, independent movies, sports movies",2018,grizzlies,Netflix
Pup Academy,"kids' tv, tv comedies",2020,pup academy,Netflix
Song Exploder,docuseries,2020,song exploder,Netflix
Teen Mom 2,reality tv,2011,teen mom 2,Netflix
The Challenge,reality tv,2006,the challenge,Netflix
The Professor and the Madman,"dramas, independent movies",2019,the professor and the madman,Netflix
A California Christmas,"comedies, romantic movies",2020,a california christmas,Netflix
Hilda,kids' tv,2021,hilda,Netflix
Tiny Pretty Things,"tv dramas, tv mysteries, tv thrillers",2020,tiny pretty things,Netflix
The Netflix Afterparty: The Best Shows of The Worst Year,comedies,2020,the netflix afterparty the best shows of the worst year,Netflix
Children of Adam,"international tv shows, tv dramas, tv thrillers",2020,children of adam,Netflix
Grizzy et les Lemmings,"kids' tv, tv comedies",2018,grizzy et les lemmings,Netflix
A Trash Truck Christmas,children & family movies,2020,a trash truck christmas,Netflix
Canvas,"children & family movies, dramas",2020,canvas,Netflix
Giving Voice,documentaries,2020,giving voice,Netflix
The Mess You Leave Behind,"international tv shows, spanish-language tv shows, tv dramas",2020,the mess you leave behind,Netflix
The Prom,"comedies, lgbtq movies, music & musicals",2020,the prom,Netflix
Torbaaz,"dramas, international movies, sports movies",2020,torbaaz,Netflix
Alice in Borderland,"international tv shows, tv action & adventure, tv mysteries",2020,alice in borderland,Netflix
Funny Boy,"dramas, lgbtq movies",2020,funny boy,Netflix
Futmalls.com,"crime tv shows, international tv shows, tv dramas",2020,futmallscom,Netflix
Just The Way You Are,"international movies, romantic movies",2016,just the way you are,Netflix
She's the One,"dramas, international movies, romantic movies",2013,shes the one,Netflix
The Panti Sisters,"comedies, international movies, lgbtq movies",2019,the panti sisters,Netflix
"Kalel, 15","dramas, independent movies, international movies",2019,kalel 15,Netflix
Masameer Classics,"international tv shows, tv comedies",2013,masameer classics,Netflix
Once Upon a Time,"international tv shows, romantic tv shows, tv dramas",2019,once upon a time,Netflix
Rose Island,"comedies, dramas, international movies",2020,rose island,Netflix
The Big Show Show,"kids' tv, tv comedies",2020,the big show show,Netflix
The Expanding Universe of Ashley Garcia,"kids' tv, tv comedies, teen tv shows",2020,the expanding universe of ashley garcia,Netflix
The Surgeon's Cut,"docuseries, science & nature tv",2020,the surgeons cut,Netflix
André & his olive tree,"documentaries, international movies",2020,andr  his olive tree,Netflix
Bobbleheads The Movie,"children & family movies, comedies",2020,bobbleheads the movie,Netflix
Emicida: AmarElo - It’s All For Yesterday,"documentaries, international movies, music & musicals",2020,emicida amarelo  its all for yesterday,Netflix
Juman,"international tv shows, romantic tv shows, tv dramas",2019,juman,Netflix
Mr. Iglesias,"tv comedies, teen tv shows",2020,mr iglesias,Netflix
Spirit Riding Free: Ride Along Adventure,children & family movies,2020,spirit riding free ride along adventure,Netflix
Super Monsters: Santa’s Super Monster Helpers,children & family movies,2020,super monsters santas super monster helpers,Netflix
Triple 9,"dramas, thrillers",2016,triple 9,Netflix
100 Days My Prince,"international tv shows, romantic tv shows, tv dramas",2018,100 days my prince,Netflix
Ava,"action & adventure, dramas",2020,ava,Netflix
Manhunt: Deadly Games,"crime tv shows, tv dramas, tv mysteries",2020,manhunt deadly games,Netflix
Room 2806: The Accusation,"crime tv shows, docuseries, international tv shows",2020,room 2806 the accusation,Netflix
Detention,"international tv shows, tv dramas, tv horror",2020,detention,Netflix
Mighty Express: A Mighty Christmas,children & family movies,2020,mighty express a mighty christmas,Netflix
Bhaag Beanie Bhaag,"international tv shows, romantic tv shows, tv comedies",2020,bhaag beanie bhaag,Netflix
Big Mouth,tv comedies,2020,big mouth,Netflix
Captain Underpants Mega Blissmas,"children & family movies, comedies",2020,captain underpants mega blissmas,Netflix
Christmas Crossfire,"comedies, international movies, thrillers",2020,christmas crossfire,Netflix
Kings of Jo'Burg,"crime tv shows, international tv shows, tv dramas",2020,kings of joburg,Netflix
Leyla Everlasting,"comedies, international movies",2020,leyla everlasting,Netflix
MANK,"dramas, independent movies",2020,mank,Netflix
The Great British Baking Show: Holidays,"british tv shows, reality tv",2020,the great british baking show holidays,Netflix
You Are My Home,"children & family movies, dramas",2020,you are my home,Netflix
Between Maybes,"dramas, international movies, romantic movies",2019,between maybes,Netflix
Break,"comedies, dramas, international movies",2018,break,Netflix
Chico Bon Bon and the Very Berry Holiday,children & family movies,2020,chico bon bon and the very berry holiday,Netflix
Just Another Christmas,"comedies, international movies",2020,just another christmas,Netflix
Must Be... Love,"comedies, dramas, international movies",2013,must be love,Netflix
Alien Worlds,"british tv shows, docuseries, international tv shows",2020,alien worlds,Netflix
Ari Eldjárn: Pardon My Icelandic,stand-up comedy,2020,ari eldjrn pardon my icelandic,Netflix
Check The Store Next Door: The Next Chapter,"international tv shows, tv comedies, tv dramas",2020,check the store next door the next chapter,Netflix
Fierce,"comedies, dramas, international movies",2020,fierce,Netflix
Hazel Brugger: Tropical,stand-up comedy,2020,hazel brugger tropical,Netflix
3 Days to Kill,action & adventure,2014,3 days to kill,Netflix
Angela's Christmas Wish,children & family movies,2020,angelas christmas wish,Netflix
Angels & Demons,thrillers,2009,angels  demons,Netflix
Are You The One,reality tv,2014,are you the one,Netflix
Chef,"comedies, independent movies",2014,chef,Netflix
Effie Gray,"dramas, international movies, romantic movies",2014,effie gray,Netflix
Gormiti,kids' tv,2018,gormiti,Netflix
Ink Master,reality tv,2012,ink master,Netflix
Monster House,"children & family movies, comedies",2006,monster house,Netflix
Natalie Palamides: Nate - A One Man Show,comedies,2020,natalie palamides nate  a one man show,Netflix
Octonauts,"british tv shows, kids' tv",2015,octonauts,Netflix
Oddbods,"kids' tv, tv comedies",2017,oddbods,Netflix
Peppermint,action & adventure,2018,peppermint,Netflix
Quigley Down Under,action & adventure,1990,quigley down under,Netflix
Stargate SG-1,"classic & cult tv, tv action & adventure, tv sci-fi & fantasy",2006,stargate sg1,Netflix
The Bachelorette,"reality tv, romantic tv shows",2010,the bachelorette,Netflix
The Da Vinci Code,thrillers,2006,the da vinci code,Netflix
The Guest,"international tv shows, tv horror, tv mysteries",2018,the guest,Netflix
The Happytime Murders,"action & adventure, comedies",2018,the happytime murders,Netflix
The Holiday Movies That Made Us,docuseries,2020,the holiday movies that made us,Netflix
The Repair Shop,"british tv shows, reality tv",2018,the repair shop,Netflix
U-Turn,"horror movies, international movies",2020,uturn,Netflix
Finding Agnes,"dramas, international movies",2020,finding agnes,Netflix
Rust Creek,thrillers,2018,rust creek,Netflix
Spookley and the Christmas Kittens,children & family movies,2019,spookley and the christmas kittens,Netflix
The 2nd,action & adventure,2020,the 2nd,Netflix
The Uncanny Counter,"international tv shows, tv action & adventure, tv dramas",2020,the uncanny counter,Netflix
A Go! Go! Cory Carson Christmas,children & family movies,2020,a go go cory carson christmas,Netflix
Dance Dreams: Hot Chocolate Nutcracker,"children & family movies, documentaries",2020,dance dreams hot chocolate nutcracker,Netflix
Don’t Listen,"horror movies, international movies",2020,dont listen,Netflix
Fabulous Lives of Bollywood Wives,"international tv shows, reality tv",2020,fabulous lives of bollywood wives,Netflix
Heartbreak High,"international tv shows, tv dramas, teen tv shows",1999,heartbreak high,Netflix
Over Christmas,"international tv shows, romantic tv shows, tv comedies",2020,over christmas,Netflix
Sugar Rush Christmas,reality tv,2020,sugar rush christmas,Netflix
The Beast,"action & adventure, international movies",2020,the beast,Netflix
The Call,"international movies, thrillers",2020,the call,Netflix
Fantastica,"comedies, international movies, lgbtq movies",2018,fantastica,Netflix
Larry the Cable Guy: Remain Seated,stand-up comedy,2020,larry the cable guy remain seated,Netflix
Mosul,"action & adventure, dramas, international movies",2020,mosul,Netflix
Unexpectedly Yours,"comedies, international movies, romantic movies",2017,unexpectedly yours,Netflix
Ghosts of War,horror movies,2020,ghosts of war,Netflix
Great Pretender,"anime series, crime tv shows, international tv shows",2020,great pretender,Netflix
Shawn Mendes: Live in Concert,music & musicals,2020,shawn mendes live in concert,Netflix
The Christmas Chronicles: Part Two,"children & family movies, comedies",2020,the christmas chronicles part two,Netflix
Andhaghaaram,"horror movies, international movies, thrillers",2020,andhaghaaram,Netflix
Andhakaaram,"horror movies, international movies, thrillers",2020,andhakaaram,Netflix
Before 30,"international tv shows, romantic tv shows, tv comedies",2015,before 30,Netflix
Dragons: Rescue Riders: Huttsgalor Holiday,"children & family movies, comedies",2020,dragons rescue riders huttsgalor holiday,Netflix
Hillbilly Elegy,dramas,2020,hillbilly elegy,Netflix
Notes for My Son,"dramas, international movies",2020,notes for my son,Netflix
Valentino,"international tv shows, tv comedies, tv dramas",2020,valentino,Netflix
Hard Kill,action & adventure,2020,hard kill,Netflix
Shawn Mendes: In Wonder,"documentaries, music & musicals",2020,shawn mendes in wonder,Netflix
Strongest Deliveryman,"international tv shows, romantic tv shows, tv dramas",2017,strongest deliveryman,Netflix
The Suit,"action & adventure, comedies, international movies",2018,the suit,Netflix
Dolly Parton’s Christmas on the Square,"children & family movies, music & musicals",2020,dolly partons christmas on the square,Netflix
Machete Kills,action & adventure,2013,machete kills,Netflix
40 Sticks,"international movies, thrillers",2019,40 sticks,Netflix
Alien Xmas,children & family movies,2020,alien xmas,Netflix
Flavorful Origins,"docuseries, international tv shows",2020,flavorful origins,Netflix
Heart & Soul,"international tv shows, tv dramas",2019,heart  soul,Netflix
If Anything Happens I Love You,dramas,2020,if anything happens i love you,Netflix
Mismatched,"international tv shows, romantic tv shows, tv comedies",2020,mismatched,Netflix
The App That Stole Christmas,"children & family movies, comedies",2020,the app that stole christmas,Netflix
Voices of Fire,"docuseries, reality tv",2020,voices of fire,Netflix
Black Friday,"dramas, international movies",2004,black friday,Netflix
Bodyguard,"action & adventure, comedies, international movies",2011,bodyguard,Netflix
Break Ke Baad,"comedies, international movies, music & musicals",2010,break ke baad,Netflix
Hawaizaada,"dramas, international movies, romantic movies",2015,hawaizaada,Netflix
My Amnesia Girl,"international movies, romantic movies",2010,my amnesia girl,Netflix
Raman Raghav 2.0,"international movies, thrillers",2016,raman raghav 20,Netflix
Singham,"action & adventure, dramas, international movies",2011,singham,Netflix
TE3N,"dramas, international movies, thrillers",2016,te3n,Netflix
The Princess Switch: Switched Again,"children & family movies, comedies, dramas",2020,the princess switch switched again,Netflix
Three Words to Forever,"comedies, dramas, international movies",2018,three words to forever,Netflix
Well Done Abba,"comedies, international movies",2009,well done abba,Netflix
Holiday Home Makeover with Mr. Christmas,reality tv,2020,holiday home makeover with mr christmas,Netflix
Ainu Mosir,"dramas, international movies",2020,ainu mosir,Netflix
Kevin Hart: Zero F**ks Given,stand-up comedy,2020,kevin hart zero fks given,Netflix
The Boss Baby: Back in Business,"kids' tv, tv comedies",2020,the boss baby back in business,Netflix
We Are the Champions,"docuseries, reality tv",2020,we are the champions,Netflix
Loving,"dramas, romantic movies",2016,loving,Netflix
Whose Streets?,documentaries,2017,whose streets,Netflix
A Very Country Christmas,"music & musicals, romantic movies",2017,a very country christmas,Netflix
America's Next Top Model,reality tv,2013,americas next top model,Netflix
Beyblade Burst Rise,"anime series, kids' tv",2019,beyblade burst rise,Netflix
Cloudy with a Chance of Meatballs 2,"children & family movies, comedies",2013,cloudy with a chance of meatballs 2,Netflix
Hometown Holiday,romantic movies,2018,hometown holiday,Netflix
Polly Pocket,kids' tv,2021,polly pocket,Netflix
Survivor,reality tv,2014,survivor,Netflix
The Crown,"british tv shows, international tv shows, tv dramas",2020,the crown,Netflix
White Christmas,"children & family movies, classic movies, comedies",1954,white christmas,Netflix
Killer Cove,thrillers,2019,killer cove,Netflix
American Horror Story,"tv horror, tv mysteries, tv thrillers",2019,american horror story,Netflix
Fukrey Boyzzz: Space Mein Fukrapanti,"children & family movies, comedies",2020,fukrey boyzzz space mein fukrapanti,Netflix
Jingle Jangle: A Christmas Journey,"children & family movies, music & musicals",2020,jingle jangle a christmas journey,Netflix
The Beginning of Life 2: Outside,"documentaries, international movies",2020,the beginning of life 2 outside,Netflix
The Life Ahead,"dramas, international movies",2020,the life ahead,Netflix
The Minions of Midas,"crime tv shows, international tv shows, spanish-language tv shows",2020,the minions of midas,Netflix
A Very Special Love,"international movies, romantic movies",2008,a very special love,Netflix
Ethos,"international tv shows, tv dramas",2020,ethos,Netflix
First Love,"dramas, international movies, romantic movies",2018,first love,Netflix
Fruitvale Station,"dramas, independent movies",2013,fruitvale station,Netflix
Graceful Friends,"crime tv shows, international tv shows, tv dramas",2020,graceful friends,Netflix
Ludo,"comedies, dramas, international movies",2020,ludo,Netflix
Memories of a Teenager,"dramas, international movies, lgbtq movies",2019,memories of a teenager,Netflix
Prom Night,horror movies,2008,prom night,Netflix
A Queen Is Born,"international tv shows, reality tv",2020,a queen is born,Netflix
Aunty Donna's Big Ol' House of Fun,tv comedies,2020,aunty donnas big ol house of fun,Netflix
The Liberator,"tv action & adventure, tv dramas",2020,the liberator,Netflix
Trial 4,"crime tv shows, docuseries",2020,trial 4,Netflix
We Are All For The Fatherland,"documentaries, international movies",1979,we are all for the fatherland,Netflix
What We Wanted,"dramas, international movies",2020,what we wanted,Netflix
A Lion in the House,tv shows,2006,a lion in the house,Netflix
DASH & LILY,"romantic tv shows, tv comedies, tv dramas",2020,dash  lily,Netflix
Bakugan: Armored Alliance,"anime series, kids' tv",2020,bakugan armored alliance,Netflix
Bakugan: Battle Planet,"anime series, kids' tv",2018,bakugan battle planet,Netflix
Citation,"dramas, international movies",2020,citation,Netflix
Country Ever After,reality tv,2020,country ever after,Netflix
Girl's Revenge,"dramas, international movies",2020,girls revenge,Netflix
The Endless Trench,"dramas, independent movies, international movies",2019,the endless trench,Netflix
The Late Bloomer,comedies,2016,the late bloomer,Netflix
Wrong Kind of Black,"international tv shows, tv comedies, tv dramas",2018,wrong kind of black,Netflix
A New York Christmas Wedding,"dramas, lgbtq movies, romantic movies",2020,a new york christmas wedding,Netflix
Alone/Together,"dramas, international movies, romantic movies",2019,alonetogether,Netflix
Carmel: Who Killed Maria Marta?,"crime tv shows, docuseries, international tv shows",2020,carmel who killed maria marta,Netflix
Midnight at the Magnolia,"comedies, romantic movies",2020,midnight at the magnolia,Netflix
One More Try,"dramas, international movies, romantic movies",2012,one more try,Netflix
Operation Christmas Drop,"children & family movies, comedies, romantic movies",2020,operation christmas drop,Netflix
Paranormal,"international tv shows, tv dramas, tv horror",2020,paranormal,Netflix
A Christmas Catch,"dramas, romantic movies",2018,a christmas catch,Netflix
Christmas with a Prince,"comedies, dramas, romantic movies",2018,christmas with a prince,Netflix
Love & Anarchy,"international tv shows, romantic tv shows, tv comedies",2020,love  anarchy,Netflix
Miss India,"dramas, international movies",2020,miss india,Netflix
Felix Lobrecht: Hype,stand-up comedy,2020,felix lobrecht hype,Netflix
MOTHER,"dramas, international movies",2020,mother,Netflix
The Beginning of Life,"documentaries, international movies",2016,the beginning of life,Netflix
Ya no estoy aquí: Una conversación entre Guillermo del Toro y Alfonso Cuarón,documentaries,2020,ya no estoy aqu una conversacin entre guillermo del toro y alfonso cuarn,Netflix
Can You Hear Me?,"international tv shows, tv comedies, tv dramas",2020,can you hear me,Netflix
Prospect,"sci-fi & fantasy, thrillers",2018,prospect,Netflix
60 Days In,reality tv,2019,60 days in,Netflix
Christmas Break-In,"children & family movies, comedies",2019,christmas breakin,Netflix
Dawson's Creek,"romantic tv shows, tv dramas, teen tv shows",2002,dawsons creek,Netflix
Elf Pets: A Fox Cub’s Christmas Tale,children & family movies,2020,elf pets a fox cubs christmas tale,Netflix
Elf Pets: Santa’s Reindeer Rescue,children & family movies,2020,elf pets santas reindeer rescue,Netflix
Elliot the Littlest Reindeer,children & family movies,2018,elliot the littlest reindeer,Netflix
Forged in Fire,reality tv,2019,forged in fire,Netflix
Leah Remini: Scientology and the Aftermath,docuseries,2018,leah remini scientology and the aftermath,Netflix
LEGO Jurassic World: Legend of Isla Nublar,kids' tv,2019,lego jurassic world legend of isla nublar,Netflix
LEGO Jurassic World: Secret Exhibit,kids' tv,2018,lego jurassic world secret exhibit,Netflix
LEGO Ninjago,kids' tv,2020,lego ninjago,Netflix
LEGO Ninjago: Masters of Spinjitzu,kids' tv,2019,lego ninjago masters of spinjitzu,Netflix
LEGO: CITY Adventures,"kids' tv, tv comedies",2019,lego city adventures,Netflix
Little Monsters,"children & family movies, comedies",1989,little monsters,Netflix
Mile 22,action & adventure,2018,mile 22,Netflix
Piercing,"dramas, independent movies, thrillers",2018,piercing,Netflix
Snowden,"dramas, thrillers",2016,snowden,Netflix
The Garfield Show,"kids' tv, tv comedies",2018,the garfield show,Netflix
The Good Detective,"crime tv shows, international tv shows, tv dramas",2020,the good detective,Netflix
The Impossible,dramas,2012,the impossible,Netflix
The Next Karate Kid,"action & adventure, dramas, sports movies",1994,the next karate kid,Netflix
Voice,"crime tv shows, international tv shows, korean tv shows",2018,voice,Netflix
Wheels of Fortune,"comedies, sports movies",2020,wheels of fortune,Netflix
Afronta! Facing It!,"docuseries, international tv shows",2017,afronta facing it,Netflix
The 12th Man,"action & adventure, dramas, international movies",2018,the 12th man,Netflix
Zumbo's Just Desserts,"international tv shows, reality tv",2019,zumbos just desserts,Netflix
Hidden in Plain Sight,"dramas, independent movies, thrillers",2019,hidden in plain sight,Netflix
His House,"horror movies, independent movies",2020,his house,Netflix
In Line,"dramas, international movies",2017,in line,Netflix
Kaali Khuhi,"horror movies, international movies",2020,kaali khuhi,Netflix
Kongsuni and Friends,"kids' tv, korean tv shows",2020,kongsuni and friends,Netflix
Marvel's Agents of S.H.I.E.L.D.,"tv action & adventure, tv sci-fi & fantasy",2020,marvels agents of shield,Netflix
Rogue City,"dramas, international movies, thrillers",2020,rogue city,Netflix
Somebody Feed Phil,"docuseries, reality tv",2020,somebody feed phil,Netflix
Suburra: Blood on Rome,"crime tv shows, international tv shows, tv dramas",2020,suburra blood on rome,Netflix
The Day of the Lord,"horror movies, international movies",2020,the day of the lord,Netflix
Pagpag: Nine Lives,"horror movies, international movies",2013,pagpag nine lives,Netflix
Holidate,"comedies, romantic movies",2020,holidate,Netflix
La Gran Ilusión,international movies,2016,la gran ilusin,Netflix
Metallica Through The Never,music & musicals,2013,metallica through the never,Netflix
Nobody Sleeps in the Woods Tonight,"horror movies, international movies",2020,nobody sleeps in the woods tonight,Netflix
Secrets of the Saqqara Tomb,documentaries,2020,secrets of the saqqara tomb,Netflix
Blood of Zeus,anime series,2020,blood of zeus,Netflix
Chico Bon Bon: Monkey with a Tool Belt,kids' tv,2020,chico bon bon monkey with a tool belt,Netflix
Guillermo Vilas: Settling the Score,"documentaries, international movies, sports movies",2020,guillermo vilas settling the score,Netflix
Sarah Cooper: Everything's Fine,comedies,2020,sarah cooper everythings fine,Netflix
The Devil Punisher,"international tv shows, romantic tv shows, tv mysteries",2020,the devil punisher,Netflix
Ajab Prem Ki Ghazab Kahani,"comedies, international movies, music & musicals",2009,ajab prem ki ghazab kahani,Netflix
Black '47,"action & adventure, dramas, independent movies",2018,black 47,Netflix
I Am Woman,"dramas, music & musicals",2019,i am woman,Netflix
Alice Junior,"comedies, international movies, lgbtq movies",2019,alice junior,Netflix
Barbarians,"international tv shows, tv action & adventure, tv dramas",2020,barbarians,Netflix
Move,"docuseries, international tv shows",2020,move,Netflix
Over the Moon,"children & family movies, music & musicals",2020,over the moon,Netflix
Shattered Memories,"dramas, thrillers",2018,shattered memories,Netflix
Stolen Away,"crime tv shows, international tv shows, spanish-language tv shows",2020,stolen away,Netflix
The Queen's Gambit,tv dramas,2020,the queens gambit,Netflix
Bending the Arc,documentaries,2017,bending the arc,Netflix
Cadaver,"horror movies, international movies",2020,cadaver,Netflix
Exes Baggage,"dramas, international movies, romantic movies",2018,exes baggage,Netflix
Fisherman's Friends,"comedies, dramas, music & musicals",2019,fishermans friends,Netflix
The Hows of Us,"dramas, international movies, romantic movies",2018,the hows of us,Netflix
The Hummingbird Project,"dramas, independent movies",2018,the hummingbird project,Netflix
"Yes, God, Yes","comedies, dramas, independent movies",2020,yes god yes,Netflix
Brave Blue World: Racing to Solve Our Water Crisis,"documentaries, international movies",2020,brave blue world racing to solve our water crisis,Netflix
My Next Guest Needs No Introduction With David Letterman,stand-up comedy & talk shows,2020,my next guest needs no introduction with david letterman,Netflix
Rebecca,"dramas, romantic movies, thrillers",2020,rebecca,Netflix
The Magic School Bus Rides Again The Frizz Connection,children & family movies,2020,the magic school bus rides again the frizz connection,Netflix
Tremors: Shrieker Island,"action & adventure, horror movies",2020,tremors shrieker island,Netflix
Beirut Oh Beirut,"classic movies, dramas, international movies",1975,beirut oh beirut,Netflix
Bosta,"dramas, international movies, music & musicals",2005,bosta,Netflix
Ghadi,"comedies, dramas, international movies",2013,ghadi,Netflix
Heritages,"documentaries, international movies",2014,heritages,Netflix
Listen,"dramas, independent movies, international movies",2017,listen,Netflix
Out of Life,"classic movies, dramas, independent movies",1991,out of life,Netflix
Panoptic,"documentaries, international movies",2017,panoptic,Netflix
Taxi Ballad,"dramas, international movies",2012,taxi ballad,Netflix
The Kite,"dramas, international movies, romantic movies",2003,the kite,Netflix
The Little Wars,"dramas, independent movies, international movies",1982,the little wars,Netflix
Under the Bombs,"dramas, independent movies, international movies",2007,under the bombs,Netflix
Unsolved Mysteries,"crime tv shows, docuseries",2020,unsolved mysteries,Netflix
West Beirut,"dramas, international movies",1999,west beirut,Netflix
What Did I Mess,"comedies, international movies, romantic movies",2018,what did i mess,Netflix
Whispers,"documentaries, international movies",1980,whispers,Netflix
Zozo,"dramas, international movies",2005,zozo,Netflix
ParaNorman,"children & family movies, comedies",2012,paranorman,Netflix
I Am Vengeance: Retaliation,action & adventure,2020,i am vengeance retaliation,Netflix
Disconnect,"comedies, international movies, romantic movies",2018,disconnect,Netflix
Grand Army,"tv dramas, teen tv shows",2020,grand army,Netflix
In a Valley of Violence,action & adventure,2016,in a valley of violence,Netflix
La Révolution,"international tv shows, tv action & adventure, tv dramas",2020,la rvolution,Netflix
Someone Has to Die,"crime tv shows, international tv shows, spanish-language tv shows",2020,someone has to die,Netflix
The Last Kids on Earth,"kids' tv, tv comedies",2020,the last kids on earth,Netflix
The Trial of the Chicago 7,dramas,2020,the trial of the chicago 7,Netflix
Unfriended,"horror movies, thrillers",2014,unfriended,Netflix
A Babysitter's Guide to Monster Hunting,children & family movies,2020,a babysitters guide to monster hunting,Netflix
Batman: The Killing Joke,action & adventure,2016,batman the killing joke,Netflix
El-Khawaga's Dilemma,"action & adventure, comedies, international movies",2018,elkhawagas dilemma,Netflix
Fireman Sam,"british tv shows, kids' tv",2018,fireman sam,Netflix
Half & Half,tv comedies,2005,half  half,Netflix
Kartini: Princess of Java,"dramas, international movies",2017,kartini princess of java,Netflix
Love Like the Falling Rain,"dramas, international movies, romantic movies",2020,love like the falling rain,Netflix
One on One,"tv comedies, teen tv shows",2006,one on one,Netflix
Power Rangers Beast Morphers,kids' tv,2020,power rangers beast morphers,Netflix
Rooting for Roona,"documentaries, international movies",2020,rooting for roona,Netflix
Social Distance,"tv comedies, tv dramas",2020,social distance,Netflix
A Choo,"action & adventure, international movies, romantic movies",2020,a choo,Netflix
BLACKPINK: Light Up the Sky,"documentaries, music & musicals",2020,blackpink light up the sky,Netflix
The Three Deaths of Marisela Escobedo,"documentaries, international movies",2020,the three deaths of marisela escobedo,Netflix
Fida,"international movies, romantic movies, thrillers",2004,fida,Netflix
Octonauts & the Great Barrier Reef,children & family movies,2020,octonauts  the great barrier reef,Netflix
The Cabin with Bert Kreischer,"reality tv, tv comedies",2020,the cabin with bert kreischer,Netflix
Dil,"comedies, dramas, international movies",1990,dil,Netflix
Disco Dancer,"cult movies, dramas, international movies",1982,disco dancer,Netflix
Hunterrr,"comedies, international movies, romantic movies",2015,hunterrr,Netflix
Kipo and the Age of Wonderbeasts,"kids' tv, tv comedies",2020,kipo and the age of wonderbeasts,Netflix
Phir Hera Pheri,"comedies, international movies",2006,phir hera pheri,Netflix
The Legend of Bhagat Singh,"dramas, international movies",2002,the legend of bhagat singh,Netflix
House of the Witch,horror movies,2017,house of the witch,Netflix
Deaf U,docuseries,2020,deaf u,Netflix
Ginny Weds Sunny,"comedies, international movies, romantic movies",2020,ginny weds sunny,Netflix
My Step Dad: The Hippie,"comedies, international movies",2018,my step dad the hippie,Netflix
Super Monsters: Dia de los Monsters,children & family movies,2020,super monsters dia de los monsters,Netflix
The Forty-Year-Old Version,"comedies, dramas, independent movies",2020,the fortyyearold version,Netflix
The Haunting of Bly Manor,"tv dramas, tv horror, tv mysteries",2020,the haunting of bly manor,Netflix
Bigflo & Oli: Hip Hop Frenzy,"documentaries, international movies, music & musicals",2020,bigflo  oli hip hop frenzy,Netflix
Do Do Sol Sol La La Sol,"international tv shows, romantic tv shows, tv comedies",2020,do do sol sol la la sol,Netflix
Palermo Hollywood,"dramas, international movies",2004,palermo hollywood,Netflix
Private Lives,"crime tv shows, international tv shows, tv dramas",2020,private lives,Netflix
The 100,"tv action & adventure, tv dramas, tv sci-fi & fantasy",2020,the 100,Netflix
Hubie Halloween,"comedies, horror movies",2020,hubie halloween,Netflix
To the Lake,"international tv shows, tv dramas, tv mysteries",2020,to the lake,Netflix
American Pie 9: Girls' Rules,comedies,2020,american pie 9 girls rules,Netflix
Dolly Parton: Here I Am,"documentaries, music & musicals",2019,dolly parton here i am,Netflix
StarBeam: Halloween Hero,children & family movies,2020,starbeam halloween hero,Netflix
Walk Away from Love,"dramas, romantic movies",2017,walk away from love,Netflix
Bad Boy Billionaires: India,"british tv shows, docuseries, international tv shows",2020,bad boy billionaires india,Netflix
David Attenborough: A Life on Our Planet,documentaries,2020,david attenborough a life on our planet,Netflix
"Best Wishes, Warmest Regards: A Schitt's Creek Farewell","documentaries, lgbtq movies",2020,best wishes warmest regards a schitts creek farewell,Netflix
Good Game: The Beginning,"dramas, international movies, sports movies",2018,good game the beginning,Netflix
Pat a Pat Como,kids' tv,2016,pat a pat como,Netflix
Qurious Como,kids' tv,2017,qurious como,Netflix
A Chaster Marriage,"comedies, international movies, romantic movies",2016,a chaster marriage,Netflix
A Go! Go! Cory Carson Halloween,children & family movies,2020,a go go cory carson halloween,Netflix
DreamWorks Happy Holidays from Madagascar,"kids' tv, tv comedies",2005,dreamworks happy holidays from madagascar,Netflix
Emily in Paris,"romantic tv shows, tv comedies, tv dramas",2020,emily in paris,Netflix
H2O: Just Add Water,"kids' tv, tv dramas",2009,h2o just add water,Netflix
Òlòtūré,"dramas, international movies",2020,ltr,Netflix
Serious Men,"comedies, dramas, international movies",2020,serious men,Netflix
The Binding,"horror movies, international movies, thrillers",2020,the binding,Netflix
Turkish Dance School,"comedies, international movies, romantic movies",2017,turkish dance school,Netflix
Vampires vs. the Bronx,"comedies, horror movies",2020,vampires vs the bronx,Netflix
You've Got This,"comedies, international movies, romantic movies",2020,youve got this,Netflix
All Because of You,"action & adventure, comedies, international movies",2020,all because of you,Netflix
An Ordinary Man,"dramas, thrillers",2017,an ordinary man,Netflix
Carlos Almaraz: Playing with Fire,"documentaries, lgbtq movies",2019,carlos almaraz playing with fire,Netflix
Cold Harbour,"action & adventure, dramas, international movies",2013,cold harbour,Netflix
Evil,tv dramas,2019,evil,Netflix
Familiar Wife,"international tv shows, romantic tv shows, tv dramas",2018,familiar wife,Netflix
Food Wars!: Shokugeki no Soma,"anime series, international tv shows, teen tv shows",2016,food wars shokugeki no soma,Netflix
Free State of Jones,"action & adventure, dramas",2016,free state of jones,Netflix
"Good Morning, Verônica","crime tv shows, international tv shows, tv mysteries",2020,good morning vernica,Netflix
Human Nature,documentaries,2019,human nature,Netflix
Hunt for the Wilderpeople,"action & adventure, comedies, dramas",2016,hunt for the wilderpeople,Netflix
I'm Leaving Now,"documentaries, international movies",2019,im leaving now,Netflix
Journey of an African Colony,"docuseries, international tv shows",2018,journey of an african colony,Netflix
Oktoberfest: Beer & Blood,"international tv shows, tv dramas",2020,oktoberfest beer  blood,Netflix
Rize,"documentaries, music & musicals",2005,rize,Netflix
Secreto bien guardado,"international tv shows, romantic tv shows, spanish-language tv shows",2019,secreto bien guardado,Netflix
Sword Art Online,"anime series, international tv shows",2018,sword art online,Netflix
The American Game,"comedies, international movies, romantic movies",2019,the american game,Netflix
The Book of Sun,"comedies, independent movies, international movies",2020,the book of sun,Netflix
The Outpost,"action & adventure, dramas",2020,the outpost,Netflix
The Parkers,tv comedies,2003,the parkers,Netflix
The Unicorn,"tv comedies, tv dramas",2019,the unicorn,Netflix
We Have Always Lived in the Castle,"dramas, thrillers",2018,we have always lived in the castle,Netflix
You Cannot Hide,"crime tv shows, international tv shows, spanish-language tv shows",2020,you cannot hide,Netflix
American Murder: The Family Next Door,documentaries,2020,american murder the family next door,Netflix
Baxu and the Giants,"dramas, international movies",2019,baxu and the giants,Netflix
Black Butler,"anime series, international tv shows",2010,black butler,Netflix
Man with a Plan,tv comedies,2020,man with a plan,Netflix
Poacher,"dramas, international movies, thrillers",2018,poacher,Netflix
The Boys in the Band,"dramas, lgbtq movies",2020,the boys in the band,Netflix
The Boys in the Band: Something Personal,"documentaries, lgbtq movies",2020,the boys in the band something personal,Netflix
Wentworth,"crime tv shows, tv dramas",2020,wentworth,Netflix
Bully,documentaries,2012,bully,Netflix
Michelle Buteau: Welcome to Buteaupia,stand-up comedy,2020,michelle buteau welcome to buteaupia,Netflix
Welcome to Sudden Death,action & adventure,2020,welcome to sudden death,Netflix
Amandla! A Revolution in Four Part Harmony,"documentaries, international movies, music & musicals",2002,amandla a revolution in four part harmony,Netflix
Ankhon Dekhi,"dramas, independent movies, international movies",2013,ankhon dekhi,Netflix
Dedh Ishqiya,"comedies, dramas, international movies",2014,dedh ishqiya,Netflix
Golmaal Returns,"comedies, international movies, music & musicals",2008,golmaal returns,Netflix
Ishq Vishk,"comedies, international movies, music & musicals",2003,ishq vishk,Netflix
Ishqiya,"comedies, international movies, romantic movies",2009,ishqiya,Netflix
Jab We Met,"comedies, international movies, music & musicals",2007,jab we met,Netflix
Mann,"dramas, international movies, romantic movies",1999,mann,Netflix
Manorama Six Feet Under,"dramas, international movies, thrillers",2007,manorama six feet under,Netflix
Welcome,"comedies, international movies, music & musicals",2007,welcome,Netflix
"Whose Vote Counts, Explained",docuseries,2020,whose vote counts explained,Netflix
Van Helsing,"international tv shows, tv action & adventure, tv dramas",2019,van helsing,Netflix
The Good Place,tv comedies,2020,the good place,Netflix
Time Out,"dramas, independent movies, international movies",2015,time out,Netflix
A Perfect Crime,"crime tv shows, docuseries, international tv shows",2020,a perfect crime,Netflix
Mighty Little Bheem,"kids' tv, tv comedies",2020,mighty little bheem,Netflix
My Mother's Wound,"dramas, international movies",2016,my mothers wound,Netflix
Sneakerheads,tv comedies,2020,sneakerheads,Netflix
The School Nurse Files,"international tv shows, tv dramas, tv mysteries",2020,the school nurse files,Netflix
Zulu Man in Japan,"documentaries, international movies, music & musicals",2019,zulu man in japan,Netflix
Real Steel,"action & adventure, sci-fi & fantasy, sports movies",2011,real steel,Netflix
The Chef Show,docuseries,2020,the chef show,Netflix
Enola Holmes,"action & adventure, children & family movies, dramas",2020,enola holmes,Netflix
Kiss the Ground,documentaries,2020,kiss the ground,Netflix
The Playbook,docuseries,2020,the playbook,Netflix
A Love Song for Latasha,documentaries,2020,a love song for latasha,Netflix
DTC Yukemuri Junjo Hen From High & Low,"dramas, international movies",2018,dtc yukemuri junjo hen from high  low,Netflix
High & Low The Movie,"action & adventure, international movies",2016,high  low the movie,Netflix
High & Low The Movie 2 / End of Sky,"action & adventure, international movies",2017,high  low the movie 2  end of sky,Netflix
High & Low The Movie 3 / Final Mission,"action & adventure, international movies",2017,high  low the movie 3  final mission,Netflix
High & Low The Red Rain,"action & adventure, international movies",2016,high  low the red rain,Netflix
High & Low The Worst,"action & adventure, international movies",2019,high  low the worst,Netflix
Road To High & Low,"action & adventure, international movies",2016,road to high  low,Netflix
The Blue Elephant 2,"horror movies, international movies, thrillers",2019,the blue elephant 2,Netflix
Bhaji In Problem,"comedies, international movies",2013,bhaji in problem,Netflix
Black,"action & adventure, international movies",2015,black,Netflix
Fukrey Boyzzz,"kids' tv, tv comedies",2020,fukrey boyzzz,Netflix
Saheb Biwi Aur Gangster Returns,"dramas, international movies, romantic movies",2013,saheb biwi aur gangster returns,Netflix
Santa Banta Pvt Ltd,"comedies, international movies",2016,santa banta pvt ltd,Netflix
The Royal Bengal Tiger,"dramas, international movies, thrillers",2014,the royal bengal tiger,Netflix
Dolly Kitty Aur Woh Chamakte Sitare,"dramas, independent movies, international movies",2020,dolly kitty aur woh chamakte sitare,Netflix
Ratched,"tv dramas, tv horror, tv mysteries",2020,ratched,Netflix
The American Barbecue Showdown,reality tv,2020,the american barbecue showdown,Netflix
The Blacklist,"crime tv shows, tv dramas, tv thrillers",2019,the blacklist,Netflix
Whipped,"comedies, international movies, romantic movies",2020,whipped,Netflix
Anaamika,"international movies, thrillers",2014,anaamika,Netflix
Dragon's Dogma,"anime series, international tv shows",2020,dragons dogma,Netflix
GIMS: On the Record,"documentaries, international movies, music & musicals",2020,gims on the record,Netflix
Horrid Henry's Gross Day Out,"children & family movies, comedies",2020,horrid henrys gross day out,Netflix
Nee Enge En Anbe,"international movies, thrillers",2014,nee enge en anbe,Netflix
Residue,"dramas, independent movies",2020,residue,Netflix
The Last Word,"international tv shows, tv comedies, tv dramas",2020,the last word,Netflix
Baby,"international tv shows, tv dramas, teen tv shows",2020,baby,Netflix
Challenger,"docuseries, science & nature tv",2020,challenger,Netflix
Criminal: UK,"british tv shows, crime tv shows, international tv shows",2020,criminal uk,Netflix
Dr Jason Leong Hashtag Blessed,stand-up comedy,2018,dr jason leong hashtag blessed,Netflix
Signs,"crime tv shows, international tv shows, tv dramas",2020,signs,Netflix
Sing On!,reality tv,2020,sing on,Netflix
The Devil All The Time,"dramas, thrillers",2020,the devil all the time,Netflix
The Paramedic,"dramas, international movies, thrillers",2020,the paramedic,Netflix
The Take,"action & adventure, international movies",2016,the take,Netflix
Call the Midwife,"british tv shows, international tv shows, tv dramas",2020,call the midwife,Netflix
Hope Frozen: A Quest to Live Twice,"documentaries, international movies",2020,hope frozen a quest to live twice,Netflix
Michael McIntyre: Showman,stand-up comedy,2020,michael mcintyre showman,Netflix
Raising Victor Vargas,"dramas, independent movies, romantic movies",2002,raising victor vargas,Netflix
Taco Chronicles,"docuseries, international tv shows, reality tv",2020,taco chronicles,Netflix
The Smurfs 2,"children & family movies, comedies",2013,the smurfs 2,Netflix
Wish Upon a Unicorn,children & family movies,2020,wish upon a unicorn,Netflix
Lara and the Beat,"dramas, international movies, music & musicals",2018,lara and the beat,Netflix
Buddi,"british tv shows, kids' tv",2020,buddi,Netflix
Dad Wanted,"children & family movies, comedies, dramas",2020,dad wanted,Netflix
Family Business,"international tv shows, tv comedies, tv dramas",2020,family business,Netflix
Girlfriends,tv comedies,2007,girlfriends,Netflix
How to Train Your Dragon 2,children & family movies,2014,how to train your dragon 2,Netflix
Pets United,"children & family movies, comedies",2020,pets united,Netflix
The Barrier,"international tv shows, spanish-language tv shows, tv dramas",2020,the barrier,Netflix
The Duchess,"british tv shows, international tv shows, tv comedies",2020,the duchess,Netflix
Wonho Chung: Live in New York,stand-up comedy,2014,wonho chung live in new york,Netflix
Aapla Manus,"dramas, international movies, thrillers",2018,aapla manus,Netflix
Ani... Dr. Kashinath Ghanekar,"dramas, international movies",2018,ani dr kashinath ghanekar,Netflix
Bhai: Vyakti Ki Valli - Poorvardha,"dramas, international movies",2019,bhai vyakti ki valli  poorvardha,Netflix
Bhai: Vyakti Ki Valli - Uttarardh,"dramas, international movies",2019,bhai vyakti ki valli  uttarardh,Netflix
Cycle,"comedies, dramas, international movies",2018,cycle,Netflix
Dhh,"children & family movies, dramas, international movies",2017,dhh,Netflix
Greenleaf,tv dramas,2020,greenleaf,Netflix
Julie and the Phantoms,"kids' tv, tv comedies",2020,julie and the phantoms,Netflix
Kaagar,"dramas, international movies, romantic movies",2019,kaagar,Netflix
Night of Knots,"comedies, international movies, romantic movies",2018,night of knots,Netflix
PhotoCopy,"comedies, dramas, international movies",2016,photocopy,Netflix
Poshter Girl,"comedies, dramas, international movies",2016,poshter girl,Netflix
Satria Heroes: Revenge of the Darkness,children & family movies,2017,satria heroes revenge of the darkness,Netflix
Son Of Adam,"dramas, international movies, thrillers",2018,son of adam,Netflix
The Babysitter: Killer Queen,"comedies, horror movies",2020,the babysitter killer queen,Netflix
Cargo,"comedies, dramas, independent movies",2020,cargo,Netflix
Cuties,"dramas, international movies",2020,cuties,Netflix
Get Organized with The Home Edit,reality tv,2020,get organized with the home edit,Netflix
La Línea: Shadow of Narco,"crime tv shows, docuseries, international tv shows",2020,la lnea shadow of narco,Netflix
So Much Love to Give,"comedies, international movies, music & musicals",2020,so much love to give,Netflix
The Social Dilemma,documentaries,2020,the social dilemma,Netflix
#Alive,"horror movies, international movies, thrillers",2020,alive,Netflix
Record of Youth,"international tv shows, romantic tv shows, tv dramas",2020,record of youth,Netflix
My Octopus Teacher,"children & family movies, documentaries, international movies",2020,my octopus teacher,Netflix
Toll Booth,"dramas, independent movies, international movies",2010,toll booth,Netflix
Transformers: Cyberverse,kids' tv,2020,transformers cyberverse,Netflix
"Waiting for ""Superman""",documentaries,2010,waiting for superman,Netflix
Cleverman,"tv dramas, tv sci-fi & fantasy, tv thrillers",2017,cleverman,Netflix
Villain,dramas,2020,villain,Netflix
Away,"romantic tv shows, tv dramas, tv sci-fi & fantasy",2020,away,Netflix
I'm Thinking of Ending Things,"dramas, independent movies",2020,im thinking of ending things,Netflix
Kandasamys: The Wedding,"comedies, dramas, international movies",2019,kandasamys the wedding,Netflix
Spirit Riding Free: Riding Academy,kids' tv,2020,spirit riding free riding academy,Netflix
The Lost Okoroshi,"comedies, dramas, independent movies",2019,the lost okoroshi,Netflix
You're My Boss,"comedies, international movies, romantic movies",2015,youre my boss,Netflix
Afonso Padilha: Classless,stand-up comedy,2020,afonso padilha classless,Netflix
Ave Maryam,"dramas, independent movies, international movies",2018,ave maryam,Netflix
"Love, Guaranteed","comedies, independent movies, romantic movies",2020,love guaranteed,Netflix
Young Wallander,"crime tv shows, international tv shows, tv dramas",2020,young wallander,Netflix
Chef's Table: BBQ,"docuseries, reality tv",2020,chefs table bbq,Netflix
Freaks – You're One of Us,"dramas, independent movies, international movies",2020,freaks  youre one of us,Netflix
Hotel for Dogs,"children & family movies, comedies",2009,hotel for dogs,Netflix
Sky Tour: The Movie,"documentaries, international movies, music & musicals",2020,sky tour the movie,Netflix
The Witcher: A Look Inside the Episodes,"docuseries, tv sci-fi & fantasy",2020,the witcher a look inside the episodes,Netflix
Adrift,"action & adventure, dramas, romantic movies",2018,adrift,Netflix
Always Be My Maybe,"international movies, romantic movies",2016,always be my maybe,Netflix
Barbie Princess Adventure,"children & family movies, music & musicals",2020,barbie princess adventure,Netflix
Blue Exorcist,"anime series, international tv shows",2017,blue exorcist,Netflix
Bookmarks,kids' tv,2020,bookmarks,Netflix
Borgen,"international tv shows, tv dramas",2012,borgen,Netflix
Children of the Sea,"anime features, international movies",2019,children of the sea,Netflix
Erased,"anime series, international tv shows, tv thrillers",2016,erased,Netflix
Fate/Grand Order -First Order-,"action & adventure, anime features, international movies",2016,fategrand order first order,Netflix
Felipe Esparza: Bad Decisions,"stand-up comedy & talk shows, tv comedies",2020,felipe esparza bad decisions,Netflix
H,"international tv shows, tv comedies",2002,h,Netflix
Heidi,kids' tv,2020,heidi,Netflix
Puss in Boots,"children & family movies, comedies",2011,puss in boots,Netflix
Sex Drive,comedies,2008,sex drive,Netflix
"Sister, Sister","tv comedies, teen tv shows",1998,sister sister,Netflix
Soldier,"comedies, dramas, international movies",1998,soldier,Netflix
"Take the Ball, Pass the Ball","documentaries, international movies, sports movies",2018,take the ball pass the ball,Netflix
The Boss Baby: Get That Baby!,"children & family movies, comedies",2020,the boss baby get that baby,Netflix
The Match,"dramas, international movies, sports movies",2020,the match,Netflix
The Promised Neverland,"anime series, international tv shows, tv thrillers",2019,the promised neverland,Netflix
The Smurfs,"children & family movies, comedies",2011,the smurfs,Netflix
Thomas and Friends,"british tv shows, classic & cult tv, kids' tv",2020,thomas and friends,Netflix
True: Friendship Day,children & family movies,2020,true friendship day,Netflix
Maniyarayile Ashokan,"comedies, international movies, romantic movies",2020,maniyarayile ashokan,Netflix
The Debt Collector 2,action & adventure,2020,the debt collector 2,Netflix
All Together Now,dramas,2020,all together now,Netflix
I AM A KILLER: RELEASED,"british tv shows, crime tv shows, docuseries",2020,i am a killer released,Netflix
Masaba Masaba,"international tv shows, tv comedies, tv dramas",2020,masaba masaba,Netflix
Santana,"action & adventure, international movies",2020,santana,Netflix
Unknown Origins,"international movies, thrillers",2020,unknown origins,Netflix
Aggretsuko,"anime series, international tv shows",2020,aggretsuko,Netflix
Edge of Seventeen,"comedies, dramas, independent movies",1998,edge of seventeen,Netflix
The Bridge Curse,"horror movies, international movies, thrillers",2020,the bridge curse,Netflix
The Young Messiah,"dramas, faith & spirituality",2016,the young messiah,Netflix
Her Mother's Killer,"international tv shows, spanish-language tv shows, tv dramas",2020,her mothers killer,Netflix
Lingua Franca,"dramas, international movies, lgbtq movies",2019,lingua franca,Netflix
Making The Witcher,documentaries,2020,making the witcher,Netflix
Million Dollar Beach House,reality tv,2020,million dollar beach house,Netflix
Rising Phoenix,"documentaries, international movies, sports movies",2020,rising phoenix,Netflix
Emily's Wonder Lab,kids' tv,2020,emilys wonder lab,Netflix
Trinkets,"tv dramas, teen tv shows",2020,trinkets,Netflix
Septembers of Shiraz,"dramas, thrillers",2016,septembers of shiraz,Netflix
Baewatch: Parental Guidance,"british tv shows, reality tv, romantic tv shows",2019,baewatch parental guidance,Netflix
Ojos in d' House,"international tv shows, tv comedies",2013,ojos in d house,Netflix
Class of '83,"dramas, international movies, thrillers",2020,class of 83,Netflix
Dark Forces,"horror movies, independent movies, international movies",2020,dark forces,Netflix
Hoops,tv comedies,2020,hoops,Netflix
Rust Valley Restorers,"international tv shows, reality tv",2020,rust valley restorers,Netflix
The Sleepover,"action & adventure, children & family movies, comedies",2020,the sleepover,Netflix
Goedam,"international tv shows, tv horror, tv mysteries",2020,goedam,Netflix
John Was Trying to Contact Aliens,"documentaries, lgbtq movies",2020,john was trying to contact aliens,Netflix
Scarecrow,"comedies, international movies",2019,scarecrow,Netflix
The Crimes That Bind,"dramas, international movies",2020,the crimes that bind,Netflix
DeMarcus Family Rules,reality tv,2020,demarcus family rules,Netflix
High Score,"docuseries, science & nature tv",2020,high score,Netflix
Little Singham: Kaal Ka Badla,"children & family movies, comedies",2020,little singham kaal ka badla,Netflix
Drunk Parents,comedies,2019,drunk parents,Netflix
Meet the In-Laws,"comedies, dramas, international movies",2017,meet the inlaws,Netflix
Crazy Awesome Teachers,"comedies, dramas, international movies",2020,crazy awesome teachers,Netflix
Glitch Techs,kids' tv,2020,glitch techs,Netflix
Islands of Faith,"documentaries, faith & spirituality, international movies",2018,islands of faith,Netflix
Les Misérables,"dramas, international movies, music & musicals",2012,les misrables,Netflix
Seventh Son,"action & adventure, sci-fi & fantasy",2014,seventh son,Netflix
Stranger,"crime tv shows, international tv shows, korean tv shows",2020,stranger,Netflix
Dérè: An African Tale,"international tv shows, romantic tv shows, tv dramas",2016,dr an african tale,Netflix
Rita,"international tv shows, tv comedies, tv dramas",2020,rita,Netflix
Takki,"international tv shows, tv dramas",2014,takki,Netflix
What's Your Raashee?,"comedies, international movies, music & musicals",2009,whats your raashee,Netflix
3%,"international tv shows, tv dramas, tv sci-fi & fantasy",2020,3,Netflix
Beyond the Boundary: ICC Women's T20 World Cup Australia 2020,"documentaries, international movies, sports movies",2020,beyond the boundary icc womens t20 world cup australia 2020,Netflix
Fearless,"children & family movies, comedies",2020,fearless,Netflix
Nigerian Prince,"dramas, independent movies",2018,nigerian prince,Netflix
Octonauts & the Caves of Sac Actun,children & family movies,2020,octonauts  the caves of sac actun,Netflix
Project Power,action & adventure,2020,project power,Netflix
Teenage Bounty Hunters,"crime tv shows, tv comedies, tv dramas",2020,teenage bounty hunters,Netflix
The Great Heist,"crime tv shows, international tv shows, spanish-language tv shows",2020,the great heist,Netflix
The Legend of Korra,"kids' tv, tv action & adventure, tv sci-fi & fantasy",2014,the legend of korra,Netflix
Zoids Wild,"anime series, kids' tv",2018,zoids wild,Netflix
An Easy Girl,"comedies, dramas, international movies",2019,an easy girl,Netflix
Christine,"dramas, independent movies",2016,christine,Netflix
Simon Killer,"dramas, independent movies, thrillers",2012,simon killer,Netflix
(Un)Well,reality tv,2020,unwell,Netflix
Gunjan Saxena: The Kargil Girl,"action & adventure, dramas, international movies",2020,gunjan saxena the kargil girl,Netflix
Mr. Peabody & Sherman,"children & family movies, comedies, sci-fi & fantasy",2014,mr peabody  sherman,Netflix
"Rob Schneider: Asian Momma, Mexican Kids",stand-up comedy,2020,rob schneider asian momma mexican kids,Netflix
GAME ON: A Comedy Crossover Event,"kids' tv, tv comedies",2020,game on a comedy crossover event,Netflix
Terrace House: Tokyo 2019-2020,"international tv shows, reality tv",2019,terrace house tokyo 20192020,Netflix
The Lost Husband,"dramas, romantic movies",2020,the lost husband,Netflix
Diamonds in the Sky,"dramas, international movies",2018,diamonds in the sky,Netflix
The Governor,"international tv shows, tv dramas",2016,the governor,Netflix
We Summon the Darkness,"horror movies, thrillers",2020,we summon the darkness,Netflix
"Berlin, Berlin: Lolle on the Run","comedies, international movies",2020,berlin berlin lolle on the run,Netflix
High Seas,"crime tv shows, international tv shows, spanish-language tv shows",2020,high seas,Netflix
Selling Sunset,reality tv,2020,selling sunset,Netflix
Sing On! Germany,"international tv shows, reality tv",2020,sing on germany,Netflix
Stars in the Sky: A Hunting Story,documentaries,2018,stars in the sky a hunting story,Netflix
The Magic School Bus Rides Again Kids In Space,children & family movies,2020,the magic school bus rides again kids in space,Netflix
Tiny Creatures,"docuseries, science & nature tv, tv action & adventure",2020,tiny creatures,Netflix
Wizards: Tales of Arcadia,"kids' tv, tv action & adventure, tv sci-fi & fantasy",2020,wizards tales of arcadia,Netflix
Word Party Songs,kids' tv,2020,word party songs,Netflix
Work It,comedies,2020,work it,Netflix
Ever After High,kids' tv,2016,ever after high,Netflix
Nasha Natasha,"documentaries, international movies, music & musicals",2020,nasha natasha,Netflix
The Rain,"international tv shows, tv dramas, tv mysteries",2020,the rain,Netflix
Anelka: Misunderstood,"documentaries, international movies, sports movies",2020,anelka misunderstood,Netflix
Sin City,"international movies, thrillers",2019,sin city,Netflix
World's Most Wanted,"crime tv shows, docuseries, international tv shows",2020,worlds most wanted,Netflix
A Go! Go! Cory Carson Summer Camp,children & family movies,2020,a go go cory carson summer camp,Netflix
Malibu Rescue: The Next Wave,"children & family movies, comedies",2020,malibu rescue the next wave,Netflix
Mystery Lab,"docuseries, international tv shows, science & nature tv",2020,mystery lab,Netflix
Sam Jay: 3 In The Morning,stand-up comedy,2020,sam jay 3 in the morning,Netflix
Immigration Nation,docuseries,2020,immigration nation,Netflix
Almost Love,"comedies, dramas, independent movies",2020,almost love,Netflix
Killing Hasselhoff,comedies,2017,killing hasselhoff,Netflix
Moesha,"tv comedies, teen tv shows",2000,moesha,Netflix
My Perfect Landing,kids' tv,2020,my perfect landing,Netflix
Nagi-Asu: A Lull in the Sea,"anime series, romantic tv shows, teen tv shows",2014,nagiasu a lull in the sea,Netflix
Rogue Warfare: The Hunt,action & adventure,2020,rogue warfare the hunt,Netflix
Super Monsters: The New Class,children & family movies,2020,super monsters the new class,Netflix
The Next Step,"kids' tv, reality tv, tv dramas",2018,the next step,Netflix
The Ottoman Lieutenant,"dramas, romantic movies",2017,the ottoman lieutenant,Netflix
Toradora!,"anime series, international tv shows, romantic tv shows",2008,toradora,Netflix
Transformers Rescue Bots Academy,kids' tv,2020,transformers rescue bots academy,Netflix
Tumi or not Tumi,stand-up comedy,2020,tumi or not tumi,Netflix
What Keeps You Alive,"lgbtq movies, thrillers",2018,what keeps you alive,Netflix
Get Even,"british tv shows, crime tv shows, international tv shows",2020,get even,Netflix
Latte and the Magic Waterstone,"children & family movies, comedies",2020,latte and the magic waterstone,Netflix
Raat Akeli Hai,"dramas, international movies, thrillers",2020,raat akeli hai,Netflix
Seriously Single,"comedies, international movies, romantic movies",2020,seriously single,Netflix
Sugar High,children & family movies,2020,sugar high,Netflix
Sugar Rush,reality tv,2020,sugar rush,Netflix
The Umbrella Academy,"tv action & adventure, tv mysteries, tv sci-fi & fantasy",2020,the umbrella academy,Netflix
Retablo,"dramas, international movies",2017,retablo,Netflix
Transformers: War For Cybertron Trilogy,anime series,2020,transformers war for cybertron trilogy,Netflix
Uma Maheswara Ugra Roopasya,"comedies, dramas, independent movies",2020,uma maheswara ugra roopasya,Netflix
Unlucky Ploy,"international tv shows, romantic tv shows, tv comedies",2020,unlucky ploy,Netflix
It's Her Day,"comedies, international movies, romantic movies",2016,its her day,Netflix
Redemption,"dramas, international movies, thrillers",2019,redemption,Netflix
Shine Your Eyes,"dramas, independent movies, international movies",2020,shine your eyes,Netflix
The Hater,"dramas, international movies, thrillers",2020,the hater,Netflix
The Speed Cubers,documentaries,2020,the speed cubers,Netflix
Tread,documentaries,2019,tread,Netflix
Last Chance U,docuseries,2020,last chance u,Netflix
Banana Split,"comedies, dramas, independent movies",2020,banana split,Netflix
Shameless (U.S.),"tv comedies, tv dramas",2019,shameless us,Netflix
Door Ke Darshan,"comedies, international movies",2020,door ke darshan,Netflix
Double World,"action & adventure, international movies",2020,double world,Netflix
Project Marathwada,"dramas, independent movies, international movies",2016,project marathwada,Netflix
Animal Crackers,"children & family movies, comedies",2020,animal crackers,Netflix
Dragons: Rescue Riders: Secrets of the Songwing,"children & family movies, comedies",2020,dragons rescue riders secrets of the songwing,Netflix
Nimbe,"dramas, international movies",2019,nimbe,Netflix
Offering to the Storm,"international movies, thrillers",2020,offering to the storm,Netflix
Romance Doll,"dramas, international movies, romantic movies",2020,romance doll,Netflix
Sing On! Spain,"international tv shows, reality tv, spanish-language tv shows",2020,sing on spain,Netflix
The Kissing Booth 2,"comedies, romantic movies",2020,the kissing booth 2,Netflix
Sinatra: All or Nothing at All,docuseries,2015,sinatra all or nothing at all,Netflix
The Larva Island Movie,"children & family movies, comedies",2020,the larva island movie,Netflix
The Letter Reader,"dramas, international movies",2019,the letter reader,Netflix
Fear City: New York vs The Mafia,"crime tv shows, docuseries",2020,fear city new york vs the mafia,Netflix
Norsemen,"international tv shows, tv comedies",2020,norsemen,Netflix
The Remix: Hip Hop X Fashion,"documentaries, music & musicals",2019,the remix hip hop x fashion,Netflix
Ip Man 4: The Finale,"action & adventure, dramas, international movies",2019,ip man 4 the finale,Netflix
Jack Whitehall: I'm Only Joking,stand-up comedy,2020,jack whitehall im only joking,Netflix
Street Food: Latin America,"docuseries, spanish-language tv shows",2020,street food latin america,Netflix
Killer Women with Piers Morgan,"british tv shows, crime tv shows, docuseries",2017,killer women with piers morgan,Netflix
Funan,"dramas, international movies",2018,funan,Netflix
Gigantosaurus,kids' tv,2019,gigantosaurus,Netflix
Single Wives,"reality tv, romantic tv shows",2018,single wives,Netflix
Cursed,"tv action & adventure, tv dramas, tv sci-fi & fantasy",2020,cursed,Netflix
Father Soldier Son,documentaries,2020,father soldier son,Netflix
In The Dark,"crime tv shows, tv dramas",2020,in the dark,Netflix
Kissing Game,"international tv shows, tv dramas, tv mysteries",2020,kissing game,Netflix
The Millions,"comedies, international movies",2019,the millions,Netflix
Fatal Affair,thrillers,2020,fatal affair,Netflix
MILF,"comedies, international movies, romantic movies",2018,milf,Netflix
Cold Feet,"dramas, international movies, romantic movies",2019,cold feet,Netflix
Dark Desire,"crime tv shows, international tv shows, spanish-language tv shows",2020,dark desire,Netflix
Little Singham: Legend of Dugabakka,"children & family movies, comedies",2020,little singham legend of dugabakka,Netflix
Skin Decision: Before and After,"reality tv, science & nature tv",2020,skin decision before and after,Netflix
Sunny Bunnies,"british tv shows, kids' tv, tv comedies",2016,sunny bunnies,Netflix
Sylvia,"dramas, international movies, thrillers",2018,sylvia,Netflix
The Players,"comedies, international movies",2020,the players,Netflix
The Business of Drugs,docuseries,2020,the business of drugs,Netflix
Urzila Carlson: Overqualified Loser,stand-up comedy,2020,urzila carlson overqualified loser,Netflix
We Are One,"documentaries, international movies, music & musicals",2020,we are one,Netflix
Hole in the Wall,"dramas, international movies",2016,hole in the wall,Netflix
Dating Around: Brazil,"international tv shows, reality tv, romantic tv shows",2020,dating around brazil,Netflix
Down to Earth with Zac Efron,"docuseries, reality tv, science & nature tv",2020,down to earth with zac efron,Netflix
Mama's Boy,"comedies, international movies",2018,mamas boy,Netflix
The Claudia Kishi Club,documentaries,2020,the claudia kishi club,Netflix
The Epic Tales of Captain Underpants in Space,"kids' tv, tv action & adventure, tv comedies",2020,the epic tales of captain underpants in space,Netflix
The Old Guard,action & adventure,2020,the old guard,Netflix
The Twelve,"crime tv shows, international tv shows, tv dramas",2019,the twelve,Netflix
Your Excellency,"comedies, international movies",2019,your excellency,Netflix
Japan Sinks: 2020,"anime series, international tv shows",2020,japan sinks 2020,Netflix
The Protector,"international tv shows, romantic tv shows, tv action & adventure",2020,the protector,Netflix
Was It Love?,"international tv shows, korean tv shows, romantic tv shows",2020,was it love,Netflix
Born Racer,"documentaries, sports movies",2018,born racer,Netflix
Mucho Mucho Amor: The Legend of Walter Mercado,"documentaries, lgbtq movies",2020,mucho mucho amor the legend of walter mercado,Netflix
Stateless,"international tv shows, tv dramas",2020,stateless,Netflix
The Long Dumb Road,"comedies, independent movies",2018,the long dumb road,Netflix
Dr. Seuss' The Lorax,children & family movies,2012,dr seuss the lorax,Netflix
Jim Jefferies: Intolerant,stand-up comedy,2020,jim jefferies intolerant,Netflix
A Kid from Coney Island,"documentaries, sports movies",2019,a kid from coney island,Netflix
PNL - Dans la légende tour,"international movies, music & musicals",2020,pnl  dans la lgende tour,Netflix
Aiyyaa,"comedies, international movies, music & musicals",2012,aiyyaa,Netflix
Bbuddah Hoga Terra Baap,"action & adventure, comedies, dramas",2011,bbuddah hoga terra baap,Netflix
Blood Money,"dramas, international movies, romantic movies",2012,blood money,Netflix
Bombay Talkies,"dramas, international movies",2013,bombay talkies,Netflix
Boss,"action & adventure, comedies, dramas",2013,boss,Netflix
Budhia Singh: Born to Run,"dramas, independent movies, international movies",2016,budhia singh born to run,Netflix
Chashme Baddoor,"comedies, international movies, music & musicals",2013,chashme baddoor,Netflix
Dharam Sankat Mein,"comedies, dramas, international movies",2015,dharam sankat mein,Netflix
Drishyam,"dramas, international movies, thrillers",2015,drishyam,Netflix
Gabbar Is Back,"action & adventure, dramas, international movies",2015,gabbar is back,Netflix
Gollu Aur Pappu,"action & adventure, comedies, international movies",2014,gollu aur pappu,Netflix
Hook,"international tv shows, romantic tv shows, tv comedies",2020,hook,Netflix
Inkaar,"dramas, international movies, romantic movies",2013,inkaar,Netflix
Madras Café,"dramas, international movies, thrillers",2013,madras caf,Netflix
Mary Kom,"dramas, international movies, sports movies",2014,mary kom,Netflix
Michael,"dramas, independent movies, international movies",2011,michael,Netflix
Mumbai Delhi Mumbai,"comedies, international movies, romantic movies",2014,mumbai delhi mumbai,Netflix
Oh My God,"comedies, dramas, international movies",2012,oh my god,Netflix
One by Two,"comedies, dramas, international movies",2014,one by two,Netflix
Only,"dramas, independent movies, romantic movies",2019,only,Netflix
Penalty,"dramas, independent movies, international movies",2019,penalty,Netflix
Players,"action & adventure, international movies",2012,players,Netflix
Pyaar Ka Punchnama 2,"comedies, dramas, international movies",2015,pyaar ka punchnama 2,Netflix
Queen,"comedies, dramas, international movies",2014,queen,Netflix
Shaitan,"action & adventure, dramas, independent movies",2011,shaitan,Netflix
Special 26,"dramas, international movies, thrillers",2013,special 26,Netflix
Tanu Weds Manu,"comedies, dramas, international movies",2011,tanu weds manu,Netflix
What the Fish,"comedies, international movies",2013,what the fish,Netflix
Little Singham,"kids' tv, tv comedies",2020,little singham,Netflix
Cable Girls,"international tv shows, romantic tv shows, spanish-language tv shows",2019,cable girls,Netflix
Desperados,"comedies, romantic movies",2020,desperados,Netflix
Hunter in the Blue Side of Manchester,"dramas, international movies",2020,hunter in the blue side of manchester,Netflix
I Am Not Your Negro,documentaries,2017,i am not your negro,Netflix
JU-ON: Origins,"international tv shows, tv horror, tv mysteries",2020,juon origins,Netflix
Southern Survival,reality tv,2020,southern survival,Netflix
The Baby-Sitters Club,"kids' tv, tv dramas",2020,the babysitters club,Netflix
The Perfect Picture: Ten Years Later,"comedies, dramas, international movies",2019,the perfect picture ten years later,Netflix
Supermarket Sweep,reality tv,1993,supermarket sweep,Netflix
Thiago Ventura: POKAS,stand-up comedy,2020,thiago ventura pokas,Netflix
Warrior Nun,"tv action & adventure, tv mysteries, tv sci-fi & fantasy",2020,warrior nun,Netflix
#AnneFrank - Parallel Stories,"documentaries, international movies",2019,annefrank  parallel stories,Netflix
21 Again,"british tv shows, reality tv",2019,21 again,Netflix
A Touch of Green,"international tv shows, tv dramas",2016,a touch of green,Netflix
Abby Hatcher,kids' tv,2019,abby hatcher,Netflix
Adú,"dramas, international movies",2020,ad,Netflix
Ali Baba ve 7 Cüceler,"action & adventure, comedies, international movies",2015,ali baba ve 7 cceler,Netflix
David Foster: Off the Record,"documentaries, music & musicals",2019,david foster off the record,Netflix
Double Jeopardy,thrillers,1999,double jeopardy,Netflix
Pek Yakında,"comedies, international movies",2014,pek yaknda,Netflix
Say I Do,"reality tv, romantic tv shows",2020,say i do,Netflix
Stardust,"action & adventure, international movies, romantic movies",2007,stardust,Netflix
The F**k-It List,comedies,2019,the fkit list,Netflix
The Silence of Others,"documentaries, international movies",2019,the silence of others,Netflix
Total Recall,"action & adventure, sci-fi & fantasy",1990,total recall,Netflix
Trotro,kids' tv,2004,trotro,Netflix
Under the Riccione Sun,"comedies, international movies, romantic movies",2020,under the riccione sun,Netflix
BNA,"anime series, international tv shows",2020,bna,Netflix
George Lopez: We'll Do It For Half,stand-up comedy,2020,george lopez well do it for half,Netflix
Homemade,"international tv shows, tv dramas",2020,homemade,Netflix
The Mirror Boy,"action & adventure, dramas, international movies",2011,the mirror boy,Netflix
#FriendButMarried 2,"dramas, international movies, romantic movies",2020,friendbutmarried 2,Netflix
Skin,"documentaries, international movies",2019,skin,Netflix
Thackeray (Marathi),"dramas, international movies",2019,thackeray marathi,Netflix
Dark,"crime tv shows, international tv shows, tv dramas",2020,dark,Netflix
Ride Like a Girl,"children & family movies, dramas, independent movies",2020,ride like a girl,Netflix
All For Love,"international tv shows, romantic tv shows, spanish-language tv shows",2020,all for love,Netflix
Eurovision Song Contest: The Story of Fire Saga,"comedies, music & musicals, romantic movies",2020,eurovision song contest the story of fire saga,Netflix
Home Game,docuseries,2020,home game,Netflix
Kasanova,"comedies, international movies, romantic movies",2019,kasanova,Netflix
Ordinary People,"dramas, independent movies, international movies",2016,ordinary people,Netflix
Seven (Tamil),"dramas, international movies, romantic movies",2019,seven tamil,Netflix
Seven (Telugu),"dramas, international movies, romantic movies",2019,seven telugu,Netflix
Thackeray (Hindi),"dramas, international movies",2019,thackeray hindi,Netflix
Twogether,"international tv shows, korean tv shows, reality tv",2020,twogether,Netflix
Krishna and His Leela,"international movies, romantic movies",2020,krishna and his leela,Netflix
Prem Ratan Dhan Payo,"action & adventure, dramas, international movies",2015,prem ratan dhan payo,Netflix
Vivah,"dramas, international movies, romantic movies",2006,vivah,Netflix
Athlete A,"documentaries, sports movies",2020,athlete a,Netflix
Bulbbul,"horror movies, international movies",2020,bulbbul,Netflix
Crazy Delicious,"british tv shows, international tv shows, reality tv",2020,crazy delicious,Netflix
Nobody Knows I'm Here,"dramas, independent movies, international movies",2020,nobody knows im here,Netflix
Eric Andre: Legalize Everything,stand-up comedy,2020,eric andre legalize everything,Netflix
"Roswell, New Mexico","classic & cult tv, tv dramas, tv sci-fi & fantasy",2020,roswell new mexico,Netflix
Kappela,"dramas, independent movies, international movies",2020,kappela,Netflix
The Royal Hibiscus Hotel,"comedies, international movies, romantic movies",2017,the royal hibiscus hotel,Netflix
It's Okay to Not Be Okay,"international tv shows, korean tv shows, romantic tv shows",2020,its okay to not be okay,Netflix
Woodshock,"dramas, independent movies, thrillers",2017,woodshock,Netflix
Elevator Baby,"dramas, international movies",2019,elevator baby,Netflix
Babies,"docuseries, science & nature tv",2020,babies,Netflix
Chaman Bahaar,"comedies, dramas, international movies",2020,chaman bahaar,Netflix
Destiny,"dramas, international movies",1997,destiny,Netflix
Disclosure,"documentaries, lgbtq movies",2020,disclosure,Netflix
Feel the Beat,"children & family movies, comedies, dramas",2020,feel the beat,Netflix
Floor Is Lava,reality tv,2020,floor is lava,Netflix
Lost Bullet,"action & adventure, dramas, international movies",2020,lost bullet,Netflix
Most Beautiful Thing,"international tv shows, romantic tv shows, tv dramas",2020,most beautiful thing,Netflix
One-Way to Tomorrow,"dramas, international movies, romantic movies",2020,oneway to tomorrow,Netflix
The Emigrant,"dramas, international movies",1994,the emigrant,Netflix
The Politician,"tv comedies, tv dramas, teen tv shows",2020,the politician,Netflix
Wasp Network,"dramas, international movies, thrillers",2020,wasp network,Netflix
A Whisker Away,"anime features, children & family movies, international movies",2020,a whisker away,Netflix
Alexandria ... Why?,"classic movies, dramas, international movies",1979,alexandria  why,Netflix
Alexandria: Again and Forever,"classic movies, dramas, international movies",1989,alexandria again and forever,Netflix
An Egyptian Story,"classic movies, dramas, independent movies",1982,an egyptian story,Netflix
Cairo Station,"classic movies, dramas, international movies",1958,cairo station,Netflix
Dark Waters,"classic movies, dramas, international movies",1956,dark waters,Netflix
El límite infinito,"documentaries, international movies, sports movies",2020,el lmite infinito,Netflix
Lola Igna,"comedies, international movies",2019,lola igna,Netflix
One Take,"documentaries, international movies, music & musicals",2020,one take,Netflix
Saladin,"action & adventure, classic movies, dramas",1963,saladin,Netflix
Stray Bullet,"dramas, international movies, romantic movies",2010,stray bullet,Netflix
The Blazing Sun,"classic movies, dramas, international movies",1954,the blazing sun,Netflix
The Land,"classic movies, dramas, international movies",1970,the land,Netflix
The Nut Job,"children & family movies, comedies",2014,the nut job,Netflix
The Order,"international tv shows, tv dramas, tv horror",2020,the order,Netflix
An Evening with Beverly Luff Linn,"comedies, independent movies",2018,an evening with beverly luff linn,Netflix
Riding Faith,"children & family movies, dramas, faith & spirituality",2020,riding faith,Netflix
Last Flight to Abuja,"dramas, international movies",2012,last flight to abuja,Netflix
The Darkness,"horror movies, thrillers",2016,the darkness,Netflix
The Chase,reality tv,2015,the chase,Netflix
The Show Must Go On: The Queen + Adam Lambert Story,"documentaries, music & musicals",2019,the show must go on the queen  adam lambert story,Netflix
Underdogs,"children & family movies, sports movies",2013,underdogs,Netflix
Wira,"action & adventure, dramas, international movies",2019,wira,Netflix
4th Republic,"dramas, international movies, thrillers",2019,4th republic,Netflix
Alexa & Katie,"kids' tv, tv comedies",2020,alexa  katie,Netflix
Asura Guru,"dramas, international movies",2020,asura guru,Netflix
How to Get Away with Murder,"crime tv shows, tv dramas, tv mysteries",2020,how to get away with murder,Netflix
Milea,"dramas, international movies, romantic movies",2020,milea,Netflix
Axone,"comedies, dramas, independent movies",2020,axone,Netflix
Da 5 Bloods,"action & adventure, dramas",2020,da 5 bloods,Netflix
Dating Around,"reality tv, romantic tv shows",2020,dating around,Netflix
F is for Family,tv comedies,2020,f is for family,Netflix
Frank Elstner: Just One Last Question,"international tv shows, stand-up comedy & talk shows",2020,frank elstner just one last question,Netflix
Jo Koy: In His Elements,stand-up comedy,2020,jo koy in his elements,Netflix
Okko's Inn,"anime features, children & family movies",2018,okkos inn,Netflix
ONE PIECE,anime series,2002,one piece,Netflix
The Search,"crime tv shows, international tv shows, spanish-language tv shows",2020,the search,Netflix
The Woods,"crime tv shows, international tv shows, tv dramas",2020,the woods,Netflix
From A to B,"comedies, dramas, international movies",2014,from a to b,Netflix
Menahi,"comedies, international movies",2008,menahi,Netflix
Curon,"international tv shows, tv dramas, tv horror",2020,curon,Netflix
DC's Legends of Tomorrow,"tv action & adventure, tv sci-fi & fantasy",2020,dcs legends of tomorrow,Netflix
Lenox Hill,"docuseries, reality tv, science & nature tv",2020,lenox hill,Netflix
Middle Men,"comedies, dramas, independent movies",2009,middle men,Netflix
My Mister,"crime tv shows, international tv shows, korean tv shows",2018,my mister,Netflix
Reality Z,"international tv shows, tv horror, tv mysteries",2020,reality z,Netflix
The Witch: Part 1 - The Subversion,"action & adventure, international movies, sci-fi & fantasy",2018,the witch part 1  the subversion,Netflix
Before I Fall,"dramas, romantic movies",2017,before i fall,Netflix
365 Days,"dramas, international movies, romantic movies",2020,365 days,Netflix
Forensic,"international movies, thrillers",2020,forensic,Netflix
Project Papa,"dramas, independent movies, international movies",2018,project papa,Netflix
Queen of the South,"crime tv shows, tv action & adventure, tv dramas",2018,queen of the south,Netflix
The Night Clerk,"dramas, independent movies",2020,the night clerk,Netflix
13 Reasons Why,"crime tv shows, tv dramas, tv mysteries",2020,13 reasons why,Netflix
Before the Summer Crowds,"dramas, international movies",2016,before the summer crowds,Netflix
Big Stone Gap,"comedies, romantic movies",2014,big stone gap,Netflix
Choked: Paisa Bolta Hai,"dramas, international movies",2020,choked paisa bolta hai,Netflix
Merry Men 2: Another Mission,"comedies, international movies",2019,merry men 2 another mission,Netflix
Queer Eye,reality tv,2020,queer eye,Netflix
Supernatural,"classic & cult tv, tv action & adventure, tv horror",2019,supernatural,Netflix
The Last Days of American Crime,"action & adventure, dramas, independent movies",2020,the last days of american crime,Netflix
The Light of My Eyes,"dramas, international movies, romantic movies",2010,the light of my eyes,Netflix
BAKI,"anime series, international tv shows",2020,baki,Netflix
Hot Sweet Sour,"dramas, international movies, romantic movies",2017,hot sweet sour,Netflix
Overnight Republic,"comedies, international movies",2017,overnight republic,Netflix
Can’t Complain,"comedies, international movies, romantic movies",2007,cant complain,Netflix
Lady Bird,"comedies, dramas, independent movies",2017,lady bird,Netflix
Spelling the Dream,"children & family movies, documentaries",2020,spelling the dream,Netflix
Alone,reality tv,2019,alone,Netflix
Andaleeb El Dokki,"comedies, international movies",2008,andaleeb el dokki,Netflix
Let's Dance,"comedies, dramas, international movies",2006,lets dance,Netflix
Life's Speed Bump,"comedies, international movies",2006,lifes speed bump,Netflix
Mr. Romantic,"comedies, international movies, romantic movies",2009,mr romantic,Netflix
My Horrible Grandma,"comedies, dramas, international movies",2012,my horrible grandma,Netflix
Sorry To Disturb,"dramas, international movies",2008,sorry to disturb,Netflix
The Student Cop,"action & adventure, comedies, international movies",2004,the student cop,Netflix
True: Rainbow Rescue,children & family movies,2020,true rainbow rescue,Netflix
What's Up?,"comedies, dramas, international movies",2006,whats up,Netflix
X Large,"comedies, international movies, romantic movies",2011,x large,Netflix
122,"horror movies, international movies",2019,122,Netflix
Cardcaptor Sakura,"anime series, international tv shows",1999,cardcaptor sakura,Netflix
Chippa,"comedies, dramas, independent movies",2020,chippa,Netflix
Cook Off,"comedies, international movies, romantic movies",2017,cook off,Netflix
Dear My Friends,"international tv shows, korean tv shows, tv dramas",2016,dear my friends,Netflix
Kalek Shanab,"comedies, international movies",2019,kalek shanab,Netflix
Megalobox,"anime series, international tv shows",2018,megalobox,Netflix
Midnight Diner,"international tv shows, tv dramas",2014,midnight diner,Netflix
Mirai,"action & adventure, anime features, children & family movies",2018,mirai,Netflix
My Shy Boss,"international tv shows, korean tv shows, romantic tv shows",2017,my shy boss,Netflix
Revolutionary Love,"international tv shows, korean tv shows, romantic tv shows",2017,revolutionary love,Netflix
The Disaster Artist,"comedies, dramas",2017,the disaster artist,Netflix
The Stolen,dramas,2016,the stolen,Netflix
High Strung Free Dance,"dramas, music & musicals, romantic movies",2019,high strung free dance,Netflix
Freej Al Taibeen,"comedies, dramas, international movies",2018,freej al taibeen,Netflix
Kenny Sebastian: The Most Interesting Person in the Room,stand-up comedy,2020,kenny sebastian the most interesting person in the room,Netflix
Space Force,tv comedies,2020,space force,Netflix
The Other,"dramas, international movies, romantic movies",1999,the other,Netflix
"Can't Cope, Won't Cope","tv comedies, tv dramas",2018,cant cope wont cope,Netflix
Dorohedoro,"anime series, international tv shows",2020,dorohedoro,Netflix
Grandmother's Farm,"comedies, horror movies, international movies",2014,grandmothers farm,Netflix
Grandmother's Farm Part 2,"comedies, horror movies, international movies",2015,grandmothers farm part 2,Netflix
Intuition,"dramas, international movies, thrillers",2020,intuition,Netflix
Mako Mermaids: An H2O Adventure,"kids' tv, tv comedies",2016,mako mermaids an h2o adventure,Netflix
I'm No Longer Here,"dramas, independent movies, international movies",2019,im no longer here,Netflix
Hannah Gadsby: Douglas,stand-up comedy,2020,hannah gadsby douglas,Netflix
Ne Zha,"action & adventure, comedies, international movies",2019,ne zha,Netflix
Supergirl,"tv action & adventure, tv sci-fi & fantasy",2019,supergirl,Netflix
Uncut Gems,"dramas, thrillers",2019,uncut gems,Netflix
Betaal,"international tv shows, tv action & adventure, tv horror",2020,betaal,Netflix
Dynasty,tv dramas,2019,dynasty,Netflix
One Day We'll Talk About Today,"dramas, international movies",2020,one day well talk about today,Netflix
Si Doel the Movie 3,"dramas, international movies, music & musicals",2020,si doel the movie 3,Netflix
History 101,"british tv shows, docuseries, international tv shows",2020,history 101,Netflix
Living in Bondage: Breaking Free,"horror movies, international movies, thrillers",2019,living in bondage breaking free,Netflix
Modest Heroes: Ponoc Short Films Theatre,"anime features, children & family movies",2018,modest heroes ponoc short films theatre,Netflix
The Lovebirds,"action & adventure, comedies, romantic movies",2020,the lovebirds,Netflix
Trailer Park Boys: The Animated Series,tv comedies,2020,trailer park boys the animated series,Netflix
#FriendButMarried,"dramas, international movies, romantic movies",2018,friendbutmarried,Netflix
Bye Bye London,"comedies, dramas, international movies",1981,bye bye london,Netflix
Fifty Year Old Teenager,"comedies, international movies",1996,fifty year old teenager,Netflix
Lock Your Girls In,"comedies, international movies, romantic movies",1982,lock your girls in,Netflix
Mujeres arriba,"comedies, international movies, romantic movies",2019,mujeres arriba,Netflix
Mystic Pop-up Bar,"international tv shows, korean tv shows, tv comedies",2020,mystic popup bar,Netflix
No Longer kids,"comedies, dramas, international movies",1979,no longer kids,Netflix
Raya and Sakina,"comedies, dramas, international movies",1984,raya and sakina,Netflix
Sayed the Servant,"comedies, international movies",1985,sayed the servant,Netflix
The Married Couples,"comedies, international movies, romantic movies",1981,the married couples,Netflix
The School of Mischief,"comedies, dramas, international movies",1973,the school of mischief,Netflix
The Witness Who Didn't See Anything,"comedies, international movies",1976,the witness who didnt see anything,Netflix
Anchor Baby,"dramas, international movies",2010,anchor baby,Netflix
Ben Platt Live from Radio City Music Hall,music & musicals,2020,ben platt live from radio city music hall,Netflix
Especial 20 años Fútbol de Primera,"docuseries, international tv shows, spanish-language tv shows",2020,especial 20 aos ftbol de primera,Netflix
Honeytrap,"dramas, independent movies",2014,honeytrap,Netflix
I Will Follow,"dramas, independent movies, romantic movies",2010,i will follow,Netflix
Mutiny of the Worker Bees,"comedies, international movies",2020,mutiny of the worker bees,Netflix
The Queen and the Conqueror,"international tv shows, spanish-language tv shows, tv dramas",2020,the queen and the conqueror,Netflix
What Are the Odds?,"comedies, dramas, independent movies",2020,what are the odds,Netflix
Either Me Or My Auntie,"comedies, international movies",2006,either me or my auntie,Netflix
Escaping Tel Aviv,"action & adventure, international movies",2009,escaping tel aviv,Netflix
Game Over,"comedies, international movies, romantic movies",2012,game over,Netflix
Karkar,"comedies, international movies",2007,karkar,Netflix
My Sleeping Lover,"comedies, international movies",2008,my sleeping lover,Netflix
Omar & Salma 2,"comedies, international movies",2009,omar  salma 2,Netflix
Patton Oswalt: I Love Everything,"stand-up comedy & talk shows, tv comedies",2020,patton oswalt i love everything,Netflix
Sweet Magnolias,"romantic tv shows, tv dramas",2020,sweet magnolias,Netflix
Tarek's Situation,"comedies, international movies, romantic movies",2006,tareks situation,Netflix
The Beach Loafer,"comedies, international movies",2004,the beach loafer,Netflix
Wadjda,"dramas, independent movies, international movies",2012,wadjda,Netflix
Zaki Chan,"comedies, international movies, romantic movies",2005,zaki chan,Netflix
Light in the Dark,"dramas, international movies",2019,light in the dark,Netflix
The Big Flower Fight,"british tv shows, international tv shows, reality tv",2020,the big flower fight,Netflix
Patriot Act with Hasan Minhaj,"stand-up comedy & talk shows, tv comedies",2020,patriot act with hasan minhaj,Netflix
The End,"action & adventure, comedies, international movies",2019,the end,Netflix
Boys Over Flowers,"international tv shows, korean tv shows, romantic tv shows",2009,boys over flowers,Netflix
Iris,"international tv shows, korean tv shows, tv action & adventure",2009,iris,Netflix
Avatar: The Last Airbender,"classic & cult tv, kids' tv, tv action & adventure",2007,avatar the last airbender,Netflix
Heaven Without People,"dramas, international movies",2017,heaven without people,Netflix
"I love you, stupid","comedies, international movies, romantic movies",2019,i love you stupid,Netflix
Inhuman Resources,"crime tv shows, international tv shows, tv dramas",2020,inhuman resources,Netflix
Madam Secretary,tv dramas,2019,madam secretary,Netflix
Magic for Humans,"reality tv, tv comedies",2020,magic for humans,Netflix
Parasyte: The Maxim,"anime series, international tv shows, tv horror",2014,parasyte the maxim,Netflix
She-Ra and the Princesses of Power,"kids' tv, tv action & adventure, tv sci-fi & fantasy",2020,shera and the princesses of power,Netflix
Sleepless Society: Two Pillows & A Lost Soul,"crime tv shows, international tv shows, tv dramas",2020,sleepless society two pillows  a lost soul,Netflix
Strangers from Hell,"international tv shows, korean tv shows, tv horror",2019,strangers from hell,Netflix
The Wiggles,kids' tv,2015,the wiggles,Netflix
White Lines,"british tv shows, crime tv shows, international tv shows",2020,white lines,Netflix
Dilan 1990,"dramas, international movies, romantic movies",2018,dilan 1990,Netflix
Dilan 1991,"dramas, international movies, romantic movies",2019,dilan 1991,Netflix
Fan of Amoory,"children & family movies, dramas, international movies",2018,fan of amoory,Netflix
Malang,"action & adventure, international movies, romantic movies",2020,malang,Netflix
Match,"dramas, international movies",2017,match,Netflix
Rencor tatuado,"dramas, independent movies, international movies",2018,rencor tatuado,Netflix
The Delivery Boy,"international movies, thrillers",2018,the delivery boy,Netflix
Wedy Atkalam,"comedies, dramas, international movies",2018,wedy atkalam,Netflix
Fire in the Blood,"documentaries, international movies",2012,fire in the blood,Netflix
The Wrong Missy,"comedies, romantic movies",2020,the wrong missy,Netflix
Ali & Alia,"dramas, international movies, romantic movies",2019,ali  alia,Netflix
True: Terrific Tales,kids' tv,2020,true terrific tales,Netflix
Unbreakable Kimmy Schmidt: Kimmy vs. the Reverend,comedies,2020,unbreakable kimmy schmidt kimmy vs the reverend,Netflix
Action Replayy,"children & family movies, comedies, international movies",2010,action replayy,Netflix
Andaz Apna Apna,"action & adventure, comedies, cult movies",1994,andaz apna apna,Netflix
Bordertown,"crime tv shows, international tv shows, tv dramas",2019,bordertown,Netflix
Have a Good Trip: Adventures in Psychedelics,documentaries,2020,have a good trip adventures in psychedelics,Netflix
Trial By Media,"crime tv shows, docuseries",2020,trial by media,Netflix
John Henry,"dramas, thrillers",2020,john henry,Netflix
18 Presents,"dramas, independent movies, international movies",2020,18 presents,Netflix
Dead to Me,"tv comedies, tv dramas",2020,dead to me,Netflix
Restaurants on the Edge,"international tv shows, reality tv",2020,restaurants on the edge,Netflix
The Eddy,"international tv shows, tv dramas",2020,the eddy,Netflix
The Hollow,"kids' tv, tv thrillers",2020,the hollow,Netflix
Aerials,"international movies, sci-fi & fantasy",2016,aerials,Netflix
In Paradox,"international movies, sci-fi & fantasy, thrillers",2019,in paradox,Netflix
Scissor Seven,"international tv shows, tv action & adventure, tv comedies",2020,scissor seven,Netflix
Si Doel the Movie,"dramas, international movies",2018,si doel the movie,Netflix
Becoming,documentaries,2020,becoming,Netflix
"Sí, Mi Amor","comedies, international movies, romantic movies",2020,s mi amor,Netflix
Jerry Seinfeld: 23 Hours To Kill,stand-up comedy,2020,jerry seinfeld 23 hours to kill,Netflix
Arctic Dogs,"children & family movies, comedies",2019,arctic dogs,Netflix
Luccas Neto em: Acampamento de Férias 2,"children & family movies, comedies, music & musicals",2020,luccas neto em acampamento de frias 2,Netflix
One Day: Justice Delivered,"dramas, international movies",2019,one day justice delivered,Netflix
Almost Happy,"international tv shows, spanish-language tv shows, tv comedies",2020,almost happy,Netflix
Bennett's War,"dramas, sports movies",2019,bennetts war,Netflix
Death Can Wait,"comedies, international movies",2020,death can wait,Netflix
Hangar 1: The UFO Files,docuseries,2015,hangar 1 the ufo files,Netflix
Hoarders,reality tv,2020,hoarders,Netflix
Lady Driver,"dramas, sports movies",2019,lady driver,Netflix
Mike Birbiglia: My Girlfriend's Boyfriend,stand-up comedy,2013,mike birbiglia my girlfriends boyfriend,Netflix
Roped,"children & family movies, dramas, romantic movies",2020,roped,Netflix
The Stand at Paxton County,"dramas, independent movies, thrillers",2020,the stand at paxton county,Netflix
The Universe: Ancient Mysteries Solved,"docuseries, science & nature tv",2015,the universe ancient mysteries solved,Netflix
WWII in HD,docuseries,2009,wwii in hd,Netflix
All Day and a Night,"dramas, independent movies",2020,all day and a night,Netflix
Cracked Up: The Darrell Hammond Story,documentaries,2018,cracked up the darrell hammond story,Netflix
Get In,"international movies, thrillers",2019,get in,Netflix
Go! Go! Cory Carson: The Chrissy,children & family movies,2020,go go cory carson the chrissy,Netflix
Hollywood,tv dramas,2020,hollywood,Netflix
I Am Divine,"documentaries, lgbtq movies",2013,i am divine,Netflix
Madagascar: Escape 2 Africa,"children & family movies, comedies",2008,madagascar escape 2 africa,Netflix
Masha and the Bear,kids' tv,2019,masha and the bear,Netflix
Material,"comedies, dramas, international movies",2012,material,Netflix
Medici: Masters of Florence,"international tv shows, tv dramas",2019,medici masters of florence,Netflix
Monthly Girls' Nozaki Kun,"anime series, romantic tv shows",2014,monthly girls nozaki kun,Netflix
Mrs. Serial Killer,"international movies, thrillers",2020,mrs serial killer,Netflix
Oh Yuck,"kids' tv, tv comedies",2020,oh yuck,Netflix
Psycho,"horror movies, international movies, thrillers",2020,psycho,Netflix
Reckoning,"crime tv shows, tv dramas, tv mysteries",2019,reckoning,Netflix
The Half Of It,"comedies, dramas, lgbtq movies",2020,the half of it,Netflix
The Heartbreak Kid,"comedies, romantic movies",2007,the heartbreak kid,Netflix
Thomas & Friends: Marvelous Machinery: A New Arrival,children & family movies,2020,thomas  friends marvelous machinery a new arrival,Netflix
Thomas & Friends: Marvelous Machinery: World of Tomorrow,children & family movies,2020,thomas  friends marvelous machinery world of tomorrow,Netflix
Thomas & Friends: Thomas and the Royal Engine,children & family movies,2020,thomas  friends thomas and the royal engine,Netflix
What a Girl Wants,"children & family movies, comedies",2003,what a girl wants,Netflix
Dangerous Lies,thrillers,2020,dangerous lies,Netflix
DRIFTING DRAGONS,"anime series, international tv shows",2020,drifting dragons,Netflix
El señor de los Cielos,"crime tv shows, international tv shows, spanish-language tv shows",2019,el seor de los cielos,Netflix
Good Witch,"tv dramas, tv sci-fi & fantasy",2019,good witch,Netflix
Rich in Love,"comedies, international movies, romantic movies",2020,rich in love,Netflix
The Forest of Love: Deep Cut,"crime tv shows, international tv shows, tv dramas",2020,the forest of love deep cut,Netflix
The Victims' Game,"crime tv shows, international tv shows, tv dramas",2020,the victims game,Netflix
A Secret Love,"documentaries, lgbtq movies",2020,a secret love,Netflix
Ekşi Elmalar,"dramas, international movies",2016,eki elmalar,Netflix
Extracurricular,"crime tv shows, international tv shows, korean tv shows",2020,extracurricular,Netflix
Love Is War,"comedies, dramas, international movies",2019,love is war,Netflix
Murder to Mercy: The Cyntoia Brown Story,documentaries,2020,murder to mercy the cyntoia brown story,Netflix
Nadiya’s Time to Eat,"british tv shows, international tv shows, reality tv",2020,nadiyas time to eat,Netflix
R.K.Nagar,"action & adventure, comedies, dramas",2019,rknagar,Netflix
Tjovitjo,"international tv shows, tv dramas",2017,tjovitjo,Netflix
Beynelmilel,"comedies, dramas, international movies",2006,beynelmilel,Netflix
Bir Baba Hindu,"action & adventure, comedies, international movies",2016,bir baba hindu,Netflix
Boushkash,"comedies, international movies",2008,boushkash,Netflix
Cinar Agaci,"comedies, dramas, international movies",2011,cinar agaci,Netflix
Görümce,"comedies, international movies, music & musicals",2016,grmce,Netflix
İstanbul Kırmızısı,"dramas, independent movies, international movies",2017,istanbul krmzs,Netflix
Küçük Esnaf,"comedies, international movies",2016,kk esnaf,Netflix
Lembi 8 Giga,"comedies, international movies",2010,lembi 8 giga,Netflix
Neseli Hayat,"comedies, international movies",2009,neseli hayat,Netflix
Organize Isler,"action & adventure, comedies, international movies",2005,organize isler,Netflix
The Reliant,"dramas, faith & spirituality",2019,the reliant,Netflix
We'll Be Right Back After The Break,"action & adventure, comedies, international movies",2012,well be right back after the break,Netflix
5Gang,"comedies, international movies",2019,5gang,Netflix
Love Aaj Kal,"dramas, international movies, romantic movies",2020,love aaj kal,Netflix
The Lift Boy,"dramas, independent movies, international movies",2020,the lift boy,Netflix
"Coronavirus, Explained","docuseries, science & nature tv",2020,coronavirus explained,Netflix
The Last Kingdom,"british tv shows, international tv shows, tv action & adventure",2020,the last kingdom,Netflix
Bheeshma,"action & adventure, comedies, international movies",2020,bheeshma,Netflix
Bittersweet,"comedies, dramas, international movies",2010,bittersweet,Netflix
My Secret Romance,"international tv shows, korean tv shows, romantic tv shows",2017,my secret romance,Netflix
No Direction Home: Bob Dylan,"documentaries, music & musicals",2005,no direction home bob dylan,Netflix
She Made Me a Criminal,"comedies, international movies",2006,she made me a criminal,Netflix
The Artist,"comedies, dramas, independent movies",2011,the artist,Netflix
The Dealer,"action & adventure, international movies",2010,the dealer,Netflix
The International Player,"dramas, international movies, sports movies",2009,the international player,Netflix
The Promise,"dramas, international movies",2008,the promise,Netflix
الف مبروك,"comedies, dramas, international movies",2009,,Netflix
After Life,"british tv shows, international tv shows, tv comedies",2020,after life,Netflix
DreamWorks Spooky Stories: Volume 2,"kids' tv, tv comedies",2011,dreamworks spooky stories volume 2,Netflix
Kolaiyuthir Kaalam,"international movies, thrillers",2019,kolaiyuthir kaalam,Netflix
Love 101,"international tv shows, tv dramas, teen tv shows",2020,love 101,Netflix
"Yours Sincerely, Kanan Gill",stand-up comedy,2020,yours sincerely kanan gill,Netflix
Ghost in the Shell: SAC_2045,"anime series, crime tv shows, international tv shows",2020,ghost in the shell sac2045,Netflix
My Stupid Boss,"comedies, international movies",2016,my stupid boss,Netflix
My Stupid Boss 2,"comedies, international movies",2019,my stupid boss 2,Netflix
The House of Flowers,"international tv shows, spanish-language tv shows, tv comedies",2020,the house of flowers,Netflix
This Earth of Mankind,"dramas, international movies",2019,this earth of mankind,Netflix
Time to Hunt,"international movies, thrillers",2020,time to hunt,Netflix
Absurd Planet,"docuseries, science & nature tv, tv comedies",2020,absurd planet,Netflix
Circus of Books,"documentaries, lgbtq movies",2020,circus of books,Netflix
The Plagues of Breslau,"international movies, thrillers",2018,the plagues of breslau,Netflix
The Set Up,"dramas, international movies",2019,the set up,Netflix
The Silence of the Marsh,"international movies, thrillers",2019,the silence of the marsh,Netflix
The Willoughbys,"children & family movies, comedies",2020,the willoughbys,Netflix
Win the Wilderness,"british tv shows, international tv shows, reality tv",2020,win the wilderness,Netflix
Bleach,"anime series, international tv shows",2006,bleach,Netflix
Middleditch & Schwartz,tv comedies,2020,middleditch  schwartz,Netflix
Nicky Jam: El Ganador,"crime tv shows, international tv shows, spanish-language tv shows",2018,nicky jam el ganador,Netflix
Cooked with Cannabis,reality tv,2020,cooked with cannabis,Netflix
The Midnight Gospel,tv comedies,2020,the midnight gospel,Netflix
Varane Avashyamund,"comedies, dramas, international movies",2020,varane avashyamund,Netflix
ChuChu TV Nursery Rhymes & Kids Songs (Hindi),kids' tv,2019,chuchu tv nursery rhymes  kids songs hindi,Netflix
The King: Eternal Monarch,"crime tv shows, international tv shows, korean tv shows",2020,the king eternal monarch,Netflix
#blackAF,tv comedies,2020,blackaf,Netflix
Babamın Ceketi,"comedies, international movies",2018,babamn ceketi,Netflix
Earth and Blood,"dramas, international movies, thrillers",2020,earth and blood,Netflix
El Dragón: Return of a Warrior,"crime tv shows, international tv shows, spanish-language tv shows",2020,el dragn return of a warrior,Netflix
Hasmukh,"crime tv shows, international tv shows, tv comedies",2020,hasmukh,Netflix
Rising High,"dramas, international movies",2020,rising high,Netflix
Sergio,"dramas, independent movies",2020,sergio,Netflix
The Legacy of the Bones,"international movies, thrillers",2019,the legacy of the bones,Netflix
Alelí,"comedies, dramas, international movies",2019,alel,Netflix
Fary : Hexagone,"international tv shows, stand-up comedy & talk shows, tv comedies",2020,fary  hexagone,Netflix
Fauda,"crime tv shows, international tv shows, tv action & adventure",2020,fauda,Netflix
"Hail, Caesar!",comedies,2016,hail caesar,Netflix
Jem and the Holograms,"children & family movies, dramas, music & musicals",2015,jem and the holograms,Netflix
Maurício Meirelles: Generating Chaos,stand-up comedy,2020,maurcio meirelles generating chaos,Netflix
Puerto Ricans in Paris,comedies,2015,puerto ricans in paris,Netflix
Stunt School,"children & family movies, comedies, international movies",2019,stunt school,Netflix
For the Broken Hearted,"dramas, international movies, romantic movies",2018,for the broken hearted,Netflix
Mischief,"comedies, dramas, independent movies",2019,mischief,Netflix
The Innocence Files,"crime tv shows, docuseries",2020,the innocence files,Netflix
World Famous Lover,"dramas, international movies, romantic movies",2020,world famous lover,Netflix
Chris D'Elia: No Pain,stand-up comedy,2020,chris delia no pain,Netflix
New Money,"dramas, international movies",2018,new money,Netflix
Moms at War,"comedies, dramas, international movies",2018,moms at war,Netflix
Surviving R. Kelly: The Impact,documentaries,2019,surviving r kelly the impact,Netflix
Code 8,"action & adventure, independent movies, international movies",2019,code 8,Netflix
Brews Brothers,tv comedies,2020,brews brothers,Netflix
LA Originals,"documentaries, international movies, music & musicals",2020,la originals,Netflix
Love Wedding Repeat,"comedies, international movies, romantic movies",2020,love wedding repeat,Netflix
School Life,"comedies, dramas, international movies",2019,school life,Netflix
The Main Event,"children & family movies, comedies, sports movies",2020,the main event,Netflix
The Trial,"crime tv shows, international tv shows, tv dramas",2019,the trial,Netflix
Tigertail,dramas,2020,tigertail,Netflix
Hi Score Girl,"anime series, international tv shows, romantic tv shows",2019,hi score girl,Netflix
The Circle France,"international tv shows, reality tv",2020,the circle france,Netflix
Born Beautiful,"comedies, dramas, international movies",2019,born beautiful,Netflix
The Last Airbender,"action & adventure, children & family movies, sci-fi & fantasy",2010,the last airbender,Netflix
Tiffany Haddish: She Ready! From the Hood To Hollywood!,stand-up comedy,2017,tiffany haddish she ready from the hood to hollywood,Netflix
Mine 9,"dramas, independent movies",2019,mine 9,Netflix
The Florida Project,"dramas, independent movies",2017,the florida project,Netflix
Dark Light,"horror movies, independent movies, sci-fi & fantasy",2019,dark light,Netflix
The Killing of a Sacred Deer,"dramas, independent movies, thrillers",2017,the killing of a sacred deer,Netflix
Angel Has Fallen,action & adventure,2019,angel has fallen,Netflix
El Reemplazante,"international tv shows, spanish-language tv shows, tv dramas",2013,el reemplazante,Netflix
Coffee & Kareem,"action & adventure, comedies",2020,coffee  kareem,Netflix
Legacies,"tv dramas, tv sci-fi & fantasy, teen tv shows",2019,legacies,Netflix
Money Heist: The Phenomenon,"documentaries, international movies",2020,money heist the phenomenon,Netflix
The Death of Stalin,"comedies, dramas, independent movies",2017,the death of stalin,Netflix
Sol Levante,"action & adventure, anime features, international movies",2020,sol levante,Netflix
Violet Evergarden: Eternity and the Auto Memory Doll,"anime features, international movies, sci-fi & fantasy",2019,violet evergarden eternity and the auto memory doll,Netflix
Agneepath,"dramas, international movies",1990,agneepath,Netflix
Brothers,"action & adventure, dramas, international movies",2015,brothers,Netflix
Chhota Bheem and the Curse of Damyaan,children & family movies,2012,chhota bheem and the curse of damyaan,Netflix
Community,tv comedies,2015,community,Netflix
David Batra: Elefanten i rummet,stand-up comedy,2020,david batra elefanten i rummet,Netflix
Dostana,"comedies, dramas, international movies",2008,dostana,Netflix
Duniya,"action & adventure, dramas, international movies",1984,duniya,Netflix
Duplicate,"comedies, dramas, international movies",1998,duplicate,Netflix
Friendship,"action & adventure, dramas, international movies",1980,friendship,Netflix
Gori Tere Pyaar Mein,"comedies, dramas, international movies",2013,gori tere pyaar mein,Netflix
Gumrah,"action & adventure, dramas, international movies",1993,gumrah,Netflix
Hasee Toh Phasee,"comedies, dramas, international movies",2014,hasee toh phasee,Netflix
How to Fix a Drug Scandal,"crime tv shows, docuseries",2020,how to fix a drug scandal,Netflix
Humpty Sharma Ki Dulhania,"comedies, international movies, romantic movies",2014,humpty sharma ki dulhania,Netflix
Kaal,"horror movies, international movies, thrillers",2005,kaal,Netflix
Kabhi Alvida Naa Kehna,"dramas, international movies, romantic movies",2006,kabhi alvida naa kehna,Netflix
Kabhi Khushi Kabhie Gham,"dramas, international movies",2001,kabhi khushi kabhie gham,Netflix
Kal Ho Naa Ho,"comedies, dramas, international movies",2003,kal ho naa ho,Netflix
Kapoor & Sons,"comedies, dramas, international movies",2016,kapoor  sons,Netflix
Kuch Kuch Hota Hai,"comedies, dramas, international movies",1998,kuch kuch hota hai,Netflix
Magnificent,"comedies, international movies, romantic movies",2015,magnificent,Netflix
Man Like Mobeen,"british tv shows, international tv shows, tv comedies",2020,man like mobeen,Netflix
Mighty Raju Rio Calling,"children & family movies, sports movies",2014,mighty raju rio calling,Netflix
Muqaddar ka Faisla,"action & adventure, comedies, dramas",1987,muqaddar ka faisla,Netflix
Pokémon the Series,"anime series, kids' tv",2019,pokmon the series,Netflix
Saint Seiya,anime series,1986,saint seiya,Netflix
SETHUM AAYIRAM PON,"dramas, independent movies, international movies",2020,sethum aayiram pon,Netflix
Sunderland 'Til I Die,"british tv shows, docuseries, international tv shows",2020,sunderland til i die,Netflix
The Iliza Shlesinger Sketch Show,tv comedies,2020,the iliza shlesinger sketch show,Netflix
The Little Vampire,children & family movies,2017,the little vampire,Netflix
The Runaways,"dramas, independent movies, music & musicals",2010,the runaways,Netflix
The Windsors,"british tv shows, international tv shows, tv comedies",2020,the windsors,Netflix
Ungli,"comedies, dramas, international movies",2014,ungli,Netflix
Well-Intended Love,"international tv shows, romantic tv shows, tv comedies",2020,wellintended love,Netflix
Wildling,"horror movies, independent movies, sci-fi & fantasy",2018,wildling,Netflix
A truthful Mother,children & family movies,2020,a truthful mother,Netflix
Akbar Birbal,"kids' tv, tv comedies, tv dramas",2019,akbar birbal,Netflix
Bal Ganesh,kids' tv,2019,bal ganesh,Netflix
Dave Chappelle: The Kennedy Center Mark Twain Prize for American Humor,stand-up comedy,2020,dave chappelle the kennedy center mark twain prize for american humor,Netflix
Greater,"children & family movies, dramas, sports movies",2016,greater,Netflix
Indian Horse,"dramas, independent movies, sports movies",2017,indian horse,Netflix
Paharganj,"dramas, independent movies, international movies",2019,paharganj,Netflix
Pretty Little Stalker,thrillers,2018,pretty little stalker,Netflix
Through My Father's Eyes: The Ronda Rousey Story,"documentaries, sports movies",2019,through my fathers eyes the ronda rousey story,Netflix
Tree House Tales,kids' tv,2019,tree house tales,Netflix
Kannum Kannum Kollaiyadithaal,"comedies, dramas, international movies",2020,kannum kannum kollaiyadithaal,Netflix
Rugal,"crime tv shows, international tv shows, korean tv shows",2020,rugal,Netflix
Rogue Warfare,action & adventure,2019,rogue warfare,Netflix
Dragons: Rescue Riders: Hunt for the Golden Dragon,"children & family movies, comedies",2020,dragons rescue riders hunt for the golden dragon,Netflix
Happy!,"crime tv shows, tv action & adventure, tv comedies",2019,happy,Netflix
Ladies Up,"international tv shows, stand-up comedy & talk shows, tv comedies",2019,ladies up,Netflix
Maska,"comedies, dramas, international movies",2020,maska,Netflix
Ozark,"crime tv shows, tv dramas, tv thrillers",2020,ozark,Netflix
The Decline,"action & adventure, international movies",2020,the decline,Netflix
There's Something in the Water,"documentaries, international movies",2019,theres something in the water,Netflix
True: Wuzzle Wegg Day,children & family movies,2020,true wuzzle wegg day,Netflix
Uncorked,"dramas, independent movies",2020,uncorked,Netflix
Wassup Man GO!,"international tv shows, korean tv shows, reality tv",2020,wassup man go,Netflix
Willy and the Guardians of the Lake: Tales from the Lakeside Winter Adventure,children & family movies,2019,willy and the guardians of the lake tales from the lakeside winter adventure,Netflix
7SEEDS,"anime series, international tv shows",2020,7seeds,Netflix
Happy Old Year,"dramas, international movies, romantic movies",2019,happy old year,Netflix
Making Unorthodox,"documentaries, international movies",2020,making unorthodox,Netflix
Unorthodox,"international tv shows, tv dramas",2020,unorthodox,Netflix
Bethany Hamilton: Unstoppable,"children & family movies, documentaries, sports movies",2019,bethany hamilton unstoppable,Netflix
Crip Camp: A Disability Revolution,documentaries,2020,crip camp a disability revolution,Netflix
Curtiz,"dramas, international movies",2018,curtiz,Netflix
The Occupant,"independent movies, international movies, thrillers",2020,the occupant,Netflix
Tom Segura: Ball Hog,stand-up comedy,2020,tom segura ball hog,Netflix
Freud,"crime tv shows, international tv shows, tv dramas",2020,freud,Netflix
J-Style Trip,"international tv shows, reality tv",2020,jstyle trip,Netflix
Barbie Dreamhouse Adventures: Go Team Roberts,kids' tv,2020,barbie dreamhouse adventures go team roberts,Netflix
A Life of Speed: The Juan Manuel Fangio Story,"documentaries, international movies, sports movies",2020,a life of speed the juan manuel fangio story,Netflix
Archibald's Next Big Thing,"kids' tv, tv comedies",2020,archibalds next big thing,Netflix
Dino Girl Gauko,"anime series, kids' tv",2020,dino girl gauko,Netflix
El silencio es bienvenido,"dramas, independent movies, international movies",2017,el silencio es bienvenido,Netflix
Greenhouse Academy,"kids' tv, tv dramas, teen tv shows",2020,greenhouse academy,Netflix
Self Made: Inspired by the Life of Madam C.J. Walker,tv dramas,2020,self made inspired by the life of madam cj walker,Netflix
She,"crime tv shows, international tv shows, tv dramas",2020,she,Netflix
The English Game,"british tv shows, international tv shows, tv dramas",2020,the english game,Netflix
The Letter for the King,"british tv shows, international tv shows, tv action & adventure",2020,the letter for the king,Netflix
"Tiger King: Murder, Mayhem and Madness","crime tv shows, docuseries",2020,tiger king murder mayhem and madness,Netflix
Ultras,"dramas, international movies, sports movies",2020,ultras,Netflix
Vampires,"international tv shows, tv dramas, tv horror",2020,vampires,Netflix
3022,"independent movies, sci-fi & fantasy, thrillers",2019,3022,Netflix
Altered Carbon: Resleeved,"action & adventure, anime features, international movies",2020,altered carbon resleeved,Netflix
Masameer - The Movie,"comedies, international movies",2020,masameer  the movie,Netflix
AllI Wish,"dramas, romantic movies",2017,alli wish,Netflix
Caliphate,"international tv shows, tv dramas",2020,caliphate,Netflix
Lu Over the Wall,"anime features, music & musicals, sci-fi & fantasy",2017,lu over the wall,Netflix
Women Of The Night,"crime tv shows, international tv shows, tv dramas",2019,women of the night,Netflix
XV: Beyond the Tryline,"documentaries, sports movies",2016,xv beyond the tryline,Netflix
Bert Kreischer: Hey Big Boy,stand-up comedy,2020,bert kreischer hey big boy,Netflix
Shaun the Sheep: Adventures from Mossy Bottom,"british tv shows, kids' tv, tv comedies",2020,shaun the sheep adventures from mossy bottom,Netflix
We Speak Dance,docuseries,2018,we speak dance,Netflix
Search Party,comedies,2014,search party,Netflix
Bypass Road,"international movies, thrillers",2019,bypass road,Netflix
Digs & Discoveries: All Track's Lead to Rome,children & family movies,2019,digs  discoveries all tracks lead to rome,Netflix
Digs & Discoveries: Mines of Mystery,children & family movies,2019,digs  discoveries mines of mystery,Netflix
Ken Burns Presents: College Behind Bars: A Film by Lynn Novick and Produced by Sarah Botstein,docuseries,2019,ken burns presents college behind bars a film by lynn novick and produced by sarah botstein,Netflix
Steam Team to the Rescue,children & family movies,2019,steam team to the rescue,Netflix
Jai Mummy Di,"comedies, international movies, romantic movies",2020,jai mummy di,Netflix
100 Humans,"docuseries, science & nature tv",2020,100 humans,Netflix
Baby Mamas,"comedies, dramas, international movies",2018,baby mamas,Netflix
Bloodride,"international tv shows, tv horror, tv mysteries",2020,bloodride,Netflix
Go Karts,"children & family movies, dramas",2020,go karts,Netflix
Justine,"dramas, independent movies",2019,justine,Netflix
Kingdom,"international tv shows, korean tv shows, tv action & adventure",2020,kingdom,Netflix
Lost Girls,dramas,2020,lost girls,Netflix
Miracle in Cell No. 7,"dramas, international movies",2019,miracle in cell no 7,Netflix
The Valhalla Murders,"crime tv shows, international tv shows, tv dramas",2020,the valhalla murders,Netflix
Dirty Money,"crime tv shows, docuseries",2020,dirty money,Netflix
On My Block,"romantic tv shows, tv comedies, tv dramas",2020,on my block,Netflix
The Circle Brazil,"international tv shows, reality tv",2020,the circle brazil,Netflix
Carmen Sandiego: To Steal or Not to Steal,children & family movies,2020,carmen sandiego to steal or not to steal,Netflix
Marc Maron: End Times Fun,stand-up comedy,2020,marc maron end times fun,Netflix
Sitara: Let Girls Dream,"children & family movies, dramas",2020,sitara let girls dream,Netflix
Alakada Reloaded,"comedies, international movies",2017,alakada reloaded,Netflix
All About Love,"dramas, international movies, romantic movies",2017,all about love,Netflix
Guilty,"dramas, international movies",2020,guilty,Netflix
I am Jonas,"dramas, independent movies, international movies",2019,i am jonas,Netflix
Miles Davis: Birth of the Cool,"documentaries, music & musicals",2019,miles davis birth of the cool,Netflix
Spenser Confidential,"action & adventure, comedies",2020,spenser confidential,Netflix
Twin Murders: the Silence of the White City,"international movies, thrillers",2020,twin murders the silence of the white city,Netflix
Ugly Delicious,docuseries,2020,ugly delicious,Netflix
93 Days,"dramas, international movies, thrillers",2016,93 days,Netflix
Angu Vaikuntapurathu (Malayalam),"action & adventure, comedies, dramas",2020,angu vaikuntapurathu malayalam,Netflix
Mighty Little Bheem: Festival of Colors,"kids' tv, tv comedies",2020,mighty little bheem festival of colors,Netflix
Tootsies & The Fake,"comedies, international movies, lgbtq movies",2019,tootsies  the fake,Netflix
Aurora,"dramas, international movies",2010,aurora,Netflix
Lil Peep: Everybody’s Everything,"documentaries, music & musicals",2019,lil peep everybodys everything,Netflix
The Death of Mr. Lazarescu,"dramas, international movies",2005,the death of mr lazarescu,Netflix
Velvet,"international tv shows, romantic tv shows, spanish-language tv shows",2016,velvet,Netflix
Freaks,"independent movies, sci-fi & fantasy, thrillers",2018,freaks,Netflix
Luccas Neto in: The End of Christmas,"children & family movies, comedies, music & musicals",2019,luccas neto in the end of christmas,Netflix
Taylor Tomlinson: Quarter-Life Crisis,stand-up comedy,2020,taylor tomlinson quarterlife crisis,Netflix
The Last Bomb of the Second World War,"dramas, independent movies, international movies",2019,the last bomb of the second world war,Netflix
Uncovered,"dramas, international movies",2019,uncovered,Netflix
W.E.,"dramas, romantic movies",2011,we,Netflix
Fat Ballerina - David A. Arnold,stand-up comedy,2020,fat ballerina  david a arnold,Netflix
Akame ga Kill!,"anime series, crime tv shows, international tv shows",2014,akame ga kill,Netflix
Babylon Berlin,"crime tv shows, international tv shows, tv dramas",2020,babylon berlin,Netflix
Bhangra Paa Le,"comedies, dramas, international movies",2019,bhangra paa le,Netflix
Calico Critters Mini Episodes Clover,kids' tv,2020,calico critters mini episodes clover,Netflix
Calico Critters: Everyone's Big Dream Flying in the Sky,children & family movies,2019,calico critters everyones big dream flying in the sky,Netflix
Frank & Lola,"dramas, thrillers",2016,frank  lola,Netflix
Hugo,"children & family movies, dramas",2011,hugo,Netflix
Ordinary World,"comedies, dramas, music & musicals",2016,ordinary world,Netflix
"Pop, Lock 'n Roll","dramas, international movies, romantic movies",2017,pop lock n roll,Netflix
There Will Be Blood,"dramas, independent movies",2007,there will be blood,Netflix
Velvet Colección: Grand Finale,"dramas, international movies, romantic movies",2020,velvet coleccin grand finale,Netflix
Voulez-vous rire avec moi ce soir?,"documentaries, international movies",2018,voulezvous rire avec moi ce soir,Netflix
ZZ TOP: THAT LITTLE OL' BAND FROM TEXAS,"documentaries, music & musicals",2019,zz top that little ol band from texas,Netflix
All The Bright Places,"dramas, romantic movies",2020,all the bright places,Netflix
Always a Witch,"international tv shows, spanish-language tv shows, tv comedies",2019,always a witch,Netflix
Amit Tandon: Family Tandoncies,stand-up comedy,2019,amit tandon family tandoncies,Netflix
Queen Sono,"international tv shows, tv action & adventure, tv dramas",2020,queen sono,Netflix
Toy Boy,"crime tv shows, international tv shows, spanish-language tv shows",2019,toy boy,Netflix
Unstoppable,"international tv shows, spanish-language tv shows, tv dramas",2020,unstoppable,Netflix
Ala Vaikunthapurramuloo,"action & adventure, comedies, dramas",2020,ala vaikunthapurramuloo,Netflix
Altered Carbon,"crime tv shows, tv action & adventure, tv dramas",2020,altered carbon,Netflix
Followers,"international tv shows, tv dramas",2020,followers,Netflix
Pokémon: Mewtwo Strikes Back - Evolution,"anime features, children & family movies",2019,pokmon mewtwo strikes back  evolution,Netflix
Six Windows in the Desert,tv shows,2020,six windows in the desert,Netflix
Couple of Days,"dramas, international movies, romantic movies",2016,couple of days,Netflix
Gbomo Gbomo Express,"dramas, international movies",2015,gbomo gbomo express,Netflix
I Am Not Okay With This,"tv comedies, tv dramas, tv sci-fi & fantasy",2020,i am not okay with this,Netflix
Taxi Driver,"comedies, dramas, independent movies",2015,taxi driver,Netflix
The Arbitration,"dramas, international movies",2016,the arbitration,Netflix
The Trials of Gabriel Fernandez,"crime tv shows, docuseries",2020,the trials of gabriel fernandez,Netflix
The Visit,"dramas, independent movies, international movies",2015,the visit,Netflix
When Love Happens,"international movies, romantic movies",2014,when love happens,Netflix
Pete Davidson: Alive From New York,stand-up comedy,2020,pete davidson alive from new york,Netflix
Full Count,"children & family movies, dramas, faith & spirituality",2019,full count,Netflix
"Hi Bye, Mama!","international tv shows, korean tv shows, romantic tv shows",2020,hi bye mama,Netflix
Girl on the Third Floor,horror movies,2019,girl on the third floor,Netflix
Unabomber - In His Own Words,"crime tv shows, docuseries",2018,unabomber  in his own words,Netflix
Gentefied,"tv comedies, tv dramas",2020,gentefied,Netflix
Hyena,"international tv shows, korean tv shows, romantic tv shows",2020,hyena,Netflix
Passion. Panache. Pep,"international tv shows, reality tv",2020,passion panache pep,Netflix
Puerta 7,"crime tv shows, international tv shows, spanish-language tv shows",2020,puerta 7,Netflix
System Crasher,"dramas, independent movies, international movies",2020,system crasher,Netflix
The Body,"international movies, thrillers",2019,the body,Netflix
The Last Thing He Wanted,"dramas, thrillers",2020,the last thing he wanted,Netflix
Yeh Ballet,"dramas, international movies",2020,yeh ballet,Netflix
Pretville,"comedies, international movies, music & musicals",2012,pretville,Netflix
Spectros,"international tv shows, tv horror, tv mysteries",2020,spectros,Netflix
Untamed Romania,"children & family movies, documentaries, international movies",2018,untamed romania,Netflix
DreamWorks Shrek's Swamp Stories,"kids' tv, tv action & adventure, tv comedies",2008,dreamworks shreks swamp stories,Netflix
By the Sea,"dramas, romantic movies",2015,by the sea,Netflix
Miss Virginia,"dramas, independent movies",2019,miss virginia,Netflix
MR. RIGHT,"action & adventure, comedies, romantic movies",2015,mr right,Netflix
On the Real,"international tv shows, tv dramas",2017,on the real,Netflix
Term Life,"dramas, thrillers",2016,term life,Netflix
The Forest,"horror movies, independent movies",2016,the forest,Netflix
Monster High: Electrified,movies,2017,monster high electrified,Netflix
Talking Tom and Friends,"kids' tv, tv comedies",2017,talking tom and friends,Netflix
A Shaun the Sheep Movie: Farmageddon,"children & family movies, comedies",2019,a shaun the sheep movie farmageddon,Netflix
Cuddle Weather,"dramas, international movies, romantic movies",2019,cuddle weather,Netflix
Fanatyk,"comedies, dramas, independent movies",2017,fanatyk,Netflix
Isi & Ossi,"comedies, international movies, romantic movies",2020,isi  ossi,Netflix
Liefling,"comedies, international movies, music & musicals",2010,liefling,Netflix
Panipat - The Great Betrayal,"dramas, international movies, romantic movies",2019,panipat  the great betrayal,Netflix
Taj Mahal 1989,"international tv shows, romantic tv shows, tv comedies",2020,taj mahal 1989,Netflix
The Ghost and the Tout,"comedies, international movies",2018,the ghost and the tout,Netflix
Dragon Quest Your Story,"action & adventure, anime features, children & family movies",2019,dragon quest your story,Netflix
Love Is Blind,"reality tv, romantic tv shows",2021,love is blind,Netflix
Narcos: Mexico,"crime tv shows, tv action & adventure, tv dramas",2020,narcos mexico,Netflix
Palazuelos mi rey,"international tv shows, reality tv, spanish-language tv shows",2019,palazuelos mi rey,Netflix
Sleepless Society: Insomnia,"crime tv shows, international tv shows, tv dramas",2019,sleepless society insomnia,Netflix
French Toast,"comedies, international movies, romantic movies",2015,french toast,Netflix
To All the Boys: P.S. I Still Love You,"comedies, romantic movies",2020,to all the boys ps i still love you,Netflix
We Bare Bears,"kids' tv, tv comedies",2018,we bare bears,Netflix
Captain Underpants Epic Choice-o-Rama,"children & family movies, comedies",2020,captain underpants epic choiceorama,Netflix
Good Time,"dramas, independent movies, thrillers",2017,good time,Netflix
ROAD TO ROMA,"documentaries, international movies",2020,road to roma,Netflix
Love for Sale 2,"dramas, international movies, romantic movies",2019,love for sale 2,Netflix
Better Call Saul,"crime tv shows, tv comedies, tv dramas",2018,better call saul,Netflix
Fronteras,"dramas, independent movies, thrillers",2018,fronteras,Netflix
Polaroid,horror movies,2019,polaroid,Netflix
The Coldest Game,"dramas, international movies, thrillers",2019,the coldest game,Netflix
Thottappan,"comedies, dramas, international movies",2019,thottappan,Netflix
Azali,"dramas, international movies",2018,azali,Netflix
Dragons: Rescue Riders,"kids' tv, tv comedies",2020,dragons rescue riders,Netflix
Fifty: The Series,"international tv shows, romantic tv shows, tv dramas",2018,fifty the series,Netflix
Horse Girl,"dramas, independent movies",2020,horse girl,Netflix
Jada,"dramas, international movies, sports movies",2019,jada,Netflix
Locke & Key,"tv action & adventure, tv dramas, tv mysteries",2020,locke  key,Netflix
My Holo Love,"international tv shows, korean tv shows, romantic tv shows",2020,my holo love,Netflix
The Ballad of Lefty Brown,dramas,2017,the ballad of lefty brown,Netflix
Who Killed Malcolm X?,"crime tv shows, docuseries",2020,who killed malcolm x,Netflix
Cagaster of an Insect Cage,"anime series, international tv shows",2020,cagaster of an insect cage,Netflix
Gardeners of Eden,documentaries,2014,gardeners of eden,Netflix
Arrow,"crime tv shows, tv action & adventure",2019,arrow,Netflix
The Pharmacist,"crime tv shows, docuseries",2020,the pharmacist,Netflix
Uppity: The Willy T. Ribbs Story,"documentaries, sports movies",2020,uppity the willy t ribbs story,Netflix
Dragonheart: Vengeance,"action & adventure, sci-fi & fantasy",2020,dragonheart vengeance,Netflix
"Faith, Hope & Love","comedies, faith & spirituality, romantic movies",2019,faith hope  love,Netflix
Tom Papa: You're Doing Great!,stand-up comedy,2020,tom papa youre doing great,Netflix
Team Kaylie,"kids' tv, tv comedies",2020,team kaylie,Netflix
Thambi,"international movies, thrillers",2019,thambi,Netflix
The Silent War,"dramas, international movies, thrillers",2020,the silent war,Netflix
Chronically Metropolitan,"comedies, dramas, independent movies",2016,chronically metropolitan,Netflix
Hum Aapke Hain Koun,"classic movies, dramas, international movies",1994,hum aapke hain koun,Netflix
Is It Wrong to Try to Pick Up Girls in a Dungeon?,"anime series, international tv shows",2015,is it wrong to try to pick up girls in a dungeon,Netflix
Itaewon Class,"international tv shows, korean tv shows, tv dramas",2020,itaewon class,Netflix
Justice,movies,2017,justice,Netflix
Love Jacked,"comedies, international movies, romantic movies",2018,love jacked,Netflix
Miraculous: Tales of Ladybug & Cat Noir,"kids' tv, tv action & adventure",2019,miraculous tales of ladybug  cat noir,Netflix
Misfit 2,"children & family movies, comedies, international movies",2019,misfit 2,Netflix
Night on Earth: Shot in the Dark,movies,2020,night on earth shot in the dark,Netflix
No Game No Life,"anime series, international tv shows",2014,no game no life,Netflix
Pop Team Epic,"anime series, international tv shows",2018,pop team epic,Netflix
Shopkins,kids' tv,2014,shopkins,Netflix
The Car: Road to Revenge,"action & adventure, horror movies, sci-fi & fantasy",2019,the car road to revenge,Netflix
Together For Eternity,"dramas, international movies, music & musicals",1999,together for eternity,Netflix
37 Seconds,"dramas, international movies",2020,37 seconds,Netflix
Diablero,"international tv shows, spanish-language tv shows, tv action & adventure",2020,diablero,Netflix
Gang of the Caribbean,"dramas, international movies",2016,gang of the caribbean,Netflix
Hakkunde,"comedies, dramas, independent movies",2017,hakkunde,Netflix
Luna Nera,"international tv shows, romantic tv shows, tv dramas",2020,luna nera,Netflix
Miss Americana,"documentaries, music & musicals",2020,miss americana,Netflix
Unauthorized Living,"crime tv shows, international tv shows, spanish-language tv shows",2020,unauthorized living,Netflix
Ainori Love Wagon: African Journey,"international tv shows, reality tv, romantic tv shows",2019,ainori love wagon african journey,Netflix
Kevin Hart: I'm a Grown Little Man,stand-up comedy,2009,kevin hart im a grown little man,Netflix
THE STRANGER,"british tv shows, crime tv shows, international tv shows",2020,the stranger,Netflix
What the Love! with Karan Johar,"international tv shows, reality tv, romantic tv shows",2020,what the love with karan johar,Netflix
Close Enemies,"dramas, international movies",2018,close enemies,Netflix
Find Yourself,"international tv shows, romantic tv shows, tv comedies",2020,find yourself,Netflix
Night on Earth,"docuseries, science & nature tv",2020,night on earth,Netflix
Omniscient,"international tv shows, tv dramas, tv sci-fi & fantasy",2020,omniscient,Netflix
Shimla Mirchi,"comedies, international movies, romantic movies",2020,shimla mirchi,Netflix
Sillu Karuppatti,"comedies, dramas, independent movies",2019,sillu karuppatti,Netflix
Vir Das: For India,stand-up comedy,2020,vir das for india,Netflix
Menashe,"dramas, independent movies",2017,menashe,Netflix
A Sun,"dramas, independent movies, international movies",2019,a sun,Netflix
Die Ontwaking,"international movies, thrillers",2015,die ontwaking,Netflix
Rise of Empires: Ottoman,docuseries,2020,rise of empires ottoman,Netflix
Sons of the Caliphate,"international tv shows, tv dramas",2017,sons of the caliphate,Netflix
The goop lab with Gwyneth Paltrow,reality tv,2020,the goop lab with gwyneth paltrow,Netflix
The Ranch,"tv comedies, tv dramas",2020,the ranch,Netflix
Airplane Mode,"comedies, international movies, romantic movies",2020,airplane mode,Netflix
Alex Fernández: The Best Comedian in the World,stand-up comedy,2020,alex fernndez the best comedian in the world,Netflix
October Faction,"tv action & adventure, tv dramas, tv horror",2020,october faction,Netflix
​SAINT SEIYA: Knights of the Zodiac,"anime series, international tv shows",2020,saint seiya knights of the zodiac,Netflix
The Ghost Bride,"international tv shows, tv dramas, tv mysteries",2020,the ghost bride,Netflix
Pandemic: How to Prevent an Outbreak,"docuseries, science & nature tv",2020,pandemic how to prevent an outbreak,Netflix
Playing with Fire,"international tv shows, romantic tv shows, spanish-language tv shows",2019,playing with fire,Netflix
Whisky,"comedies, dramas, international movies",2004,whisky,Netflix
Fortune Feimster: Sweet & Salty,stand-up comedy,2020,fortune feimster sweet  salty,Netflix
KD (A) Karuppudurai,"comedies, dramas, independent movies",2019,kd a karuppudurai,Netflix
DreamWorks How to Train Your Dragon Legends,"kids' tv, tv action & adventure, tv sci-fi & fantasy",2011,dreamworks how to train your dragon legends,Netflix
Motichoor Chaknachoor,"comedies, dramas, international movies",2019,motichoor chaknachoor,Netflix
WHAT DID JACK DO?,"dramas, independent movies",2020,what did jack do,Netflix
The Bling Ring,"dramas, independent movies",2013,the bling ring,Netflix
A Fall from Grace,"dramas, thrillers",2020,a fall from grace,Netflix
Ares,"international tv shows, tv dramas, tv horror",2020,ares,Netflix
Hip-Hop Evolution,"docuseries, international tv shows",2020,hiphop evolution,Netflix
Nailed It! Germany,"international tv shows, reality tv",2020,nailed it germany,Netflix
Tiny House Nation,reality tv,2019,tiny house nation,Netflix
Deadcon,horror movies,2019,deadcon,Netflix
Handsome Siblings,"international tv shows, tv dramas, tv sci-fi & fantasy",2020,handsome siblings,Netflix
Hop,"children & family movies, comedies",2011,hop,Netflix
Jezebel,"dramas, independent movies",2019,jezebel,Netflix
Legend,"dramas, international movies, thrillers",2015,legend,Netflix
NiNoKuni,"action & adventure, anime features, children & family movies",2019,ninokuni,Netflix
Soul Eater,"anime series, international tv shows",2008,soul eater,Netflix
Steve Jobs,dramas,2015,steve jobs,Netflix
Bulbul Can Sing,"dramas, independent movies, international movies",2018,bulbul can sing,Netflix
Eye For An Eye,"dramas, international movies, thrillers",2019,eye for an eye,Netflix
Killer Inside: The Mind of Aaron Hernandez,"crime tv shows, docuseries",2020,killer inside the mind of aaron hernandez,Netflix
MindGamers,"international movies, sci-fi & fantasy, thrillers",2017,mindgamers,Netflix
The Brave,"action & adventure, independent movies",2019,the brave,Netflix
Leslie Jones: Time Machine,stand-up comedy,2020,leslie jones time machine,Netflix
The Ollie & Moon Show,kids' tv,2018,the ollie  moon show,Netflix
Women of Mafia 2,"action & adventure, dramas, international movies",2019,women of mafia 2,Netflix
The Healing Powers of Dude,"kids' tv, tv comedies, tv dramas",2020,the healing powers of dude,Netflix
Betty White: First Lady of Television,documentaries,2018,betty white first lady of television,Netflix
Made in China,"comedies, dramas, international movies",2019,made in china,Netflix
AJ and the Queen,"tv comedies, tv dramas",2020,aj and the queen,Netflix
Giri / Haji,"british tv shows, crime tv shows, international tv shows",2019,giri  haji,Netflix
Harvey Street Kids,"kids' tv, tv comedies",2020,harvey street kids,Netflix
Jamtara - Sabka Number Ayega,"crime tv shows, international tv shows, tv dramas",2020,jamtara  sabka number ayega,Netflix
Medical Police,"crime tv shows, tv action & adventure, tv comedies",2020,medical police,Netflix
Monsters: Dark Continent,"action & adventure, dramas, independent movies",2014,monsters dark continent,Netflix
The InBESTigators,"kids' tv, tv comedies",2020,the inbestigators,Netflix
Until Dawn,"international tv shows, reality tv, tv comedies",2020,until dawn,Netflix
Bulletproof 2,"action & adventure, comedies",2020,bulletproof 2,Netflix
Cheer,"docuseries, reality tv, teen tv shows",2020,cheer,Netflix
A Ghost Story,"dramas, independent movies",2017,a ghost story,Netflix
"Live Twice, Love Once","comedies, dramas, international movies",2020,live twice love once,Netflix
Dracula,"british tv shows, international tv shows, tv dramas",2020,dracula,Netflix
All the Freckles in the World,"comedies, international movies, romantic movies",2020,all the freckles in the world,Netflix
Anne with an E,"international tv shows, tv dramas, teen tv shows",2019,anne with an e,Netflix
Half Girlfriend,"dramas, international movies, romantic movies",2017,half girlfriend,Netflix
"Sex, Explained","docuseries, science & nature tv",2020,sex explained,Netflix
Thieves of the Wood,"international tv shows, tv action & adventure, tv dramas",2019,thieves of the wood,Netflix
Aruna & Her Palate,"dramas, international movies",2018,aruna  her palate,Netflix
Because This Is My First Life,"international tv shows, korean tv shows, romantic tv shows",2017,because this is my first life,Netflix
Border Security: America's Front Line,"crime tv shows, international tv shows, reality tv",2018,border security americas front line,Netflix
Breaking the Bank,"comedies, international movies",2014,breaking the bank,Netflix
Cells at Work!,"anime series, teen tv shows",2018,cells at work,Netflix
Chhota Bheem Kung Fu Dhamaka Series,kids' tv,2019,chhota bheem kung fu dhamaka series,Netflix
Garfield Gets Real,"children & family movies, comedies",2007,garfield gets real,Netflix
Garfield's Fun Fest,"children & family movies, comedies",2008,garfields fun fest,Netflix
Garfield's Pet Force,"children & family movies, comedies",2009,garfields pet force,Netflix
Ghost Stories,"horror movies, international movies, thrillers",2020,ghost stories,Netflix
Jeff Dunham: Unhinged in Hollywood,stand-up comedy,2015,jeff dunham unhinged in hollywood,Netflix
Jimmy Neutron: Boy Genius,"children & family movies, comedies, sci-fi & fantasy",2001,jimmy neutron boy genius,Netflix
Live Up To Your Name,"international tv shows, korean tv shows, romantic tv shows",2017,live up to your name,Netflix
Luccas Neto in: Children's Day,"children & family movies, comedies, music & musicals",2019,luccas neto in childrens day,Netflix
Messiah,"tv dramas, tv thrillers",2020,messiah,Netflix
Mia and Me,kids' tv,2017,mia and me,Netflix
"Nisman: The Prosecutor, the President, and the Spy","crime tv shows, docuseries, international tv shows",2020,nisman the prosecutor the president and the spy,Netflix
Pan's Labyrinth,"dramas, international movies, sci-fi & fantasy",2006,pans labyrinth,Netflix
Pokémon the Movie: Power of Us,"anime features, children & family movies",2018,pokmon the movie power of us,Netflix
Posesif,"dramas, international movies, romantic movies",2017,posesif,Netflix
Reply 1988,"international tv shows, korean tv shows, romantic tv shows",2015,reply 1988,Netflix
Riot,action & adventure,2015,riot,Netflix
Road Trip: Beer Pong,comedies,2009,road trip beer pong,Netflix
Save Me,"international tv shows, korean tv shows, tv dramas",2017,save me,Netflix
Spinning Out,tv dramas,2020,spinning out,Netflix
The Bride of Habaek,"international tv shows, korean tv shows, romantic tv shows",2017,the bride of habaek,Netflix
Aaviri,"horror movies, international movies, thrillers",2019,aaviri,Netflix
Albert Pinto Ko Gussa Kyun Aata Hai?,"dramas, independent movies, international movies",2019,albert pinto ko gussa kyun aata hai,Netflix
ARASHI's Diary -Voyage-,"docuseries, international tv shows",2019,arashis diary voyage,Netflix
Benchwarmers 2: Breaking Balls,"comedies, sports movies",2019,benchwarmers 2 breaking balls,Netflix
How High 2,comedies,2019,how high 2,Netflix
Occupied,"international tv shows, tv dramas, tv thrillers",2019,occupied,Netflix
Pucca: Love Recipe,"kids' tv, korean tv shows",2018,pucca love recipe,Netflix
Rainbow Ruby,kids' tv,2016,rainbow ruby,Netflix
Robot Trains,"kids' tv, korean tv shows",2018,robot trains,Netflix
The Degenerates,"stand-up comedy & talk shows, tv comedies",2019,the degenerates,Netflix
Yanxi Palace: Princess Adventures,"international tv shows, tv dramas",2019,yanxi palace princess adventures,Netflix
The Disastrous Life of Saiki K.: Reawakened,"anime series, international tv shows",2019,the disastrous life of saiki k reawakened,Netflix
Hot Gimmick: Girl Meets Boy,"dramas, international movies",2019,hot gimmick girl meets boy,Netflix
Blitz Patrollie,"action & adventure, comedies, international movies",2013,blitz patrollie,Netflix
"El Pepe, a Supreme Life","documentaries, international movies",2018,el pepe a supreme life,Netflix
Kevin Hart: Don’t F**k This Up,docuseries,2019,kevin hart dont fk this up,Netflix
The Vendor,"comedies, international movies",2018,the vendor,Netflix
The App,"dramas, independent movies, international movies",2019,the app,Netflix
The Bonfire of Destiny,"international tv shows, tv dramas",2019,the bonfire of destiny,Netflix
You,"crime tv shows, romantic tv shows, tv dramas",2019,you,Netflix
Doom: Annihilation,"action & adventure, horror movies, sci-fi & fantasy",2019,doom annihilation,Netflix
Fireworks,"anime features, romantic movies",2017,fireworks,Netflix
Grand-Daddy Day Care,"children & family movies, comedies",2019,granddaddy day care,Netflix
Jarhead: Law of Return,"action & adventure, dramas",2019,jarhead law of return,Netflix
MFKZ,"action & adventure, comedies, international movies",2017,mfkz,Netflix
Sweetheart,"horror movies, sci-fi & fantasy, thrillers",2019,sweetheart,Netflix
CAROLE & TUESDAY,"anime series, international tv shows, teen tv shows",2019,carole  tuesday,Netflix
Como caído del cielo,"comedies, international movies, music & musicals",2019,como cado del cielo,Netflix
John Mulaney & The Sack Lunch Bunch,"children & family movies, comedies",2019,john mulaney  the sack lunch bunch,Netflix
Lost in Space,"tv action & adventure, tv dramas, tv sci-fi & fantasy",2019,lost in space,Netflix
Jacob's Ladder,thrillers,2019,jacobs ladder,Netflix
Private Practice,"tv comedies, tv dramas",2012,private practice,Netflix
Back of the Net,"children & family movies, sports movies",2019,back of the net,Netflix
Lost in London,"comedies, international movies",2017,lost in london,Netflix
Agent,"international tv shows, tv dramas",2019,agent,Netflix
Being Mrs Elliot,"dramas, international movies, romantic movies",2014,being mrs elliot,Netflix
Falz Experience,"international movies, music & musicals",2018,falz experience,Netflix
Iyore,"dramas, international movies, romantic movies",2015,iyore,Netflix
The First Lady,"dramas, international movies",2015,the first lady,Netflix
The Two Popes,dramas,2019,the two popes,Netflix
The Witcher,"international tv shows, tv action & adventure, tv dramas",2019,the witcher,Netflix
After the Raid,"documentaries, international movies",2019,after the raid,Netflix
Twice Upon A Time,"international tv shows, romantic tv shows, tv dramas",2019,twice upon a time,Netflix
Ultraviolet,"crime tv shows, international tv shows, tv dramas",2019,ultraviolet,Netflix
Don't F**k with Cats: Hunting an Internet Killer,"crime tv shows, docuseries",2019,dont fk with cats hunting an internet killer,Netflix
Soundtrack,"romantic tv shows, tv dramas",2019,soundtrack,Netflix
Ronny Chieng: Asian Comedian Destroys America!,stand-up comedy,2019,ronny chieng asian comedian destroys america,Netflix
"Sincerely Yours, Dhaka","comedies, dramas, independent movies",2018,sincerely yours dhaka,Netflix
The Danish Girl,"dramas, independent movies, international movies",2015,the danish girl,Netflix
Bangistan,"comedies, dramas, international movies",2015,bangistan,Netflix
Cinderella and the Four Knights,"international tv shows, korean tv shows, romantic tv shows",2016,cinderella and the four knights,Netflix
Cocomong,"kids' tv, korean tv shows",2015,cocomong,Netflix
Crash Landing on You,"international tv shows, korean tv shows, romantic tv shows",2019,crash landing on you,Netflix
"Crazy, Lovely, Cool","international tv shows, tv dramas",2018,crazy lovely cool,Netflix
Dil Chahta Hai,"comedies, dramas, international movies",2001,dil chahta hai,Netflix
Dil Dhadakne Do,"comedies, dramas, international movies",2015,dil dhadakne do,Netflix
Don,"action & adventure, international movies",2006,don,Netflix
Don 2,"action & adventure, international movies, music & musicals",2011,don 2,Netflix
Fukrey,"action & adventure, comedies, dramas",2013,fukrey,Netflix
Game,"international movies, thrillers",2011,game,Netflix
Girls und Panzer,"anime series, international tv shows",2012,girls und panzer,Netflix
Holy Expectations,"children & family movies, comedies, international movies",2019,holy expectations,Netflix
Honeymoon Travels Pvt. Ltd.,"comedies, dramas, international movies",2007,honeymoon travels pvt ltd,Netflix
Isoken,"comedies, international movies, romantic movies",2017,isoken,Netflix
Karthik Calling Karthik,"dramas, international movies, thrillers",2010,karthik calling karthik,Netflix
Lakshya,"action & adventure, dramas, international movies",2004,lakshya,Netflix
Luck by Chance,"dramas, international movies, romantic movies",2009,luck by chance,Netflix
Potato Potahto,"comedies, dramas, international movies",2017,potato potahto,Netflix
Rock On!!,"dramas, international movies, music & musicals",2008,rock on,Netflix
Scooby-Doo!: Mystery Incorporated,"kids' tv, tv comedies",2012,scoobydoo mystery incorporated,Netflix
Talaash,"dramas, international movies, thrillers",2012,talaash,Netflix
What's New Scooby-Doo?,"kids' tv, tv comedies",2005,whats new scoobydoo,Netflix
Zindagi Na Milegi Dobara,"comedies, dramas, international movies",2011,zindagi na milegi dobara,Netflix
6 Underground,"action & adventure, dramas",2019,6 underground,Netflix
A Trip to Jamaica,"comedies, international movies",2016,a trip to jamaica,Netflix
My Wife and I,"comedies, international movies, romantic movies",2017,my wife and i,Netflix
Okafor's Law,"comedies, international movies, romantic movies",2016,okafors law,Netflix
Seven and a half dates,"dramas, international movies, romantic movies",2018,seven and a half dates,Netflix
The 9th Precinct,"international movies, thrillers",2019,the 9th precinct,Netflix
Zero Hour,"international movies, thrillers",2018,zero hour,Netflix
Jack Whitehall: Christmas with My Father,stand-up comedy,2019,jack whitehall christmas with my father,Netflix
The Sky Is Pink,"dramas, international movies",2019,the sky is pink,Netflix
Good and Prosperous,"comedies, international movies",2017,good and prosperous,Netflix
Michelle Wolf: Joke Show,stand-up comedy,2019,michelle wolf joke show,Netflix
A Family Reunion Christmas,"children & family movies, comedies",2019,a family reunion christmas,Netflix
It Comes at Night,"horror movies, independent movies",2017,it comes at night,Netflix
Saaho,"action & adventure, international movies",2019,saaho,Netflix
Nothing to Lose 2,"dramas, faith & spirituality, international movies",2019,nothing to lose 2,Netflix
Astronomy Club: The Sketch Show,tv comedies,2019,astronomy club the sketch show,Netflix
Banana Island Ghost,"comedies, international movies",2017,banana island ghost,Netflix
Celebrity Marriage,"dramas, international movies",2017,celebrity marriage,Netflix
Fuller House,tv comedies,2020,fuller house,Netflix
Marriage Story,dramas,2019,marriage story,Netflix
No Game No Life: Zero,"action & adventure, anime features, international movies",2017,no game no life zero,Netflix
Slow Country,"dramas, international movies",2017,slow country,Netflix
Spirit Riding Free: Spirit of Christmas,children & family movies,2019,spirit riding free spirit of christmas,Netflix
Teasing Master Takagi-san,"anime series, international tv shows, romantic tv shows",2019,teasing master takagisan,Netflix
The Chosen One,"international tv shows, tv dramas, tv mysteries",2019,the chosen one,Netflix
The Confession Killer,"crime tv shows, docuseries",2019,the confession killer,Netflix
Three Days of Christmas,"international tv shows, spanish-language tv shows, tv dramas",2019,three days of christmas,Netflix
Triad Princess,"crime tv shows, international tv shows, romantic tv shows",2019,triad princess,Netflix
Wives on Strike,"comedies, dramas, international movies",2016,wives on strike,Netflix
Wives on Strike: The Revolution,"comedies, dramas, international movies",2017,wives on strike the revolution,Netflix
A Christmas Prince: The Royal Baby,"children & family movies, dramas, romantic movies",2019,a christmas prince the royal baby,Netflix
The Irishman: In Conversation,documentaries,2019,the irishman in conversation,Netflix
V Wars,"tv action & adventure, tv dramas, tv horror",2019,v wars,Netflix
The Last O.G.,tv comedies,2019,the last og,Netflix
The Prince of Tennis ~ Match! Tennis Juniors ~,"international tv shows, tv dramas, teen tv shows",2019,the prince of tennis  match tennis juniors,Netflix
The Road to Love,"international tv shows, romantic tv shows, spanish-language tv shows",2019,the road to love,Netflix
Tiffany Haddish: Black Mitzvah,stand-up comedy,2019,tiffany haddish black mitzvah,Netflix
Nightflyers,"tv horror, tv mysteries, tv sci-fi & fantasy",2018,nightflyers,Netflix
A Cinderella Story: Christmas Wish,"children & family movies, comedies, music & musicals",2019,a cinderella story christmas wish,Netflix
Baby Dolls,"comedies, international movies, romantic movies",2019,baby dolls,Netflix
Cut Bank,"dramas, thrillers",2014,cut bank,Netflix
Dead Kids,"dramas, international movies, thrillers",2019,dead kids,Netflix
Eastsiders,"tv comedies, tv dramas",2018,eastsiders,Netflix
High End Yaariyan,"comedies, international movies, romantic movies",2019,high end yaariyan,Netflix
Iron Fists and Kung-Fu Kicks,"documentaries, international movies",2019,iron fists and kungfu kicks,Netflix
Jindua,"dramas, international movies, romantic movies",2017,jindua,Netflix
Lakeeran,"dramas, international movies, romantic movies",2016,lakeeran,Netflix
Mahi NRI,"comedies, dramas, international movies",2017,mahi nri,Netflix
Qismat,"dramas, international movies, romantic movies",2018,qismat,Netflix
Space Jungle,"kids' tv, korean tv shows, tv comedies",2016,space jungle,Netflix
Tee Shot: Ariya Jutanugarn,"children & family movies, dramas, international movies",2019,tee shot ariya jutanugarn,Netflix
Thug Life,"comedies, dramas, international movies",2017,thug life,Netflix
Wandering Stars,"documentaries, international movies, music & musicals",2019,wandering stars,Netflix
Why Me?,"dramas, international movies, thrillers",2015,why me,Netflix
Chocolate,"international tv shows, korean tv shows, romantic tv shows",2019,chocolate,Netflix
Guatemala: Heart of the Mayan World,"documentaries, international movies",2019,guatemala heart of the mayan world,Netflix
The Zoya Factor,"comedies, dramas, international movies",2019,the zoya factor,Netflix
Atlantics,"dramas, independent movies, international movies",2019,atlantics,Netflix
Chip and Potato,kids' tv,2019,chip and potato,Netflix
Crazy people,"comedies, international movies, thrillers",2018,crazy people,Netflix
I Lost My Body,"dramas, independent movies, international movies",2019,i lost my body,Netflix
Kalushi: The Story of Solomon Mahlangu,"dramas, international movies",2016,kalushi the story of solomon mahlangu,Netflix
La Reina del Sur,"crime tv shows, international tv shows, spanish-language tv shows",2019,la reina del sur,Netflix
Lagos Real Fake Life,"comedies, international movies",2018,lagos real fake life,Netflix
Payday,"comedies, independent movies, international movies",2018,payday,Netflix
The Accidental Spy,"action & adventure, comedies, international movies",2017,the accidental spy,Netflix
The Charming Stepmom,"international tv shows, romantic tv shows, tv comedies",2019,the charming stepmom,Netflix
The Island,"dramas, international movies, thrillers",2018,the island,Netflix
Holiday Rush,"children & family movies, dramas",2019,holiday rush,Netflix
Levius,"anime series, international tv shows",2019,levius,Netflix
Lugar de Mulher,"international tv shows, stand-up comedy & talk shows, tv comedies",2019,lugar de mulher,Netflix
Merry Happy Whatever,tv comedies,2019,merry happy whatever,Netflix
Mythomaniac,"international tv shows, tv comedies, tv dramas",2019,mythomaniac,Netflix
Defiance,"action & adventure, dramas",2008,defiance,Netflix
Evvarikee Cheppoddu,"comedies, international movies, romantic movies",2019,evvarikee cheppoddu,Netflix
Little Singham: Mahabali,"children & family movies, comedies",2019,little singham mahabali,Netflix
The Body Remembers When the World Broke Open,"dramas, independent movies",2019,the body remembers when the world broke open,Netflix
The Irishman,dramas,2019,the irishman,Netflix
Mike Birbiglia: The New One,stand-up comedy,2019,mike birbiglia the new one,Netflix
Super Monsters Save Christmas,children & family movies,2019,super monsters save christmas,Netflix
The Crime,"crime tv shows, international tv shows, tv dramas",2015,the crime,Netflix
True: Winter Wishes,children & family movies,2019,true winter wishes,Netflix
Zona Rosa,"international tv shows, spanish-language tv shows, stand-up comedy & talk shows",2019,zona rosa,Netflix
Pranaam,"action & adventure, dramas, international movies",2019,pranaam,Netflix
What the F* Is Going On?,"documentaries, international movies",2019,what the f is going on,Netflix
Shot Caller,"dramas, thrillers",2017,shot caller,Netflix
Once Upon A Time In Lingjian Mountain,"international tv shows, tv comedies, tv sci-fi & fantasy",2019,once upon a time in lingjian mountain,Netflix
Brother,"dramas, independent movies, international movies",2019,brother,Netflix
Dolly Parton's Heartstrings,tv dramas,2019,dolly partons heartstrings,Netflix
Girls und Panzer der Film,"action & adventure, anime features, international movies",2015,girls und panzer der film,Netflix
Mike Birbiglia: What I Should Have Said Was Nothing: Tales from My Secret Public Journal,stand-up comedy,2008,mike birbiglia what i should have said was nothing tales from my secret public journal,Netflix
Nailed It! Holiday!,reality tv,2019,nailed it holiday,Netflix
Narcoworld: Dope Stories,"crime tv shows, docuseries",2019,narcoworld dope stories,Netflix
Nobody's Looking,"international tv shows, tv comedies, tv dramas",2019,nobodys looking,Netflix
Shelby American,"documentaries, sports movies",2019,shelby american,Netflix
Singapore Social,"international tv shows, reality tv",2019,singapore social,Netflix
The Dragon Prince,"kids' tv, tv action & adventure, tv sci-fi & fantasy",2019,the dragon prince,Netflix
Trolls: The Beat Goes On!,"kids' tv, tv comedies",2019,trolls the beat goes on,Netflix
The Knight Before Christmas,"children & family movies, comedies, romantic movies",2019,the knight before christmas,Netflix
Bangkok Buddies,"international tv shows, tv comedies, tv dramas",2019,bangkok buddies,Netflix
"Bikram: Yogi, Guru, Predator",documentaries,2019,bikram yogi guru predator,Netflix
Dorasaani,"dramas, international movies, romantic movies",2019,dorasaani,Netflix
Holiday Secrets,"international tv shows, tv dramas",2019,holiday secrets,Netflix
"Lorena, Light-Footed Woman","documentaries, international movies, sports movies",2019,lorena lightfooted woman,Netflix
Mallesham,"dramas, independent movies, international movies",2019,mallesham,Netflix
Who Killed Little Gregory?,"crime tv shows, docuseries, international tv shows",2019,who killed little gregory,Netflix
Iliza Shlesinger: Unveiled,stand-up comedy,2019,iliza shlesinger unveiled,Netflix
Miss Culinary,"international tv shows, romantic tv shows, tv comedies",2019,miss culinary,Netflix
Candy Online,"international tv shows, tv dramas, teen tv shows",2019,candy online,Netflix
Iron Sky: The Coming Race,"action & adventure, comedies, international movies",2019,iron sky the coming race,Netflix
Jeff Dunham: All Over the Map,stand-up comedy,2014,jeff dunham all over the map,Netflix
Suffragette,"dramas, international movies",2015,suffragette,Netflix
The Green Inferno,"horror movies, independent movies",2013,the green inferno,Netflix
At the Dolphin Bay,"international tv shows, romantic tv shows",2003,at the dolphin bay,Netflix
Earthquake Bird,"dramas, romantic movies",2019,earthquake bird,Netflix
El sendero de la anaconda,"documentaries, international movies",2019,el sendero de la anaconda,Netflix
GO! The Unforgettable Party,"children & family movies, music & musicals",2019,go the unforgettable party,Netflix
Guna 369,"action & adventure, dramas, international movies",2019,guna 369,Netflix
House Arrest,"comedies, independent movies, international movies",2019,house arrest,Netflix
I'm with the Band: Nasty Cherry,reality tv,2019,im with the band nasty cherry,Netflix
Inheritors,"international tv shows, korean tv shows, romantic tv shows",2013,inheritors,Netflix
K-On!,"anime series, teen tv shows",2010,kon,Netflix
K-on! the movie,"anime features, music & musicals",2011,kon the movie,Netflix
Klaus,"children & family movies, comedies",2019,klaus,Netflix
La Robe De Mariee Des Cieux,"international tv shows, romantic tv shows",2004,la robe de mariee des cieux,Netflix
Llama Llama,kids' tv,2019,llama llama,Netflix
My MVP Valentine,"international tv shows, romantic tv shows, tv dramas",2002,my mvp valentine,Netflix
My Sassy Girl,"international tv shows, korean tv shows, romantic tv shows",2017,my sassy girl,Netflix
SunGanges,"documentaries, international movies",2018,sunganges,Netflix
The Club,"crime tv shows, international tv shows, spanish-language tv shows",2019,the club,Netflix
The Garden of Words,"anime features, international movies, romantic movies",2013,the garden of words,Netflix
The Stranded,"international tv shows, tv action & adventure, tv dramas",2019,the stranded,Netflix
The Toys That Made Us,"docuseries, reality tv",2019,the toys that made us,Netflix
The Yard,"crime tv shows, international tv shows, tv dramas",2019,the yard,Netflix
Westside Story,"international tv shows, romantic tv shows, tv action & adventure",2003,westside story,Netflix
Fadily Camara : La plus drôle de tes copines,stand-up comedy,2019,fadily camara  la plus drle de tes copines,Netflix
My Dear Warrior,"international tv shows, romantic tv shows, tv comedies",2019,my dear warrior,Netflix
Maradona in Mexico,"docuseries, spanish-language tv shows",2020,maradona in mexico,Netflix
Chief of Staff,"international tv shows, korean tv shows, tv dramas",2019,chief of staff,Netflix
Jeff Garlin: Our Man In Chicago,stand-up comedy,2019,jeff garlin our man in chicago,Netflix
A Single Man,"dramas, independent movies, lgbtq movies",2009,a single man,Netflix
Put Your Head on My Shoulder,"international tv shows, romantic tv shows, teen tv shows",2019,put your head on my shoulder,Netflix
To Be of Service,documentaries,2019,to be of service,Netflix
Little Things,"international tv shows, romantic tv shows, tv comedies",2019,little things,Netflix
Greatest Events of WWII in Colour,"british tv shows, docuseries, international tv shows",2019,greatest events of wwii in colour,Netflix
Green Eggs and Ham,"kids' tv, tv action & adventure, tv comedies",2019,green eggs and ham,Netflix
Let It Snow,"comedies, dramas, lgbtq movies",2019,let it snow,Netflix
Paradise Beach,"action & adventure, dramas, international movies",2019,paradise beach,Netflix
Wild District,"crime tv shows, international tv shows, spanish-language tv shows",2019,wild district,Netflix
U Turn,"international movies, thrillers",2016,u turn,Netflix
Burning Cane,dramas,2019,burning cane,Netflix
SCAMS,"crime tv shows, international tv shows, tv dramas",2019,scams,Netflix
Shadow,"action & adventure, dramas, international movies",2018,shadow,Netflix
Luccas Neto in: Summer Camp,"children & family movies, comedies, music & musicals",2019,luccas neto in summer camp,Netflix
Sam & Cat,"kids' tv, tv comedies",2014,sam  cat,Netflix
Seth Meyers: Lobby Baby,stand-up comedy,2019,seth meyers lobby baby,Netflix
The End of the F***ing World,"british tv shows, international tv shows, tv comedies",2019,the end of the fing world,Netflix
The Lovers,"comedies, dramas, independent movies",2017,the lovers,Netflix
Tune in for Love,"dramas, international movies, romantic movies",2019,tune in for love,Netflix
Undercover Brother 2,comedies,2019,undercover brother 2,Netflix
Meet the Adebanjos,"british tv shows, international tv shows, tv comedies",2016,meet the adebanjos,Netflix
Minimalism: A Documentary About the Important Things,documentaries,2016,minimalism a documentary about the important things,Netflix
Oththa Seruppu Size 7,"dramas, international movies, thrillers",2019,oththa seruppu size 7,Netflix
The Devil Next Door,"crime tv shows, docuseries",2019,the devil next door,Netflix
100 Things to do Before High School,movies,2014,100 things to do before high school,Netflix
A Fairly Odd Summer,"children & family movies, comedies",2014,a fairly odd summer,Netflix
Bella and the Bulldogs,"kids' tv, tv comedies",2015,bella and the bulldogs,Netflix
Big Time Movie,"children & family movies, comedies, music & musicals",2012,big time movie,Netflix
Escape from Mr. Lemoncello’s Library,children & family movies,2017,escape from mr lemoncellos library,Netflix
Hey Arnold! The Jungle Movie,"children & family movies, comedies",2017,hey arnold the jungle movie,Netflix
Jinxed,"children & family movies, comedies",2013,jinxed,Netflix
LEGENDS OF THE HIDDEN TEMPLE,children & family movies,2016,legends of the hidden temple,Netflix
"Liar, Liar, Vampire","children & family movies, comedies",2015,liar liar vampire,Netflix
The Boy Who Cried Werewolf,"children & family movies, comedies",2010,the boy who cried werewolf,Netflix
The Massively Mixed-Up Middle School Mystery,"children & family movies, comedies",2015,the massively mixedup middle school mystery,Netflix
Victorious,"kids' tv, tv comedies",2013,victorious,Netflix
A Remarkable Tale,"comedies, international movies",2019,a remarkable tale,Netflix
A Year In Space,"docuseries, international tv shows, science & nature tv",2015,a year in space,Netflix
Ad Vitam,"crime tv shows, international tv shows, tv dramas",2018,ad vitam,Netflix
American Son,dramas,2019,american son,Netflix
Billy on the Street,"international tv shows, reality tv, tv comedies",2016,billy on the street,Netflix
Christmas in the Heartland,dramas,2017,christmas in the heartland,Netflix
Christmas Survival,comedies,2018,christmas survival,Netflix
CLANNAD,"anime series, teen tv shows",2008,clannad,Netflix
Drive,"action & adventure, international movies",2019,drive,Netflix
Fire in Paradise,documentaries,2019,fire in paradise,Netflix
Haikyu!!,"anime series, international tv shows, teen tv shows",2015,haikyu,Netflix
Holiday in the Wild,"children & family movies, dramas, romantic movies",2019,holiday in the wild,Netflix
Holly Star,"children & family movies, comedies, romantic movies",2018,holly star,Netflix
"Love, Chunibyo & Other Delusions!","anime series, romantic tv shows, teen tv shows",2014,love chunibyo  other delusions,Netflix
Maid-Sama!,"anime series, romantic tv shows",2010,maidsama,Netflix
Mobile Suit Gundam: Iron-Blooded Orphans,"anime series, international tv shows",2016,mobile suit gundam ironblooded orphans,Netflix
Queer Eye: We're in Japan!,"international tv shows, reality tv",2019,queer eye were in japan,Netflix
Santa Girl,"children & family movies, comedies, romantic movies",2019,santa girl,Netflix
The Boulet Brothers Dragula,reality tv,2019,the boulet brothers dragula,Netflix
The Deep,kids' tv,2019,the deep,Netflix
The House of Flowers Presents: The Funeral,movies,2019,the house of flowers presents the funeral,Netflix
The King,dramas,2019,the king,Netflix
The Man Without Gravity,"dramas, international movies",2019,the man without gravity,Netflix
The Old Thieves: The Legend of Artegios,"documentaries, international movies",2007,the old thieves the legend of artegios,Netflix
True: Grabbleapple Harvest,children & family movies,2019,true grabbleapple harvest,Netflix
Vientos de agua,"international tv shows, spanish-language tv shows, tv dramas",2006,vientos de agua,Netflix
We Are the Wave,"international tv shows, tv dramas, tv mysteries",2019,we are the wave,Netflix
Zoé: Panoramas,"documentaries, international movies, music & musicals",2016,zo panoramas,Netflix
Grego Rossello: Disculpe las molestias,stand-up comedy,2019,grego rossello disculpe las molestias,Netflix
KENGAN ASHURA,"anime series, international tv shows",2019,kengan ashura,Netflix
Nowhere Man,"crime tv shows, international tv shows, tv action & adventure",2019,nowhere man,Netflix
Sleepless Society: Bedtime Wishes,"crime tv shows, international tv shows, tv dramas",2019,sleepless society bedtime wishes,Netflix
"Bring It On, Ghost","international tv shows, korean tv shows, romantic tv shows",2016,bring it on ghost,Netflix
Mehandi Circus,"dramas, international movies, romantic movies",2019,mehandi circus,Netflix
Tomorrow with You,"international tv shows, korean tv shows, romantic tv shows",2017,tomorrow with you,Netflix
Tunnel,"crime tv shows, international tv shows, tv dramas",2019,tunnel,Netflix
Arsenio Hall: Smart & Classy,stand-up comedy,2019,arsenio hall smart  classy,Netflix
Shine On with Reese,"docuseries, stand-up comedy & talk shows",2018,shine on with reese,Netflix
The Road to El Camino: Behind the Scenes of El Camino: A Breaking Bad Movie,"documentaries, international movies",2019,the road to el camino behind the scenes of el camino a breaking bad movie,Netflix
A 3 Minute Hug,"documentaries, international movies",2019,a 3 minute hug,Netflix
Little Miss Sumo,"documentaries, international movies, sports movies",2018,little miss sumo,Netflix
"Wait, My Youth","international tv shows, romantic tv shows, teen tv shows",2019,wait my youth,Netflix
A Little Thing Called First Love,"international tv shows, romantic tv shows, teen tv shows",2019,a little thing called first love,Netflix
BoJack Horseman,tv comedies,2020,bojack horseman,Netflix
Brotherhood,"crime tv shows, international tv shows, tv dramas",2019,brotherhood,Netflix
Consequences,"dramas, international movies, thrillers",2014,consequences,Netflix
Dolemite Is My Name,"comedies, dramas",2019,dolemite is my name,Netflix
Drug Squad: Costa del Sol,"crime tv shows, international tv shows, spanish-language tv shows",2019,drug squad costa del sol,Netflix
It Takes a Lunatic,documentaries,2019,it takes a lunatic,Netflix
Monzón: A Knockout Blow,"crime tv shows, international tv shows, spanish-language tv shows",2018,monzn a knockout blow,Netflix
My Next Guest with David Letterman and Shah Rukh Khan,international movies,2019,my next guest with david letterman and shah rukh khan,Netflix
Nailed It! France,"international tv shows, reality tv",2019,nailed it france,Netflix
Nailed It! Spain,"international tv shows, reality tv, spanish-language tv shows",2019,nailed it spain,Netflix
Rattlesnake,"horror movies, independent movies, thrillers",2019,rattlesnake,Netflix
The Awakening of Motti Wolkenbruch,"comedies, dramas, international movies",2018,the awakening of motti wolkenbruch,Netflix
The Untamed,"international tv shows, tv action & adventure, tv mysteries",2019,the untamed,Netflix
Daybreak,"tv action & adventure, tv comedies, tv horror",2019,daybreak,Netflix
Echo in the Canyon,"documentaries, music & musicals",2019,echo in the canyon,Netflix
Revenge of the Pontianak,"horror movies, international movies",2019,revenge of the pontianak,Netflix
"Breakfast, Lunch & Dinner",docuseries,2019,breakfast lunch  dinner,Netflix
Dancing with the Birds,documentaries,2019,dancing with the birds,Netflix
Master Z: The Ip Man Legacy,"action & adventure, international movies",2018,master z the ip man legacy,Netflix
Jenny Slate: Stage Fright,"documentaries, stand-up comedy",2019,jenny slate stage fright,Netflix
Free Fire,"action & adventure, comedies, independent movies",2016,free fire,Netflix
Little Singham: Kaal Ki Tabaahi,"children & family movies, comedies",2019,little singham kaal ki tabaahi,Netflix
The Command,"dramas, international movies, thrillers",2018,the command,Netflix
10 Days in Sun City,"comedies, international movies, romantic movies",2017,10 days in sun city,Netflix
"ChuChu TV Kids Songs, Learning Videos & Bedtime Stories",kids' tv,2019,chuchu tv kids songs learning videos  bedtime stories,Netflix
ChuChuTV Bedtime Stories & Moral Stories for Kids (English),children & family movies,2019,chuchutv bedtime stories  moral stories for kids english,Netflix
ChuChuTV Bedtime Stories & Moral Stories for Kids (Hindi),children & family movies,2019,chuchutv bedtime stories  moral stories for kids hindi,Netflix
ChuChuTV Surprise Eggs Learning Videos (English),children & family movies,2019,chuchutv surprise eggs learning videos english,Netflix
ChuChuTV Surprise Eggs Learning Videos (Hindi),children & family movies,2019,chuchutv surprise eggs learning videos hindi,Netflix
Eli,horror movies,2019,eli,Netflix
In My Country,"dramas, international movies",2018,in my country,Netflix
Interior Design Masters,"british tv shows, international tv shows, reality tv",2019,interior design masters,Netflix
Little Baby Bum: Nursery Rhyme Friends,"british tv shows, kids' tv",2019,little baby bum nursery rhyme friends,Netflix
"Love, Surreal and Odd","comedies, international movies, romantic movies",2017,love surreal and odd,Netflix
Mighty Little Bheem: Diwali,"kids' tv, tv comedies",2019,mighty little bheem diwali,Netflix
MONKART,"kids' tv, korean tv shows",2017,monkart,Netflix
Seventeen,"comedies, dramas, international movies",2019,seventeen,Netflix
Spirit Riding Free: Pony Tales,kids' tv,2019,spirit riding free pony tales,Netflix
Tatu,"action & adventure, dramas, international movies",2017,tatu,Netflix
Tell Me Who I Am,documentaries,2019,tell me who i am,Netflix
The Laundromat,"comedies, dramas",2019,the laundromat,Netflix
Toon,"international tv shows, tv comedies",2017,toon,Netflix
Up North,"dramas, international movies",2018,up north,Netflix
Upstarts,"comedies, dramas, international movies",2019,upstarts,Netflix
Verses of Love 2,"dramas, faith & spirituality, international movies",2017,verses of love 2,Netflix
Chosen,"crime tv shows, international tv shows, tv action & adventure",2019,chosen,Netflix
THE UNLISTED,"kids' tv, tv thrillers",2019,the unlisted,Netflix
Another Miss Oh,"international tv shows, korean tv shows, romantic tv shows",2016,another miss oh,Netflix
Ghosts of Sugar Land,documentaries,2019,ghosts of sugar land,Netflix
League of Legends Origins,documentaries,2019,league of legends origins,Netflix
Park Na-rae: Glamour Warning,stand-up comedy,2019,park narae glamour warning,Netflix
Second 20s,"international tv shows, korean tv shows, romantic tv shows",2015,second 20s,Netflix
Sinister 2,horror movies,2015,sinister 2,Netflix
The Game Changers,"documentaries, sports movies",2018,the game changers,Netflix
Black Money Love,"crime tv shows, international tv shows, tv dramas",2014,black money love,Netflix
"Martin Matte: La vie, la mort...eh la la..!",stand-up comedy,2019,martin matte la vie la morteh la la,Netflix
Street Flow,"dramas, international movies",2019,street flow,Netflix
The Lies Within,"crime tv shows, international tv shows, korean tv shows",2019,the lies within,Netflix
Bygones Be Bygones,"comedies, international movies, romantic movies",2017,bygones be bygones,Netflix
El Camino: A Breaking Bad Movie,"dramas, thrillers",2019,el camino a breaking bad movie,Netflix
Fractured,thrillers,2019,fractured,Netflix
Insatiable,"tv comedies, tv dramas, teen tv shows",2019,insatiable,Netflix
The Bling Lagosians,"dramas, international movies",2019,the bling lagosians,Netflix
The Forest of Love,"dramas, international movies, thrillers",2019,the forest of love,Netflix
The Hook Up Plan,"international tv shows, romantic tv shows, tv comedies",2020,the hook up plan,Netflix
The Influence,"horror movies, international movies",2019,the influence,Netflix
Beyblade Burst Turbo,"anime series, kids' tv",2018,beyblade burst turbo,Netflix
GEN HOSHINO STADIUM TOUR “POP VIRUS”,"international movies, music & musicals",2019,gen hoshino stadium tour pop virus,Netflix
Ultramarine Magmell,"anime series, international tv shows",2019,ultramarine magmell,Netflix
After,"dramas, romantic movies",2019,after,Netflix
Home Is Where the Killer Is,"dramas, thrillers",2019,home is where the killer is,Netflix
Rhythm + Flow,reality tv,2019,rhythm  flow,Netflix
Deon Cole: Cole Hearted,stand-up comedy,2019,deon cole cole hearted,Netflix
The Spooky Tale of Captain Underpants Hack-a-ween,"children & family movies, comedies",2019,the spooky tale of captain underpants hackaween,Netflix
Love for Sale,"dramas, international movies, romantic movies",2018,love for sale,Netflix
Legend Quest: Masters of Myth,"kids' tv, spanish-language tv shows",2019,legend quest masters of myth,Netflix
My Country: The New Age,"international tv shows, korean tv shows, tv action & adventure",2019,my country the new age,Netflix
Noblemen,"dramas, independent movies, international movies",2019,noblemen,Netflix
A Plastic Ocean,documentaries,2016,a plastic ocean,Netflix
Brother in Love,"comedies, international movies, romantic movies",2019,brother in love,Netflix
Creeped Out,"british tv shows, kids' tv, tv thrillers",2019,creeped out,Netflix
In the Tall Grass,"horror movies, thrillers",2019,in the tall grass,Netflix
Kids on the Block,"children & family movies, comedies",2019,kids on the block,Netflix
Peaky Blinders,"british tv shows, crime tv shows, international tv shows",2019,peaky blinders,Netflix
Raising Dion,"kids' tv, tv action & adventure, tv dramas",2019,raising dion,Netflix
Rotten,"docuseries, science & nature tv",2019,rotten,Netflix
Super Monsters,kids' tv,2019,super monsters,Netflix
Super Monsters: Vida's First Halloween,children & family movies,2019,super monsters vidas first halloween,Netflix
Seis Manos,"anime series, crime tv shows",2019,seis manos,Netflix
Living Undocumented,docuseries,2019,living undocumented,Netflix
Ready to Mingle,"comedies, international movies, romantic movies",2019,ready to mingle,Netflix
Salam - The First ****** Nobel Laureate,documentaries,2018,salam  the first  nobel laureate,Netflix
Cheese in the Trap,"international tv shows, korean tv shows, romantic tv shows",2016,cheese in the trap,Netflix
Chicago Typewriter,"international tv shows, korean tv shows, romantic tv shows",2017,chicago typewriter,Netflix
College Romance,"international tv shows, romantic tv shows, tv comedies",2018,college romance,Netflix
Engineering Girls,"international tv shows, tv comedies",2018,engineering girls,Netflix
First Kiss,"dramas, international movies, romantic movies",2018,first kiss,Netflix
Girls Hostel,"international tv shows, tv comedies, tv dramas",2018,girls hostel,Netflix
Inmates,"international tv shows, tv comedies",2017,inmates,Netflix
Limitless,"documentaries, international movies, sports movies",2017,limitless,Netflix
Little Baby Bum: Go Buster,children & family movies,2019,little baby bum go buster,Netflix
Miniforce X,"kids' tv, korean tv shows",2018,miniforce x,Netflix
Nikki Glaser: Bangin’,stand-up comedy,2019,nikki glaser bangin,Netflix
Rugrats in Paris: The Movie,"children & family movies, comedies",2000,rugrats in paris the movie,Netflix
The K2,"international tv shows, korean tv shows, romantic tv shows",2016,the k2,Netflix
The Liar and His Lover,"international tv shows, korean tv shows, romantic tv shows",2017,the liar and his lover,Netflix
The Rugrats Movie,"children & family movies, comedies",1998,the rugrats movie,Netflix
The Squid and the Whale,"comedies, dramas, independent movies",2005,the squid and the whale,Netflix
Gotham,"crime tv shows, tv action & adventure, tv dramas",2019,gotham,Netflix
Mo Gilligan: Momentum,stand-up comedy,2019,mo gilligan momentum,Netflix
Cultivating the Seas: History and Future of the Full-Cycle Cultured Kindai Tuna,"documentaries, international movies",2019,cultivating the seas history and future of the fullcycle cultured kindai tuna,Netflix
TUNA GIRL,"dramas, international movies",2019,tuna girl,Netflix
Bard of Blood,"international tv shows, tv action & adventure, tv dramas",2019,bard of blood,Netflix
Deliha 2,"comedies, international movies",2018,deliha 2,Netflix
El Marginal,"crime tv shows, international tv shows, spanish-language tv shows",2019,el marginal,Netflix
In the Shadow of the Moon,"dramas, sci-fi & fantasy, thrillers",2019,in the shadow of the moon,Netflix
Sturgill Simpson Presents Sound & Fury,"anime features, music & musicals, sci-fi & fantasy",2019,sturgill simpson presents sound  fury,Netflix
Malaal,"dramas, international movies, romantic movies",2019,malaal,Netflix
The Grandmaster,"action & adventure, dramas, international movies",2013,the grandmaster,Netflix
The Inmate,"crime tv shows, international tv shows, spanish-language tv shows",2018,the inmate,Netflix
Abstract: The Art of Design,docuseries,2019,abstract the art of design,Netflix
Birders,"documentaries, international movies",2019,birders,Netflix
Glitch,"international tv shows, tv dramas, tv horror",2019,glitch,Netflix
Oh! Baby (Malayalam),"comedies, international movies, music & musicals",2019,oh baby malayalam,Netflix
Oh! Baby (Tamil),"comedies, international movies, music & musicals",2019,oh baby tamil,Netflix
Inside Man: Most Wanted,action & adventure,2019,inside man most wanted,Netflix
Jeff Dunham: Beside Himself,stand-up comedy,2019,jeff dunham beside himself,Netflix
Manmadhudu 2,"comedies, dramas, international movies",2019,manmadhudu 2,Netflix
Under the Eiffel Tower,"comedies, independent movies, international movies",2018,under the eiffel tower,Netflix
Do Paise Ki Dhoop Chaar Aane Ki Baarish,"dramas, independent movies, international movies",2009,do paise ki dhoop chaar aane ki baarish,Netflix
Vagabond,"international tv shows, korean tv shows, tv action & adventure",2019,vagabond,Netflix
Between Two Ferns: The Movie,comedies,2019,between two ferns the movie,Netflix
Criminal: France,"crime tv shows, international tv shows, tv dramas",2019,criminal france,Netflix
Criminal: Germany,"british tv shows, crime tv shows, international tv shows",2019,criminal germany,Netflix
Criminal: Spain,"british tv shows, crime tv shows, international tv shows",2019,criminal spain,Netflix
Fastest Car,reality tv,2019,fastest car,Netflix
Inside Bill's Brain: Decoding Bill Gates,"docuseries, science & nature tv",2019,inside bills brain decoding bill gates,Netflix
The Hockey Girls,"international tv shows, tv comedies, tv dramas",2019,the hockey girls,Netflix
Travel Mates 2,"comedies, international movies",2018,travel mates 2,Netflix
True: Tricky Treat Day,children & family movies,2019,true tricky treat day,Netflix
Kabir Singh,"dramas, international movies, romantic movies",2019,kabir singh,Netflix
When the Camellia Blooms,"international tv shows, korean tv shows, romantic tv shows",2019,when the camellia blooms,Netflix
Avengement,action & adventure,2019,avengement,Netflix
Sebastian Maniscalco: What's Wrong with People?,stand-up comedy,2012,sebastian maniscalco whats wrong with people,Netflix
Los Tigres del Norte at Folsom Prison,"documentaries, international movies, music & musicals",2019,los tigres del norte at folsom prison,Netflix
Steal a Pencil for Me,documentaries,2006,steal a pencil for me,Netflix
Surviving R. Kelly,"crime tv shows, docuseries",2019,surviving r kelly,Netflix
Oh! Baby,"comedies, international movies, music & musicals",2019,oh baby,Netflix
The Crystal Calls Making the Dark Crystal: Age of Resistance,"documentaries, international movies",2019,the crystal calls making the dark crystal age of resistance,Netflix
"Hello, Privilege. It's Me, Chelsea",documentaries,2019,hello privilege its me chelsea,Netflix
Kabaneri of the Iron Fortress: The Battle of Unato,"anime series, international tv shows, tv horror",2019,kabaneri of the iron fortress the battle of unato,Netflix
Locked on You,"comedies, international movies",2018,locked on you,Netflix
Marianne,"international tv shows, tv dramas, tv horror",2019,marianne,Netflix
Shanghai Fortress,"dramas, international movies, romantic movies",2019,shanghai fortress,Netflix
Tall Girl,"children & family movies, comedies, romantic movies",2019,tall girl,Netflix
Top Boy,"british tv shows, crime tv shows, international tv shows",2019,top boy,Netflix
Unbelievable,"crime tv shows, tv dramas",2019,unbelievable,Netflix
The I-Land,"tv action & adventure, tv dramas, tv sci-fi & fantasy",2019,the iland,Netflix
"The Mind, Explained","docuseries, science & nature tv",2019,the mind explained,Netflix
Bill Burr: Paper Tiger,stand-up comedy,2019,bill burr paper tiger,Netflix
Evelyn,"documentaries, international movies",2019,evelyn,Netflix
Article 15,"dramas, international movies, thrillers",2019,article 15,Netflix
Care of Kancharapalem,"comedies, dramas, independent movies",2018,care of kancharapalem,Netflix
Ee Nagaraniki Emaindi,"comedies, independent movies, international movies",2018,ee nagaraniki emaindi,Netflix
Kill Me If You Dare,"comedies, international movies, romantic movies",2019,kill me if you dare,Netflix
The Spy,"international tv shows, tv dramas, tv thrillers",2019,the spy,Netflix
American Factory: A Conversation with the Obamas,documentaries,2019,american factory a conversation with the obamas,Netflix
Saawan,"dramas, independent movies, international movies",2016,saawan,Netflix
Watchman,"comedies, dramas, international movies",2019,watchman,Netflix
Elena,"documentaries, international movies",2012,elena,Netflix
Loo Loo Kids: Johny & Friends Musical Adventures,kids' tv,2016,loo loo kids johny  friends musical adventures,Netflix
Moving Art,"docuseries, science & nature tv",2018,moving art,Netflix
Naruto,"anime series, international tv shows",2006,naruto,Netflix
Olmo & the Seagull,"dramas, independent movies, international movies",2014,olmo  the seagull,Netflix
Serial Killer with Piers Morgan,"british tv shows, crime tv shows, docuseries",2018,serial killer with piers morgan,Netflix
Spookley the Square Pumpkin,children & family movies,2004,spookley the square pumpkin,Netflix
Uncle Naji in UAE,"comedies, international movies",2019,uncle naji in uae,Netflix
Luo Bao Bei,"british tv shows, kids' tv",2018,luo bao bei,Netflix
Back to School,"comedies, international movies",2019,back to school,Netflix
Feo pero sabroso,"comedies, international movies",2018,feo pero sabroso,Netflix
Mi amigo Alexis,"children & family movies, comedies, dramas",2019,mi amigo alexis,Netflix
Styling Hollywood,reality tv,2019,styling hollywood,Netflix
The Dark Crystal: Age of Resistance,"tv action & adventure, tv dramas, tv sci-fi & fantasy",2019,the dark crystal age of resistance,Netflix
The Good Bandit,"crime tv shows, international tv shows, spanish-language tv shows",2018,the good bandit,Netflix
True and the Rainbow Kingdom,kids' tv,2019,true and the rainbow kingdom,Netflix
Unbridled,"international movies, thrillers",2018,unbridled,Netflix
Falling Inn Love,"comedies, romantic movies",2019,falling inn love,Netflix
Kardec,"dramas, faith & spirituality, international movies",2019,kardec,Netflix
Travis Scott: Look Mom I Can Fly,"documentaries, music & musicals",2019,travis scott look mom i can fly,Netflix
Million Pound Menu,"british tv shows, international tv shows, reality tv",2019,million pound menu,Netflix
Dave Chappelle: Sticks & Stones,stand-up comedy,2019,dave chappelle sticks  stones,Netflix
Drink Drank Drunk,"comedies, international movies",2016,drink drank drunk,Netflix
13 Reasons Why: Beyond the Reasons,"crime tv shows, docuseries",2019,13 reasons why beyond the reasons,Netflix
HERO MASK,"anime series, crime tv shows, international tv shows",2019,hero mask,Netflix
Kaake Da Viyah,"comedies, dramas, international movies",2019,kaake da viyah,Netflix
Marriage Palace,"comedies, international movies",2018,marriage palace,Netflix
Mayday Life,"international movies, music & musicals",2019,mayday life,Netflix
Saavat,"dramas, independent movies, international movies",2019,saavat,Netflix
American Factory,documentaries,2019,american factory,Netflix
Game Over (Hindi Version),"horror movies, international movies, thrillers",2019,game over hindi version,Netflix
Game Over (Tamil Version),"horror movies, international movies, thrillers",2019,game over tamil version,Netflix
Game Over (Telugu Version),"horror movies, international movies, thrillers",2019,game over telugu version,Netflix
Hyperdrive,reality tv,2019,hyperdrive,Netflix
The Girl Allergic to Wi-Fi,"international movies, romantic movies",2018,the girl allergic to wifi,Netflix
Our Planet - Behind The Scenes,documentaries,2019,our planet  behind the scenes,Netflix
Simon Amstell: Set Free,stand-up comedy,2019,simon amstell set free,Netflix
45 rpm,"international tv shows, romantic tv shows, spanish-language tv shows",2019,45 rpm,Netflix
Apache: The Life of Carlos Tevez,"crime tv shows, international tv shows, spanish-language tv shows",2019,apache the life of carlos tevez,Netflix
Better Than Us,"crime tv shows, international tv shows, tv dramas",2019,better than us,Netflix
Diagnosis,"docuseries, science & nature tv",2019,diagnosis,Netflix
Green Frontier,"crime tv shows, international tv shows, spanish-language tv shows",2019,green frontier,Netflix
Invader Zim: Enter the Florpus,"children & family movies, comedies, sci-fi & fantasy",2019,invader zim enter the florpus,Netflix
MINDHUNTER,"crime tv shows, tv dramas, tv mysteries",2019,mindhunter,Netflix
Selfless,"sci-fi & fantasy, thrillers",2015,selfless,Netflix
Sextuplets,comedies,2019,sextuplets,Netflix
Super Monsters Back to School,children & family movies,2019,super monsters back to school,Netflix
The King's Avatar,"international tv shows, tv action & adventure, tv dramas",2019,the kings avatar,Netflix
The Little Switzerland,"comedies, international movies",2019,the little switzerland,Netflix
Victim Number 8,"international tv shows, spanish-language tv shows, tv action & adventure",2018,victim number 8,Netflix
Cannon Busters,"anime series, international tv shows",2019,cannon busters,Netflix
Sacred Games,"crime tv shows, international tv shows, tv dramas",2019,sacred games,Netflix
Til Death Do Us Part,"international tv shows, tv dramas, tv thrillers",2019,til death do us part,Netflix
Whindersson Nunes: Adult,stand-up comedy,2019,whindersson nunes adult,Netflix
Happy Jail,"crime tv shows, docuseries",2019,happy jail,Netflix
Uyare,"dramas, international movies",2019,uyare,Netflix
90 ML,"comedies, international movies, music & musicals",2019,90 ml,Netflix
Calum von Moger: Unbroken,"documentaries, sports movies",2019,calum von moger unbroken,Netflix
Hasta los dientes,"documentaries, international movies",2018,hasta los dientes,Netflix
Knightfall,tv dramas,2019,knightfall,Netflix
DC Super Hero Girls,kids' tv,2019,dc super hero girls,Netflix
Colin Quinn: Red State Blue State,stand-up comedy,2019,colin quinn red state blue state,Netflix
GLOW,"tv comedies, tv dramas",2019,glow,Netflix
IZombie,"tv comedies, tv dramas, tv horror",2019,izombie,Netflix
Jaoon Kahan Bata Ae Dil,"dramas, independent movies, international movies",2018,jaoon kahan bata ae dil,Netflix
Rocko's Modern Life: Static Cling,"children & family movies, comedies, lgbtq movies",2019,rockos modern life static cling,Netflix
Sintonia,"crime tv shows, international tv shows, tv dramas",2019,sintonia,Netflix
The Family,docuseries,2019,the family,Netflix
Bad Guys,"crime tv shows, international tv shows, korean tv shows",2014,bad guys,Netflix
Dollar,"international tv shows, tv dramas",2019,dollar,Netflix
Jane The Virgin,"romantic tv shows, tv comedies, tv dramas",2019,jane the virgin,Netflix
Let's Eat 2,"international tv shows, korean tv shows, romantic tv shows",2015,lets eat 2,Netflix
Misaeng,"international tv shows, korean tv shows, tv dramas",2014,misaeng,Netflix
Oh My Ghost,"international tv shows, korean tv shows, romantic tv shows",2015,oh my ghost,Netflix
Reply 1994,"international tv shows, korean tv shows, romantic tv shows",2014,reply 1994,Netflix
Reply 1997,"international tv shows, korean tv shows, romantic tv shows",2012,reply 1997,Netflix
Wu Assassins,"tv action & adventure, tv sci-fi & fantasy",2019,wu assassins,Netflix
Badla,"international movies, thrillers",2019,badla,Netflix
Theo Von: No Offense,stand-up comedy,2016,theo von no offense,Netflix
Crazy Beautiful You,"comedies, dramas, international movies",2015,crazy beautiful you,Netflix
I'm Brent Morin,stand-up comedy,2015,im brent morin,Netflix
Jim Jefferies : BARE,stand-up comedy,2014,jim jefferies  bare,Netflix
Screwball,"documentaries, sports movies",2018,screwball,Netflix
Sebastian Maniscalco: Why Would You Do That,stand-up comedy,2016,sebastian maniscalco why would you do that,Netflix
Enter the Anime,"documentaries, international movies",2019,enter the anime,Netflix
No Good Nick,"kids' tv, tv comedies, tv dramas",2019,no good nick,Netflix
No One Will Ever Know,"dramas, international movies",2017,no one will ever know,Netflix
Misfit,"children & family movies, comedies, international movies",2017,misfit,Netflix
Basketball or Nothing,"docuseries, reality tv",2019,basketball or nothing,Netflix
Léa & I,documentaries,2019,la  i,Netflix
Otherhood,comedies,2019,otherhood,Netflix
Uriyadi 2,"dramas, international movies",2019,uriyadi 2,Netflix
Manu,"dramas, independent movies, international movies",2018,manu,Netflix
Sleepless Society: Nyctophobia,"international tv shows, tv mysteries, tv thrillers",2019,sleepless society nyctophobia,Netflix
The Letdown,"international tv shows, tv comedies, tv dramas",2019,the letdown,Netflix
The Red Sea Diving Resort,"dramas, thrillers",2019,the red sea diving resort,Netflix
Whitney Cummings: Can I Touch It?,stand-up comedy,2019,whitney cummings can i touch it,Netflix
Twelve Forever,kids' tv,2019,twelve forever,Netflix
Boi,"dramas, independent movies, international movies",2018,boi,Netflix
Eerie,"horror movies, international movies",2019,eerie,Netflix
Girls With Balls,"comedies, horror movies, international movies",2019,girls with balls,Netflix
My First First Love,"international tv shows, korean tv shows, romantic tv shows",2019,my first first love,Netflix
The Son,"dramas, independent movies, international movies",2019,the son,Netflix
Another Life,"british tv shows, international tv shows, tv action & adventure",2019,another life,Netflix
The Great Hack,documentaries,2019,the great hack,Netflix
Beat Bugs,kids' tv,2018,beat bugs,Netflix
D.L. Hughley: Contrarian,stand-up comedy,2018,dl hughley contrarian,Netflix
Demetri Martin: The Overthinker,stand-up comedy,2018,demetri martin the overthinker,Netflix
The Beast Stalker,"action & adventure, cult movies, international movies",2008,the beast stalker,Netflix
The Midas Touch,"comedies, international movies",2013,the midas touch,Netflix
The Twins Effect II,"action & adventure, comedies, international movies",2004,the twins effect ii,Netflix
Twins Mission,"action & adventure, international movies",2007,twins mission,Netflix
Sexy Central,"international tv shows, romantic tv shows, tv dramas",2019,sexy central,Netflix
"¡Ay, mi madre!","comedies, international movies",2019,ay mi madre,Netflix
Comedians in Cars Getting Coffee,"stand-up comedy & talk shows, tv comedies",2019,comedians in cars getting coffee,Netflix
The Epic Tales of Captain Underpants,"kids' tv, tv comedies",2019,the epic tales of captain underpants,Netflix
Typewriter,"international tv shows, tv horror, tv mysteries",2019,typewriter,Netflix
Rookie Historian Goo Hae-Ryung,"international tv shows, korean tv shows, romantic tv shows",2019,rookie historian goo haeryung,Netflix
Secret Obsession,thrillers,2019,secret obsession,Netflix
Mauli,"action & adventure, dramas, international movies",2018,mauli,Netflix
Pinky Malinky,"kids' tv, tv comedies",2019,pinky malinky,Netflix
Unrequited Love,"international tv shows, romantic tv shows, tv dramas",2019,unrequited love,Netflix
Bogda,"dramas, international movies",2018,bogda,Netflix
"Frankenstein’s Monster’s Monster, Frankenstein",comedies,2019,frankensteins monsters monster frankenstein,Netflix
Angel Beats!,"anime series, international tv shows",2010,angel beats,Netflix
Anohana: The Flower We Saw That Day,"anime series, international tv shows, teen tv shows",2011,anohana the flower we saw that day,Netflix
God Eater,"anime series, international tv shows",2015,god eater,Netflix
GRANBLUE FANTASY the Animation,"anime series, international tv shows",2017,granblue fantasy the animation,Netflix
3Below: Tales of Arcadia,"kids' tv, tv action & adventure, tv sci-fi & fantasy",2019,3below tales of arcadia,Netflix
4L,"comedies, dramas, independent movies",2019,4l,Netflix
Bonus Family,"international tv shows, tv dramas",2019,bonus family,Netflix
Cities of Last Things,"dramas, independent movies, international movies",2018,cities of last things,Netflix
Extreme Engagement,"international tv shows, reality tv",2019,extreme engagement,Netflix
Kidnapping Stella,"dramas, international movies, thrillers",2019,kidnapping stella,Netflix
One Spring Night,"international tv shows, korean tv shows, romantic tv shows",2019,one spring night,Netflix
PILI Fantasy: War of Dragons,"international tv shows, tv action & adventure, tv sci-fi & fantasy",2019,pili fantasy war of dragons,Netflix
Point Blank,action & adventure,2019,point blank,Netflix
The Milk System,"documentaries, international movies",2017,the milk system,Netflix
True Tunes,kids' tv,2019,true tunes,Netflix
Parchís: the Documentary,"documentaries, international movies, music & musicals",2019,parchs the documentary,Netflix
Aziz Ansari: RIGHT NOW,stand-up comedy,2019,aziz ansari right now,Netflix
Free Rein,"british tv shows, kids' tv, tv dramas",2019,free rein,Netflix
"River, el más grande siempre","documentaries, international movies, sports movies",2019,river el ms grande siempre,Netflix
The Legend of White Snake,"international tv shows, romantic tv shows, tv dramas",2019,the legend of white snake,Netflix
Cristina,documentaries,2016,cristina,Netflix
Kakegurui,"international tv shows, tv dramas, tv thrillers",2019,kakegurui,Netflix
Stranger Things,"tv horror, tv mysteries, tv sci-fi & fantasy",2019,stranger things,Netflix
The Last Czars,"docuseries, tv dramas",2019,the last czars,Netflix
Yummy Mummies,"international tv shows, reality tv",2019,yummy mummies,Netflix
Bangkok Love Stories: Objects of Affection,"international tv shows, romantic tv shows, tv dramas",2019,bangkok love stories objects of affection,Netflix
Bangkok Love Stories: Plead,"international tv shows, romantic tv shows, tv dramas",2019,bangkok love stories plead,Netflix
Designated Survivor: 60 Days,"international tv shows, korean tv shows, tv dramas",2019,designated survivor 60 days,Netflix
DreamWorks Kung Fu Panda Awesome Secrets,"kids' tv, tv action & adventure, tv comedies",2008,dreamworks kung fu panda awesome secrets,Netflix
Hatchimals | Adventures in Hatchtopia,kids' tv,2018,hatchimals  adventures in hatchtopia,Netflix
Katherine Ryan: Glitter Room,stand-up comedy,2019,katherine ryan glitter room,Netflix
Molang,kids' tv,2015,molang,Netflix
Rabbids Invasion,"kids' tv, tv comedies",2018,rabbids invasion,Netflix
Record of Grancrest War,"anime series, international tv shows",2018,record of grancrest war,Netflix
War Against Women,"documentaries, international movies",2013,war against women,Netflix
Inhuman Kiss,"horror movies, international movies, romantic movies",2019,inhuman kiss,Netflix
Romeo Akbar Walter,"dramas, international movies, thrillers",2019,romeo akbar walter,Netflix
Scare Tactics,"reality tv, tv comedies, tv horror",2011,scare tactics,Netflix
Super Deluxe,"comedies, dramas, international movies",2019,super deluxe,Netflix
Dope,"crime tv shows, docuseries",2019,dope,Netflix
El testigo,"documentaries, international movies",2018,el testigo,Netflix
Exhibit A,"crime tv shows, docuseries, science & nature tv",2019,exhibit a,Netflix
Instant Hotel,"international tv shows, reality tv",2019,instant hotel,Netflix
La Leyenda del Diamante,"action & adventure, international movies, sci-fi & fantasy",2017,la leyenda del diamante,Netflix
Motown Magic,"kids' tv, tv sci-fi & fantasy",2019,motown magic,Netflix
Paquita Salas,"international tv shows, spanish-language tv shows, tv comedies",2018,paquita salas,Netflix
ANIMA,"dramas, independent movies, music & musicals",2019,anima,Netflix
Answer for Heaven,"crime tv shows, international tv shows, tv comedies",2019,answer for heaven,Netflix
Daniel Sosa: Maleducado,stand-up comedy,2019,daniel sosa maleducado,Netflix
Hikaru Utada Laughter in the Dark Tour 2018,"international movies, music & musicals",2018,hikaru utada laughter in the dark tour 2018,Netflix
Kahaani,"international movies, music & musicals, thrillers",2012,kahaani,Netflix
Unbroken,"documentaries, international movies",2019,unbroken,Netflix
Mike Epps: Only One Mike,stand-up comedy,2019,mike epps only one mike,Netflix
Forest of Piano,"anime series, international tv shows",2019,forest of piano,Netflix
Triple Threat,"action & adventure, international movies",2019,triple threat,Netflix
Blood Will Tell,"dramas, independent movies, international movies",2019,blood will tell,Netflix
Bolívar,"international tv shows, romantic tv shows, spanish-language tv shows",2019,bolvar,Netflix
EVANGELION: DEATH (TRUE)²,"action & adventure, anime features, international movies",1998,evangelion death true,Netflix
Girls Incarcerated,"docuseries, reality tv",2019,girls incarcerated,Netflix
Go! Live Your Way,"kids' tv, spanish-language tv shows, teen tv shows",2019,go live your way,Netflix
Magi: The Labyrinth of Magic,"anime series, international tv shows",2013,magi the labyrinth of magic,Netflix
Neon Genesis Evangelion,"anime series, international tv shows",1995,neon genesis evangelion,Netflix
Shooter,"crime tv shows, tv action & adventure, tv dramas",2018,shooter,Netflix
The Casketeers,"international tv shows, reality tv",2019,the casketeers,Netflix
The Confession Tapes,"crime tv shows, docuseries",2019,the confession tapes,Netflix
The End of Evangelion,"action & adventure, anime features, international movies",1997,the end of evangelion,Netflix
Rakkhosh,"horror movies, independent movies, international movies",2019,rakkhosh,Netflix
The Wolf's Call,"dramas, international movies, thrillers",2019,the wolfs call,Netflix
Beats,"dramas, independent movies, music & musicals",2019,beats,Netflix
The Edge of Democracy,"documentaries, international movies",2019,the edge of democracy,Netflix
Adam Devine: Best Time of Our Lives,stand-up comedy,2019,adam devine best time of our lives,Netflix
Cop Car,thrillers,2015,cop car,Netflix
Right Here Right Now,"comedies, dramas, independent movies",2018,right here right now,Netflix
Fate/Zero,"anime series, international tv shows",2012,fatezero,Netflix
Kill la Kill,"anime series, international tv shows",2014,kill la kill,Netflix
Life Overtakes Me,documentaries,2019,life overtakes me,Netflix
Luckee,"comedies, international movies, romantic movies",2019,luckee,Netflix
Pihu,"dramas, independent movies, international movies",2018,pihu,Netflix
Puella Magi Madoka Magica,"anime series, international tv shows",2011,puella magi madoka magica,Netflix
Somewhere Only We Know,"international tv shows, romantic tv shows, tv comedies",2019,somewhere only we know,Netflix
The Alcàsser Murders,"crime tv shows, docuseries, international tv shows",2019,the alcsser murders,Netflix
Unit 42,"crime tv shows, international tv shows, tv dramas",2017,unit 42,Netflix
Awake: The Million Dollar Game,reality tv,2019,awake the million dollar game,Netflix
Black Spot,"crime tv shows, international tv shows, tv dramas",2019,black spot,Netflix
DJ Cinderella,"children & family movies, comedies",2019,dj cinderella,Netflix
El desconocido,"crime tv shows, international tv shows, spanish-language tv shows",2019,el desconocido,Netflix
Girlfriends' Guide to Divorce,"tv comedies, tv dramas",2019,girlfriends guide to divorce,Netflix
Leila,"british tv shows, international tv shows, tv dramas",2019,leila,Netflix
Marlon,tv comedies,2018,marlon,Netflix
Marvel's Jessica Jones,"crime tv shows, tv action & adventure, tv dramas",2019,marvels jessica jones,Netflix
Murder Mystery,comedies,2019,murder mystery,Netflix
Yankee,"crime tv shows, international tv shows, spanish-language tv shows",2019,yankee,Netflix
Jinn,"international tv shows, tv dramas, tv mysteries",2019,jinn,Netflix
Oprah Presents When They See Us Now,documentaries,2019,oprah presents when they see us now,Netflix
The 3rd Eye 2,"horror movies, international movies",2019,the 3rd eye 2,Netflix
Jo Koy: Comin' In Hot,stand-up comedy,2019,jo koy comin in hot,Netflix
Rolling Thunder Revue: A Bob Dylan Story by Martin Scorsese,"documentaries, music & musicals",2019,rolling thunder revue a bob dylan story by martin scorsese,Netflix
Upin & Ipin,kids' tv,2011,upin  ipin,Netflix
Belmonte,"dramas, independent movies, international movies",2018,belmonte,Netflix
Designated Survivor,"crime tv shows, tv dramas, tv thrillers",2019,designated survivor,Netflix
Elisa & Marcela,"dramas, international movies, lgbtq movies",2019,elisa  marcela,Netflix
I Am Mother,"international movies, sci-fi & fantasy, thrillers",2019,i am mother,Netflix
Luka Chuppi,"comedies, international movies, romantic movies",2019,luka chuppi,Netflix
Pachamama,children & family movies,2019,pachamama,Netflix
Rock My Heart,"children & family movies, dramas, international movies",2019,rock my heart,Netflix
Stree,"comedies, horror movies, independent movies",2018,stree,Netflix
Super Monsters Monster Pets,kids' tv,2019,super monsters monster pets,Netflix
Tales of the City,tv dramas,2019,tales of the city,Netflix
The Black Godfather,"documentaries, music & musicals",2019,the black godfather,Netflix
Alles ist gut,"dramas, international movies",2019,alles ist gut,Netflix
A Silent Voice,"anime features, international movies",2016,a silent voice,Netflix
Black Mirror,"british tv shows, international tv shows, tv dramas",2019,black mirror,Netflix
Cosmos Laundromat: First Cycle,"dramas, international movies, sci-fi & fantasy",2015,cosmos laundromat first cycle,Netflix
Miranda Sings Live…Your Welcome,stand-up comedy,2019,miranda sings liveyour welcome,Netflix
Silent,"children & family movies, sci-fi & fantasy",2014,silent,Netflix
Documentary Now!,tv comedies,2019,documentary now,Netflix
Malibu Rescue: The Series,"kids' tv, tv action & adventure, tv comedies",2019,malibu rescue the series,Netflix
Arthdal Chronicles,"international tv shows, korean tv shows, tv action & adventure",2019,arthdal chronicles,Netflix
Krutant,"dramas, international movies",2019,krutant,Netflix
A Thousand Goodnights,"international tv shows, tv dramas",2019,a thousand goodnights,Netflix
III Smoking Barrels,"dramas, independent movies, international movies",2017,iii smoking barrels,Netflix
March Comes in Like a Lion,"anime series, international tv shows, teen tv shows",2017,march comes in like a lion,Netflix
"Oh, Ramona!","comedies, international movies",2019,oh ramona,Netflix
We Are Legends,"action & adventure, international movies, sports movies",2019,we are legends,Netflix
Bad Blood,"crime tv shows, tv dramas",2019,bad blood,Netflix
Chopsticks,"comedies, dramas, independent movies",2019,chopsticks,Netflix
Killer Ratings,"crime tv shows, docuseries, international tv shows",2019,killer ratings,Netflix
Mere Pyare Prime Minister,"dramas, international movies",2019,mere pyare prime minister,Netflix
Pegasus,"comedies, dramas, international movies",2019,pegasus,Netflix
When They See Us,"crime tv shows, tv dramas",2019,when they see us,Netflix
Svaha: The Sixth Finger,"international movies, thrillers",2019,svaha the sixth finger,Netflix
Historical Roasts,"stand-up comedy & talk shows, tv comedies",2019,historical roasts,Netflix
After Maria,documentaries,2019,after maria,Netflix
Hyper HardBoiled Gourmet Report,"docuseries, international tv shows",2017,hyper hardboiled gourmet report,Netflix
Joy,"dramas, independent movies, international movies",2019,joy,Netflix
Rim of the World,"action & adventure, independent movies, sci-fi & fantasy",2019,rim of the world,Netflix
She's Gotta Have It,"romantic tv shows, tv comedies, tv dramas",2018,shes gotta have it,Netflix
The Perfection,"horror movies, lgbtq movies, music & musicals",2019,the perfection,Netflix
WHAT / IF,"tv dramas, tv thrillers",2019,what  if,Netflix
The Lonely Island Presents: The Unauthorized Bash Brothers Experience,"comedies, music & musicals, sports movies",2019,the lonely island presents the unauthorized bash brothers experience,Netflix
A Tale of Two Kitchens,"documentaries, international movies",2019,a tale of two kitchens,Netflix
The Man Who Feels No Pain,"action & adventure, comedies, international movies",2018,the man who feels no pain,Netflix
Wanda Sykes: Not Normal,stand-up comedy,2019,wanda sykes not normal,Netflix
Prince of Peoria,"kids' tv, tv comedies",2019,prince of peoria,Netflix
Rosario Tijeras,"crime tv shows, international tv shows, spanish-language tv shows",2018,rosario tijeras,Netflix
1994,"crime tv shows, docuseries, international tv shows",2019,1994,Netflix
Born in Gaza,"documentaries, international movies",2014,born in gaza,Netflix
Born in Syria,"documentaries, international movies",2016,born in syria,Netflix
Dying to Tell,"documentaries, international movies",2018,dying to tell,Netflix
It's Bruno!,tv comedies,2019,its bruno,Netflix
Maria,"action & adventure, international movies",2019,maria,Netflix
ReMastered: The Lion's Share,"documentaries, music & musicals",2019,remastered the lions share,Netflix
Saverio Raimondo: Il Satiro Parlante,stand-up comedy,2019,saverio raimondo il satiro parlante,Netflix
See You Yesterday,"dramas, sci-fi & fantasy, thrillers",2019,see you yesterday,Netflix
White Gold,"british tv shows, international tv shows, tv comedies",2019,white gold,Netflix
Good Sam,"children & family movies, dramas",2019,good sam,Netflix
Jonaki,"dramas, independent movies, international movies",2018,jonaki,Netflix
PATRICK (2019),"children & family movies, comedies",2019,patrick,Netflix
Dennis and Gnasher Unleashed,"british tv shows, kids' tv, tv comedies",2017,dennis and gnasher unleashed,Netflix
Hamid,"dramas, independent movies, international movies",2018,hamid,Netflix
"Heidi, bienvenida a casa","kids' tv, spanish-language tv shows",2017,heidi bienvenida a casa,Netflix
I Hear You,"international tv shows, romantic tv shows, tv dramas",2019,i hear you,Netflix
Backdraft 2,"action & adventure, dramas",2019,backdraft 2,Netflix
Revisions,"anime series, international tv shows",2018,revisions,Netflix
Still LAUGH-IN: The Stars Celebrate,comedies,2019,still laughin the stars celebrate,Netflix
Weed the People,documentaries,2018,weed the people,Netflix
Malibu Rescue,"children & family movies, comedies",2019,malibu rescue,Netflix
Merata: How Mum Decolonised the Screen,documentaries,2018,merata how mum decolonised the screen,Netflix
The Defected,"crime tv shows, international tv shows, tv dramas",2019,the defected,Netflix
Dry Martina,"dramas, independent movies, international movies",2018,dry martina,Netflix
Shéhérazade,"dramas, independent movies, international movies",2019,shhrazade,Netflix
The Great Magician,"action & adventure, comedies, dramas",2011,the great magician,Netflix
Easy,"tv comedies, tv dramas",2019,easy,Netflix
In Family I Trust,"comedies, dramas, international movies",2018,in family i trust,Netflix
Jailbirds,"docuseries, reality tv",2019,jailbirds,Netflix
The Mechanism,"crime tv shows, international tv shows, tv dramas",2019,the mechanism,Netflix
The Princess Weiyoung,"international tv shows, romantic tv shows, tv dramas",2016,the princess weiyoung,Netflix
The Society,"tv dramas, teen tv shows",2019,the society,Netflix
Wine Country,comedies,2019,wine country,Netflix
Gatao 2: Rise of the King,"action & adventure, dramas, international movies",2018,gatao 2 rise of the king,Netflix
Away From Home,"international tv shows, tv dramas",2015,away from home,Netflix
Bibik-Bibikku,"international tv shows, tv comedies",2016,bibikbibikku,Netflix
Cinta 100KG,"international tv shows, romantic tv shows, tv dramas",2016,cinta 100kg,Netflix
Cinta Iris,"international tv shows, romantic tv shows, tv dramas",2015,cinta iris,Netflix
Cinta Si Wedding Planner,"international tv shows, romantic tv shows, tv dramas",2015,cinta si wedding planner,Netflix
Cinta Teruna Kimchi,"international tv shows, tv dramas",2016,cinta teruna kimchi,Netflix
Secret of Success,"international tv shows, romantic tv shows, tv comedies",2015,secret of success,Netflix
The Missing Menu,"international tv shows, tv dramas",2016,the missing menu,Netflix
Unchained Fate,"international tv shows, tv dramas, tv sci-fi & fantasy",2016,unchained fate,Netflix
Abyss,"crime tv shows, international tv shows, korean tv shows",2019,abyss,Netflix
I Have a Script,"international tv shows, tv comedies, tv dramas",2019,i have a script,Netflix
In the Bosom of a Thorn,"international tv shows, tv dramas",2019,in the bosom of a thorn,Netflix
The Writer,"crime tv shows, international tv shows, tv dramas",2019,the writer,Netflix
What If?,"international tv shows, tv dramas",2019,what if,Netflix
Last Breath,"documentaries, international movies",2019,last breath,Netflix
The Wandering Earth,"international movies, sci-fi & fantasy",2019,the wandering earth,Netflix
All In My Family,"documentaries, lgbtq movies",2019,all in my family,Netflix
Crime Diaries: Night Out,"crime tv shows, international tv shows, spanish-language tv shows",2019,crime diaries night out,Netflix
Cupcake & Dino - General Services,"kids' tv, tv comedies",2019,cupcake  dino  general services,Netflix
Despite Everything,"comedies, international movies, romantic movies",2019,despite everything,Netflix
"Extremely Wicked, Shockingly Evil and Vile","dramas, independent movies",2019,extremely wicked shockingly evil and vile,Netflix
Flinch,reality tv,2019,flinch,Netflix
Jo Pil-ho: The Dawning Rage,"dramas, international movies, thrillers",2018,jo pilho the dawning rage,Netflix
The Last Summer,"comedies, romantic movies",2019,the last summer,Netflix
Tuca & Bertie,tv comedies,2019,tuca  bertie,Netflix
Laatu,"comedies, dramas, international movies",2018,laatu,Netflix
Olympus Has Fallen,action & adventure,2013,olympus has fallen,Netflix
Code Geass: Lelouch of the Rebellion,"anime series, international tv shows",2008,code geass lelouch of the rebellion,Netflix
John & Yoko: Above Us Only Sky,"documentaries, music & musicals",2018,john  yoko above us only sky,Netflix
Knock Down The House,documentaries,2019,knock down the house,Netflix
Munafik 2,"horror movies, international movies",2018,munafik 2,Netflix
Sur Sapata,"comedies, dramas, international movies",2019,sur sapata,Netflix
A Home with A View,"comedies, international movies",2019,a home with a view,Netflix
Angel 'N' Devil,"international tv shows, tv action & adventure, tv comedies",2014,angel n devil,Netflix
Anthony Jeselnik: Fire in the Maternity Ward,stand-up comedy,2019,anthony jeselnik fire in the maternity ward,Netflix
Hong Kong West Side Stories,"international tv shows, tv comedies, tv dramas",2018,hong kong west side stories,Netflix
Ingress: The Animation,"anime series, crime tv shows, international tv shows",2018,ingress the animation,Netflix
K.O. One Re-act,"international tv shows, tv comedies, tv dramas",2013,ko one react,Netflix
K.O.3an Guo,"international tv shows, tv comedies, tv sci-fi & fantasy",2009,ko3an guo,Netflix
KO One Return,"international tv shows, tv comedies, tv dramas",2012,ko one return,Netflix
The Outsiders,"crime tv shows, international tv shows, romantic tv shows",2004,the outsiders,Netflix
Ash vs. Evil Dead,"tv action & adventure, tv comedies, tv horror",2018,ash vs evil dead,Netflix
Teen Aur Aadha,"dramas, independent movies, international movies",2018,teen aur aadha,Netflix
Señora Acero,"crime tv shows, international tv shows, spanish-language tv shows",2018,seora acero,Netflix
Chambers,"tv horror, tv mysteries, teen tv shows",2019,chambers,Netflix
Loving is Losing,"comedies, international movies, romantic movies",2019,loving is losing,Netflix
Money Trap,"comedies, dramas, international movies",2019,money trap,Netflix
Njan Prakashan,"comedies, dramas, international movies",2018,njan prakashan,Netflix
ReMastered: Devil at the Crossroads,"documentaries, music & musicals",2019,remastered devil at the crossroads,Netflix
Street Food,docuseries,2019,street food,Netflix
The Hateful Eight: Extended Version,tv shows,2015,the hateful eight extended version,Netflix
A Fortunate Man,"dramas, international movies",2018,a fortunate man,Netflix
Grass Is Greener,"documentaries, music & musicals",2019,grass is greener,Netflix
Brené Brown: The Call to Courage,documentaries,2019,bren brown the call to courage,Netflix
KO One,"international tv shows, tv action & adventure, tv comedies",2005,ko one,Netflix
Lunatics,"international tv shows, tv comedies",2019,lunatics,Netflix
Music Teacher,"dramas, independent movies, international movies",2019,music teacher,Netflix
My Dear Boy,"international tv shows, romantic tv shows",2017,my dear boy,Netflix
Rilakkuma and Kaoru,"anime series, international tv shows",2019,rilakkuma and kaoru,Netflix
Samantha!,"international tv shows, tv comedies",2019,samantha,Netflix
Someone Great,"comedies, romantic movies",2019,someone great,Netflix
The Ruthless,"dramas, international movies",2019,the ruthless,Netflix
A Little Chaos,"dramas, independent movies, international movies",2014,a little chaos,Netflix
Franco Escamilla: Bienvenido al mundo,stand-up comedy,2019,franco escamilla bienvenido al mundo,Netflix
HOMECOMING: A film by Beyoncé,"documentaries, music & musicals",2019,homecoming a film by beyonc,Netflix
About Time,"comedies, dramas, international movies",2013,about time,Netflix
Super Monsters Furever Friends,children & family movies,2019,super monsters furever friends,Netflix
Bollywood Calling,"comedies, dramas, international movies",2001,bollywood calling,Netflix
Ek Khiladi Ek Haseena,"international movies, music & musicals, thrillers",2005,ek khiladi ek haseena,Netflix
Generation Iron 3,"documentaries, sports movies",2018,generation iron 3,Netflix
Hazaaron Khwaishein Aisi,"dramas, international movies, romantic movies",2003,hazaaron khwaishein aisi,Netflix
Jhankaar Beats,"comedies, international movies, music & musicals",2003,jhankaar beats,Netflix
Mumbai Matinee,"comedies, international movies, romantic movies",2003,mumbai matinee,Netflix
Rainbow Jelly,"dramas, international movies, sci-fi & fantasy",2018,rainbow jelly,Netflix
Shabd,"dramas, international movies, romantic movies",2005,shabd,Netflix
Shortcut Safari,"action & adventure, comedies, dramas",2016,shortcut safari,Netflix
Thriller,horror movies,2018,thriller,Netflix
Crazy Ex-Girlfriend,"romantic tv shows, tv comedies",2019,crazy exgirlfriend,Netflix
Who Would You Take to a Deserted Island?,"dramas, international movies",2019,who would you take to a deserted island,Netflix
Dabbe 5: Zehr-i Cin,"horror movies, international movies",2014,dabbe 5 zehri cin,Netflix
Dabbe: The Possession,"horror movies, international movies",2013,dabbe the possession,Netflix
Francesco De Carlo: Cose di Questo Mondo,stand-up comedy,2019,francesco de carlo cose di questo mondo,Netflix
Huge in France,tv comedies,2019,huge in france,Netflix
The Perfect Date,"comedies, romantic movies",2019,the perfect date,Netflix
New Girl,"romantic tv shows, tv comedies",2018,new girl,Netflix
Persona,"international tv shows, korean tv shows, tv dramas",2019,persona,Netflix
Liss Pereira: Reteniendo líquidos,stand-up comedy,2019,liss pereira reteniendo lquidos,Netflix
The Silence,"horror movies, thrillers",2019,the silence,Netflix
You vs. Wild,"kids' tv, reality tv, science & nature tv",2019,you vs wild,Netflix
Sarvam Thaala Mayam (Telugu Version),"dramas, international movies, music & musicals",2018,sarvam thaala mayam telugu version,Netflix
Petta (Telugu Version),"action & adventure, comedies, dramas",2019,petta telugu version,Netflix
Time: The Kalief Browder Story,docuseries,2017,time the kalief browder story,Netflix
Alien Warfare,"action & adventure, sci-fi & fantasy",2019,alien warfare,Netflix
Derek,"british tv shows, international tv shows, tv comedies",2015,derek,Netflix
Imposters,"crime tv shows, international tv shows, tv comedies",2017,imposters,Netflix
Our Planet,"docuseries, science & nature tv",2019,our planet,Netflix
Petta,"action & adventure, comedies, dramas",2019,petta,Netflix
Quicksand,"crime tv shows, international tv shows, tv dramas",2019,quicksand,Netflix
Rimba Racer,kids' tv,2017,rimba racer,Netflix
Roman Empire: Reign of Blood,docuseries,2019,roman empire reign of blood,Netflix
Spirit: Riding Free,kids' tv,2019,spirit riding free,Netflix
Tijuana,"crime tv shows, international tv shows, spanish-language tv shows",2019,tijuana,Netflix
Unicorn Store,"comedies, dramas, independent movies",2019,unicorn store,Netflix
Possessed,"crime tv shows, international tv shows, korean tv shows",2019,possessed,Netflix
Ricardo Quevedo: Los amargados somos más,stand-up comedy,2019,ricardo quevedo los amargados somos ms,Netflix
Suzzanna: Buried Alive,"horror movies, international movies",2018,suzzanna buried alive,Netflix
Tango,"international tv shows, romantic tv shows, tv dramas",2018,tango,Netflix
Ek Ladki Ko Dekha Toh Aisa Laga,"comedies, dramas, international movies",2019,ek ladki ko dekha toh aisa laga,Netflix
Jagat,"dramas, international movies",2015,jagat,Netflix
Kevin Hart: Irresponsible,stand-up comedy,2019,kevin hart irresponsible,Netflix
Kicko & Super Speedo,"kids' tv, tv comedies",2018,kicko  super speedo,Netflix
Love O2O,"international movies, romantic movies, sci-fi & fantasy",2016,love o2o,Netflix
Pinky Memsaab,"dramas, independent movies, international movies",2018,pinky memsaab,Netflix
"That Winter, the Wind Blows","international tv shows, korean tv shows, romantic tv shows",2013,that winter the wind blows,Netflix
The Trap,comedies,2017,the trap,Netflix
Ultraman,"anime series, international tv shows",2019,ultraman,Netflix
Mercy Black,horror movies,2019,mercy black,Netflix
The Burial of Kojo,"dramas, independent movies, international movies",2018,the burial of kojo,Netflix
Pablo,"british tv shows, kids' tv",2017,pablo,Netflix
15 August,"comedies, dramas, independent movies",2019,15 august,Netflix
Bayonet,"dramas, international movies, sports movies",2019,bayonet,Netflix
Osmosis,"international tv shows, tv dramas, tv mysteries",2019,osmosis,Netflix
Santa Clarita Diet,"tv comedies, tv horror, tv thrillers",2019,santa clarita diet,Netflix
The Highwaymen,dramas,2019,the highwaymen,Netflix
The Legend of Cocaine Island,documentaries,2019,the legend of cocaine island,Netflix
The Terminal,"international tv shows, tv dramas",2018,the terminal,Netflix
Traitors,"british tv shows, international tv shows, tv dramas",2019,traitors,Netflix
Versailles,"international tv shows, tv dramas",2018,versailles,Netflix
Ainori Love Wagon: Asian Journey,"international tv shows, reality tv, romantic tv shows",2018,ainori love wagon asian journey,Netflix
Danur: I Can See Ghosts,"horror movies, international movies",2017,danur i can see ghosts,Netflix
Verses of Love,"dramas, international movies, romantic movies",2008,verses of love,Netflix
Nate Bargatze: The Tennessee Kid,stand-up comedy,2019,nate bargatze the tennessee kid,Netflix
Sei,"action & adventure, comedies, dramas",2018,sei,Netflix
The Eagle of El-Se'eed,"crime tv shows, international tv shows, tv action & adventure",2018,the eagle of elseeed,Netflix
Superlopez,"action & adventure, comedies, international movies",2018,superlopez,Netflix
Oversize Cops,"action & adventure, comedies, international movies",2017,oversize cops,Netflix
Charlie's Colorforms City,kids' tv,2019,charlies colorforms city,Netflix
Crime Diaries: The Candidate,"crime tv shows, international tv shows, spanish-language tv shows",2019,crime diaries the candidate,Netflix
Delhi Crime,"crime tv shows, international tv shows, tv dramas",2019,delhi crime,Netflix
Mirage,"dramas, international movies, sci-fi & fantasy",2018,mirage,Netflix
ReMastered: The Miami Showband Massacre,"documentaries, music & musicals",2019,remastered the miami showband massacre,Netflix
The 10 Sins,"international tv shows, tv dramas",2018,the 10 sins,Netflix
The Dirt,"comedies, dramas, music & musicals",2019,the dirt,Netflix
The OA,"tv dramas, tv mysteries, tv sci-fi & fantasy",2019,the oa,Netflix
Antoine Griezmann: The Making of a Legend,"documentaries, international movies, sports movies",2019,antoine griezmann the making of a legend,Netflix
Bo on the Go!,kids' tv,2007,bo on the go,Netflix
Stay Tuned!,"international tv shows, tv comedies, tv dramas",2019,stay tuned,Netflix
The Amazing Praybeyt Benjamin,"action & adventure, comedies, international movies",2014,the amazing praybeyt benjamin,Netflix
The Super Parental Guardians,"action & adventure, comedies, international movies",2016,the super parental guardians,Netflix
The Third Party,"comedies, dramas, international movies",2016,the third party,Netflix
The Unmarried Wife,"dramas, international movies, romantic movies",2016,the unmarried wife,Netflix
Vince and Kath and James,"international movies, romantic movies",2016,vince and kath and james,Netflix
Alexis Viera: A Story of Surviving,"documentaries, international movies, sports movies",2019,alexis viera a story of surviving,Netflix
February 9,"international tv shows, tv dramas",2018,february 9,Netflix
Imago,"dramas, independent movies, international movies",2018,imago,Netflix
My Husband Won't Fit,"international tv shows, romantic tv shows, tv dramas",2019,my husband wont fit,Netflix
Amy Schumer Growing,stand-up comedy,2019,amy schumer growing,Netflix
5 Flights Up,"comedies, dramas, independent movies",2014,5 flights up,Netflix
Green Door,"international tv shows, romantic tv shows, tv comedies",2019,green door,Netflix
Bombairiya,"comedies, dramas, international movies",2018,bombairiya,Netflix
Burn Out,"action & adventure, international movies",2017,burn out,Netflix
Edoardo Ferrario: Temi Caldi,stand-up comedy,2019,edoardo ferrario temi caldi,Netflix
Girl,"dramas, international movies, lgbtq movies",2018,girl,Netflix
If I Hadn't Met You,"international tv shows, romantic tv shows, tv dramas",2018,if i hadnt met you,Netflix
Jeff Dunham: Arguing with Myself,stand-up comedy,2006,jeff dunham arguing with myself,Netflix
Jeff Dunham: Controlled Chaos,stand-up comedy,2011,jeff dunham controlled chaos,Netflix
Jeff Dunham: Minding the Monsters,stand-up comedy,2012,jeff dunham minding the monsters,Netflix
Jeff Dunham's Very Special Christmas Special,stand-up comedy,2008,jeff dunhams very special christmas special,Netflix
Late Life: The Chien-Ming Wang Story,"documentaries, sports movies",2018,late life the chienming wang story,Netflix
My Pride,"international tv shows, tv dramas",2018,my pride,Netflix
Paskal,"action & adventure, dramas, international movies",2018,paskal,Netflix
Robozuna,"british tv shows, kids' tv",2018,robozuna,Netflix
The Disappearance of Madeleine McCann,"crime tv shows, docuseries",2019,the disappearance of madeleine mccann,Netflix
Turn Up Charlie,"british tv shows, international tv shows, tv comedies",2019,turn up charlie,Netflix
A Love Story,"dramas, international movies, romantic movies",2007,a love story,Netflix
Barcelona: A Love Untold,"dramas, international movies, romantic movies",2016,barcelona a love untold,Netflix
Everything About Her,"comedies, dramas, international movies",2016,everything about her,Netflix
Finally Found Someone,"international movies, romantic movies",2017,finally found someone,Netflix
Seven Sundays,"comedies, dramas, international movies",2017,seven sundays,Netflix
More to Say,"international tv shows, tv dramas, tv mysteries",2018,more to say,Netflix
The Land of Hypocrisy,"international tv shows, tv comedies, tv sci-fi & fantasy",2018,the land of hypocrisy,Netflix
Triple Frontier,action & adventure,2019,triple frontier,Netflix
Jimmy Carr: The Best of Ultimate Gold Greatest Hits,stand-up comedy,2019,jimmy carr the best of ultimate gold greatest hits,Netflix
Eugenie Nights,"international tv shows, romantic tv shows, tv dramas",2018,eugenie nights,Netflix
This Evening,"international tv shows, tv dramas",2017,this evening,Netflix
Into the Badlands,tv action & adventure,2018,into the badlands,Netflix
Bangkok Love Stories: Hey You!,"international tv shows, romantic tv shows, tv dramas",2018,bangkok love stories hey you,Netflix
Disappearance,"international tv shows, tv dramas, tv mysteries",2018,disappearance,Netflix
Hajwala 2: Mysterious Mission,"action & adventure, comedies, international movies",2018,hajwala 2 mysterious mission,Netflix
Immortals,"international tv shows, tv dramas, tv horror",2018,immortals,Netflix
Juanita,"dramas, independent movies, romantic movies",2019,juanita,Netflix
Lady J,"dramas, independent movies, international movies",2019,lady j,Netflix
The Confrontation,"international tv shows, tv dramas",2018,the confrontation,Netflix
Walk. Ride. Rodeo.,"children & family movies, dramas",2019,walk ride rodeo,Netflix
Nappily Ever After,"comedies, dramas, romantic movies",2018,nappily ever after,Netflix
Sisterakas,"comedies, international movies",2012,sisterakas,Netflix
Starting Over Again,"dramas, international movies, romantic movies",2014,starting over again,Netflix
That Thing Called Tadhana,"dramas, international movies, romantic movies",2015,that thing called tadhana,Netflix
The Love Affair,"dramas, international movies, romantic movies",2015,the love affair,Netflix
American Crime Story: The People v. O.J. Simpson,"crime tv shows, tv dramas",2016,american crime story the people v oj simpson,Netflix
Secret City,"international tv shows, tv dramas, tv mysteries",2016,secret city,Netflix
A Korean Odyssey,"international tv shows, korean tv shows, romantic tv shows",2017,a korean odyssey,Netflix
The Hard Way,action & adventure,2019,the hard way,Netflix
Everyday I Love You,"dramas, international movies, romantic movies",2015,everyday i love you,Netflix
No Other Woman,"dramas, international movies, romantic movies",2011,no other woman,Netflix
River's Edge,"dramas, international movies",2018,rivers edge,Netflix
Sarkar,"action & adventure, dramas, international movies",2018,sarkar,Netflix
Weapon of Choice,"documentaries, international movies",2018,weapon of choice,Netflix
"2,215","documentaries, international movies, sports movies",2018,2215,Netflix
BNK48: Girls Don't Cry,"documentaries, international movies, music & musicals",2018,bnk48 girls dont cry,Netflix
Budapest,"comedies, international movies",2018,budapest,Netflix
Cricket Fever: Mumbai Indians,"docuseries, international tv shows",2019,cricket fever mumbai indians,Netflix
Larva Island,"kids' tv, korean tv shows, tv comedies",2019,larva island,Netflix
Losers,docuseries,2019,losers,Netflix
Northern Rescue,tv dramas,2019,northern rescue,Netflix
Pants on Fire,"children & family movies, comedies",2014,pants on fire,Netflix
Paranormal Investigation,"horror movies, international movies, thrillers",2018,paranormal investigation,Netflix
Radio Rebel,"children & family movies, comedies",2012,radio rebel,Netflix
Sarvam Thaala Mayam (Tamil Version),"dramas, international movies, music & musicals",2018,sarvam thaala mayam tamil version,Netflix
The Boy Who Harnessed the Wind,"children & family movies, dramas, independent movies",2019,the boy who harnessed the wind,Netflix
The Disastrous Life of Saiki K.,"anime series, international tv shows, teen tv shows",2018,the disastrous life of saiki k,Netflix
The Last Runway,"action & adventure, international movies",2018,the last runway,Netflix
The Spiderwick Chronicles,children & family movies,2008,the spiderwick chronicles,Netflix
Your Son,"dramas, international movies, thrillers",2018,your son,Netflix
Quién te cantará,"dramas, independent movies, international movies",2018,quin te cantar,Netflix
A Second Chance,"dramas, international movies, romantic movies",2015,a second chance,Netflix
Beauty and the Bestie,"action & adventure, comedies, international movies",2015,beauty and the bestie,Netflix
Bride For Rent,"comedies, international movies, romantic movies",2014,bride for rent,Netflix
Can't Help Falling in Love,"comedies, dramas, international movies",2017,cant help falling in love,Netflix
Evening Shadows,"dramas, independent movies, international movies",2018,evening shadows,Netflix
Four Sisters and a Wedding,"comedies, dramas, international movies",2013,four sisters and a wedding,Netflix
It Takes a Man and a Woman,"comedies, international movies, romantic movies",2013,it takes a man and a woman,Netflix
My Ex & Whys,"comedies, dramas, international movies",2017,my ex  whys,Netflix
She's Dating the Gangster,"dramas, international movies, romantic movies",2014,shes dating the gangster,Netflix
The Breakup Playlist,"dramas, international movies, music & musicals",2015,the breakup playlist,Netflix
The Mistress,"dramas, international movies, romantic movies",2012,the mistress,Netflix
Unsolved,"crime tv shows, tv dramas",2018,unsolved,Netflix
Zach Galifianakis: Live at the Purple Onion,stand-up comedy,2006,zach galifianakis live at the purple onion,Netflix
Life of An Outcast,"dramas, independent movies, international movies",2018,life of an outcast,Netflix
The Photographer Of Mauthausen,"dramas, international movies",2018,the photographer of mauthausen,Netflix
Bert Kreischer: The Machine,stand-up comedy,2016,bert kreischer the machine,Netflix
Chef's Table,"docuseries, reality tv",2019,chefs table,Netflix
Firebrand,"dramas, international movies",2019,firebrand,Netflix
Paddleton,"comedies, dramas, independent movies",2019,paddleton,Netflix
Paris Is Us,"dramas, independent movies, international movies",2019,paris is us,Netflix
Shonar Pahar,"dramas, independent movies, international movies",2018,shonar pahar,Netflix
The Big Family Cooking Showdown,"british tv shows, international tv shows, reality tv",2018,the big family cooking showdown,Netflix
Z4,kids' tv,2018,z4,Netflix
The Drug King,"dramas, international movies, thrillers",2018,the drug king,Netflix
Kevin James: Sweat the Small Stuff,stand-up comedy,2001,kevin james sweat the small stuff,Netflix
Transformer,"documentaries, lgbtq movies",2017,transformer,Netflix
Genius,"dramas, independent movies, international movies",2018,genius,Netflix
Black Sea,"action & adventure, dramas, international movies",2015,black sea,Netflix
Studio 54,documentaries,2018,studio 54,Netflix
Awe,"dramas, international movies, sci-fi & fantasy",2018,awe,Netflix
Ayana,"dramas, independent movies, international movies",2017,ayana,Netflix
Behind the Curve,documentaries,2018,behind the curve,Netflix
Buddies,"comedies, dramas, independent movies",2012,buddies,Netflix
Candyflip,"dramas, independent movies, international movies",2017,candyflip,Netflix
Chameli,"dramas, international movies",2004,chameli,Netflix
Fatso,"comedies, dramas, international movies",2012,fatso,Netflix
Hjørdis,"international tv shows, tv comedies, tv dramas",2015,hjrdis,Netflix
Larry Charles' Dangerous World of Comedy,"docuseries, tv comedies",2019,larry charles dangerous world of comedy,Netflix
Neevevaro,"dramas, international movies, romantic movies",2018,neevevaro,Netflix
Pyaar Ke Side Effects,"comedies, international movies, romantic movies",2006,pyaar ke side effects,Netflix
Sur: The Melody of Life,"dramas, international movies",2002,sur the melody of life,Netflix
The 43,"crime tv shows, docuseries, international tv shows",2019,the 43,Netflix
The Breaker Upperers,"comedies, independent movies, international movies",2018,the breaker upperers,Netflix
The Kirlian Frequency,"international tv shows, spanish-language tv shows, tv horror",2017,the kirlian frequency,Netflix
Ugly Aur Pagli,"comedies, international movies, romantic movies",2008,ugly aur pagli,Netflix
Yucatán,"comedies, international movies",2018,yucatn,Netflix
Barbie Dreamhouse Adventures,kids' tv,2018,barbie dreamhouse adventures,Netflix
"Ken Jeong: You Complete Me, Ho",stand-up comedy,2019,ken jeong you complete me ho,Netflix
Velvet Colección,"international tv shows, romantic tv shows, spanish-language tv shows",2018,velvet coleccin,Netflix
Period. End of Sentence.,documentaries,2018,period end of sentence,Netflix
Iron Ladies,"international tv shows, romantic tv shows, tv dramas",2018,iron ladies,Netflix
The Break,"crime tv shows, international tv shows, tv dramas",2018,the break,Netflix
High Flying Bird,"dramas, sports movies",2019,high flying bird,Netflix
Kevin Hart's Guide to Black History,"children & family movies, comedies",2019,kevin harts guide to black history,Netflix
One Day at a Time,tv comedies,2019,one day at a time,Netflix
ReMastered: The Two Killings of Sam Cooke,"documentaries, music & musicals",2019,remastered the two killings of sam cooke,Netflix
The Tree of Blood,"dramas, independent movies, international movies",2018,the tree of blood,Netflix
The Last of the Schmucks,"international tv shows, tv comedies",2017,the last of the schmucks,Netflix
Hidden Worlds,"crime tv shows, international tv shows, tv dramas",2018,hidden worlds,Netflix
Live,"crime tv shows, international tv shows, korean tv shows",2018,live,Netflix
"Ray Romano: Right Here, Around the Corner",stand-up comedy,2019,ray romano right here around the corner,Netflix
Safe,"british tv shows, crime tv shows, international tv shows",2018,safe,Netflix
Tayee,"international tv shows, tv dramas",2018,tayee,Netflix
Violet Evergarden,"anime series, international tv shows, romantic tv shows",2018,violet evergarden,Netflix
Romance is a bonus book,"international tv shows, korean tv shows, romantic tv shows",2019,romance is a bonus book,Netflix
Await Further Instructions,"horror movies, sci-fi & fantasy",2018,await further instructions,Netflix
Manusangada,"dramas, independent movies, international movies",2017,manusangada,Netflix
14 Minutes from Earth,documentaries,2016,14 minutes from earth,Netflix
Dear Ex,"comedies, dramas, international movies",2018,dear ex,Netflix
Free Rein: Valentine's Day,"children & family movies, dramas",2019,free rein valentines day,Netflix
Lego DC Comics: Batman Be-Leaguered,movies,2014,lego dc comics batman beleaguered,Netflix
LEGO Marvel Super Heroes: Black Panther,children & family movies,2018,lego marvel super heroes black panther,Netflix
LEGO Marvel Super Heroes: Guardians of the Galaxy,children & family movies,2017,lego marvel super heroes guardians of the galaxy,Netflix
Littlest Pet Shop: A World of Our Own,kids' tv,2018,littlest pet shop a world of our own,Netflix
Russian Doll,"tv comedies, tv dramas",2019,russian doll,Netflix
Sparta,"crime tv shows, international tv shows, tv dramas",2018,sparta,Netflix
Sword Art Online Alternative: Gun Gale Online,"anime series, international tv shows",2018,sword art online alternative gun gale online,Netflix
True: Happy Hearts Day,children & family movies,2019,true happy hearts day,Netflix
Velvet Buzzsaw,"dramas, thrillers",2019,velvet buzzsaw,Netflix
Hantu Kak Limah,"comedies, horror movies, international movies",2018,hantu kak limah,Netflix
Love Off the Cuff,"comedies, dramas, international movies",2017,love off the cuff,Netflix
Paprika,kids' tv,2018,paprika,Netflix
Maharaja: The Story of Ranjit Singh,"dramas, international movies",2010,maharaja the story of ranjit singh,Netflix
Virsa,"dramas, international movies, music & musicals",2010,virsa,Netflix
Bhasmasur,"dramas, independent movies, international movies",2017,bhasmasur,Netflix
"Gabriel ""Fluffy"" Iglesias: One Show Fits All",stand-up comedy,2019,gabriel fluffy iglesias one show fits all,Netflix
High Society,"dramas, international movies",2018,high society,Netflix
Up Among  The Stars,"dramas, international movies, sci-fi & fantasy",2018,up among  the stars,Netflix
Alt-Right: Age of Rage,documentaries,2018,altright age of rage,Netflix
Habibie & Ainun,"dramas, international movies, romantic movies",2012,habibie  ainun,Netflix
Nathicharami,"dramas, independent movies, international movies",2018,nathicharami,Netflix
Rudy Habibie,"dramas, international movies",2016,rudy habibie,Netflix
Surga Yang Tak Dirindukan,"dramas, faith & spirituality, international movies",2015,surga yang tak dirindukan,Netflix
Surga Yang Tak Dirindukan 2,"dramas, faith & spirituality, international movies",2017,surga yang tak dirindukan 2,Netflix
A Taiwanese Tale of Two Cities,"international tv shows, tv dramas",2018,a taiwanese tale of two cities,Netflix
Z Nation,"tv action & adventure, tv comedies, tv horror",2018,z nation,Netflix
Goyo: The Boy General,"dramas, international movies",2018,goyo the boy general,Netflix
Animas,"horror movies, international movies",2018,animas,Netflix
Black Earth Rising,"british tv shows, international tv shows, tv dramas",2018,black earth rising,Netflix
Club of Crows,"international tv shows, spanish-language tv shows, tv comedies",2019,club of crows,Netflix
Examination of Conscience,"crime tv shows, docuseries, international tv shows",2019,examination of conscience,Netflix
Mi Obra Maestra,"comedies, international movies",2018,mi obra maestra,Netflix
The Perfect Match,"international tv shows, romantic tv shows, tv comedies",2017,the perfect match,Netflix
Conversations with a Killer: The Ted Bundy Tapes,"crime tv shows, docuseries",2019,conversations with a killer the ted bundy tapes,Netflix
Just Love,"dramas, international movies, music & musicals",2018,just love,Netflix
Innocent,"crime tv shows, international tv shows, tv dramas",2017,innocent,Netflix
Close,"action & adventure, international movies",2019,close,Netflix
FYRE: The Greatest Party That Never Happened,documentaries,2019,fyre the greatest party that never happened,Netflix
IO,"dramas, sci-fi & fantasy",2019,io,Netflix
Marvel's The Punisher,"crime tv shows, tv action & adventure, tv thrillers",2019,marvels the punisher,Netflix
Memory Love,"international tv shows, romantic tv shows, tv dramas",2017,memory love,Netflix
Old Lord Savanna,"documentaries, international movies",2018,old lord savanna,Netflix
Patria,"documentaries, international movies",2019,patria,Netflix
Soni,"dramas, independent movies, international movies",2018,soni,Netflix
The World's Most Extraordinary Homes,"british tv shows, docuseries, international tv shows",2019,the worlds most extraordinary homes,Netflix
Trigger Warning with Killer Mike,"docuseries, stand-up comedy & talk shows",2019,trigger warning with killer mike,Netflix
Abducted in Plain Sight,documentaries,2017,abducted in plain sight,Netflix
"Abdullah, The Final Witness","dramas, international movies",2016,abdullah the final witness,Netflix
Adhugo,"comedies, independent movies, international movies",2018,adhugo,Netflix
Echcharikkai,"international movies, thrillers",2018,echcharikkai,Netflix
Lavender,"international tv shows, romantic tv shows, tv dramas",2002,lavender,Netflix
Pandigai,"action & adventure, dramas, international movies",2017,pandigai,Netflix
Pari,"horror movies, international movies",2018,pari,Netflix
Revenger,"action & adventure, international movies",2018,revenger,Netflix
Sebastian Maniscalco: Stay Hungry,stand-up comedy,2019,sebastian maniscalco stay hungry,Netflix
The Doll,"horror movies, international movies",2016,the doll,Netflix
The Doll 2,"horror movies, international movies",2017,the doll 2,Netflix
La Grande Chaumière Violette,"international tv shows, tv dramas",2016,la grande chaumire violette,Netflix
Baazaar,"dramas, international movies",2018,baazaar,Netflix
All of You,"comedies, dramas, international movies",2017,all of you,Netflix
Back with the Ex,"international tv shows, reality tv, romantic tv shows",2018,back with the ex,Netflix
Friends from College,"romantic tv shows, tv comedies",2019,friends from college,Netflix
Hardy Bucks,tv comedies,2018,hardy bucks,Netflix
Horrid Henry,"british tv shows, kids' tv, tv comedies",2019,horrid henry,Netflix
ReMastered: Massacre at the Stadium,"documentaries, music & musicals",2019,remastered massacre at the stadium,Netflix
Solo,"dramas, independent movies, international movies",2018,solo,Netflix
The Last Laugh,"comedies, dramas",2019,the last laugh,Netflix
Pocoyo,"kids' tv, spanish-language tv shows",2017,pocoyo,Netflix
When Heroes Fly,"international tv shows, tv action & adventure, tv dramas",2018,when heroes fly,Netflix
GODZILLA The Planet Eater,"action & adventure, anime features, international movies",2018,godzilla the planet eater,Netflix
Next Enti?,"comedies, dramas, international movies",2018,next enti,Netflix
Komola Rocket,"dramas, independent movies, international movies",2018,komola rocket,Netflix
Nang Nak,"horror movies, international movies, romantic movies",1999,nang nak,Netflix
And Breathe Normally,"dramas, independent movies, international movies",2018,and breathe normally,Netflix
El Potro: Unstoppable,"dramas, international movies, music & musicals",2018,el potro unstoppable,Netflix
Lionheart,"comedies, dramas, independent movies",2018,lionheart,Netflix
See You in Time,"international tv shows, romantic tv shows, tv dramas",2017,see you in time,Netflix
Déjà Vu,"international tv shows, romantic tv shows, tv dramas",2013,dj vu,Netflix
Monty Python and the Holy Grail,"action & adventure, classic movies, comedies",1975,monty python and the holy grail,Netflix
A Series of Unfortunate Events,"kids' tv, tv action & adventure, tv comedies",2019,a series of unfortunate events,Netflix
Back to the 90s,"comedies, international movies, music & musicals",2015,back to the 90s,Netflix
COMEDIANS of the world,"stand-up comedy & talk shows, tv comedies",2019,comedians of the world,Netflix
Merku Thodarchi Malai,"dramas, independent movies, international movies",2018,merku thodarchi malai,Netflix
Moshe Kasher: Live in Oakland,stand-up comedy,2012,moshe kasher live in oakland,Netflix
Pokémon the Movie: I Choose You!,"anime features, children & family movies",2017,pokmon the movie i choose you,Netflix
Puriyatha Puthir,"international movies, thrillers",2017,puriyatha puthir,Netflix
Taramani,"dramas, independent movies, international movies",2017,taramani,Netflix
The Paper,"international tv shows, tv dramas",2018,the paper,Netflix
Tidying Up with Marie Kondo,reality tv,2019,tidying up with marie kondo,Netflix
Whitney Cummings: Money Shot,stand-up comedy,2010,whitney cummings money shot,Netflix
Bill Hicks: One Night Stand,stand-up comedy,1991,bill hicks one night stand,Netflix
Bill Hicks: Reflections,documentaries,2015,bill hicks reflections,Netflix
Bill Hicks: Relentless,stand-up comedy,1992,bill hicks relentless,Netflix
Bill Hicks: Revelations,stand-up comedy,1993,bill hicks revelations,Netflix
Bill Hicks: Sane Man,stand-up comedy,1989,bill hicks sane man,Netflix
Gina Yashere: Laughing to America,stand-up comedy,2013,gina yashere laughing to america,Netflix
Gina Yashere: Skinny B*tch,stand-up comedy,2008,gina yashere skinny btch,Netflix
Mexicanos de Bronce,"documentaries, international movies, music & musicals",2016,mexicanos de bronce,Netflix
Sam Kinison: Breaking the Rules,stand-up comedy,1987,sam kinison breaking the rules,Netflix
Sam Kinison: Family Entertainment Hour,stand-up comedy,1991,sam kinison family entertainment hour,Netflix
Sam Kinison: Live in Vegas,stand-up comedy,1991,sam kinison live in vegas,Netflix
Sam Kinison: The Scream Continues,documentaries,2016,sam kinison the scream continues,Netflix
Secrets in the Hot Spring,"comedies, horror movies, international movies",2018,secrets in the hot spring,Netflix
Taylor Swift reputation Stadium Tour,music & musicals,2018,taylor swift reputation stadium tour,Netflix
The Seven Deadly Sins the Movie: Prisoners of the Sky,"action & adventure, anime features, international movies",2018,the seven deadly sins the movie prisoners of the sky,Netflix
Tim Allen: Men Are Pigs,stand-up comedy,1990,tim allen men are pigs,Netflix
Tim Allen: ReWires America,stand-up comedy,1991,tim allen rewires america,Netflix
Tim Minchin And The Heritage Orchestra Live,"music & musicals, stand-up comedy",2011,tim minchin and the heritage orchestra live,Netflix
Tim Minchin: So F**king Rock,"music & musicals, stand-up comedy",2008,tim minchin so fking rock,Netflix
Todd Glass: Stand-Up Special,stand-up comedy,2012,todd glass standup special,Netflix
Tom Papa Live in New York City,stand-up comedy,2011,tom papa live in new york city,Netflix
Pioneers: First Women Filmmakers*,tv shows,1925,pioneers first women filmmakers,Netflix
In Family We Trust,"crime tv shows, international tv shows, tv dramas",2018,in family we trust,Netflix
A Twelve Year Night,"dramas, international movies",2018,a twelve year night,Netflix
Black Mirror: Bandersnatch,"dramas, international movies, sci-fi & fantasy",2018,black mirror bandersnatch,Netflix
Hashoter Hatov,"crime tv shows, international tv shows, tv comedies",2015,hashoter hatov,Netflix
Life Ki Toh Lag Gayi,"action & adventure, comedies, dramas",2012,life ki toh lag gayi,Netflix
Murder Mountain,"crime tv shows, docuseries",2018,murder mountain,Netflix
Selection Day,"international tv shows, tv dramas, teen tv shows",2018,selection day,Netflix
The Birth Reborn 3,"documentaries, international movies",2018,the birth reborn 3,Netflix
When Angels Sleep,"dramas, international movies, thrillers",2018,when angels sleep,Netflix
Stand Up and Away! with Brian Regan,"stand-up comedy & talk shows, tv comedies",2018,stand up and away with brian regan,Netflix
Way Back into Love,"international tv shows, romantic tv shows, tv comedies",2011,way back into love,Netflix
Watership Down,"british tv shows, international tv shows, tv action & adventure",2018,watership down,Netflix
Demon's Path,"crime tv shows, international tv shows, tv dramas",2018,demons path,Netflix
People Just Do Nothing,"british tv shows, tv comedies",2018,people just do nothing,Netflix
Single Ladies Senior,"international tv shows, romantic tv shows, tv dramas",2018,single ladies senior,Netflix
7 Days Out,docuseries,2018,7 days out,Netflix
Bad Seeds,"comedies, dramas, international movies",2018,bad seeds,Netflix
Bird Box,"dramas, sci-fi & fantasy, thrillers",2018,bird box,Netflix
Jojo's World,"international tv shows, romantic tv shows, tv comedies",2017,jojos world,Netflix
LAST HOPE,"anime series, international tv shows",2018,last hope,Netflix
Lion Pride,"international tv shows, romantic tv shows, tv comedies",2017,lion pride,Netflix
Love @ Seventeen,"international tv shows, romantic tv shows, tv dramas",2016,love  seventeen,Netflix
Perfume,"crime tv shows, international tv shows, tv dramas",2018,perfume,Netflix
Sirius the Jaeger,"anime series, international tv shows, tv thrillers",2018,sirius the jaeger,Netflix
Struggle: The Life and Lost Art of Szukalski,documentaries,2018,struggle the life and lost art of szukalski,Netflix
Wolf,"international tv shows, tv action & adventure, tv dramas",2018,wolf,Netflix
23:59,"horror movies, international movies",2011,2359,Netflix
Aggretsuko: We Wish You a Metal Christmas,movies,2018,aggretsuko we wish you a metal christmas,Netflix
Fate/stay night: Unlimited Blade Works,"anime series, international tv shows",2015,fatestay night unlimited blade works,Netflix
Imperfect,"action & adventure, international movies",2012,imperfect,Netflix
Lang Tong,"international movies, thrillers",2015,lang tong,Netflix
Miss J Contemplates Her Choice,"dramas, international movies, thrillers",2014,miss j contemplates her choice,Netflix
Ascharyachakit!,"dramas, independent movies, international movies",2018,ascharyachakit,Netflix
Ellen DeGeneres: Relatable,"stand-up comedy & talk shows, tv comedies",2018,ellen degeneres relatable,Netflix
Lilli,"dramas, independent movies, international movies",2018,lilli,Netflix
Prince of Peoria: A Christmas Moose Miracle,"children & family movies, comedies",2018,prince of peoria a christmas moose miracle,Netflix
Andhadhun,"comedies, dramas, international movies",2018,andhadhun,Netflix
Ashes of Love,"international tv shows, romantic tv shows, tv comedies",2018,ashes of love,Netflix
Dragons: Dawn of the Dragon Racers,"children & family movies, comedies",2014,dragons dawn of the dragon racers,Netflix
DreamWorks Holiday Classics,"kids' tv, tv comedies",2011,dreamworks holiday classics,Netflix
Kill the Messenger,"dramas, thrillers",2014,kill the messenger,Netflix
Maps to the Stars,"comedies, dramas",2014,maps to the stars,Netflix
Springsteen on Broadway,music & musicals,2018,springsteen on broadway,Netflix
The Theory of Everything,"dramas, romantic movies",2014,the theory of everything,Netflix
F.R.E.D.I.,"children & family movies, sci-fi & fantasy",2018,fredi,Netflix
Flowers,"british tv shows, international tv shows, tv comedies",2018,flowers,Netflix
Kita Kita,"comedies, dramas, international movies",2017,kita kita,Netflix
Once in a Lifetime Sessions with George Ezra,"documentaries, music & musicals",2018,once in a lifetime sessions with george ezra,Netflix
Once in a Lifetime Sessions with Kasabian,"documentaries, music & musicals",2018,once in a lifetime sessions with kasabian,Netflix
Once in a Lifetime Sessions with OneRepublic,"documentaries, music & musicals",2018,once in a lifetime sessions with onerepublic,Netflix
Once in a Lifetime Sessions with Snow Patrol,"documentaries, music & musicals",2018,once in a lifetime sessions with snow patrol,Netflix
Sad Hill Unearthed,"documentaries, international movies",2017,sad hill unearthed,Netflix
Vanjagar Ulagam,"dramas, international movies, thrillers",2018,vanjagar ulagam,Netflix
Hymn of Death,"international tv shows, korean tv shows, romantic tv shows",2018,hymn of death,Netflix
Inside the Real Narcos,"british tv shows, crime tv shows, docuseries",2018,inside the real narcos,Netflix
ROMA,"dramas, independent movies, international movies",2018,roma,Netflix
The Fix,tv comedies,2018,the fix,Netflix
The Innocent Man,"crime tv shows, docuseries",2018,the innocent man,Netflix
Tidelands,"crime tv shows, international tv shows, tv dramas",2018,tidelands,Netflix
Travelers,"crime tv shows, international tv shows, tv dramas",2018,travelers,Netflix
Voltron: Legendary Defender,kids' tv,2018,voltron legendary defender,Netflix
Back Street Girls -GOKUDOLS-,"anime series, international tv shows",2018,back street girls gokudols,Netflix
"Out of Many, One",documentaries,2018,out of many one,Netflix
Vir Das: Losing It,stand-up comedy,2018,vir das losing it,Netflix
5 Star Christmas,"comedies, international movies",2018,5 star christmas,Netflix
Dogs of Berlin,"crime tv shows, international tv shows, tv dramas",2018,dogs of berlin,Netflix
Dumplin',"comedies, dramas, independent movies",2018,dumplin,Netflix
Free Rein: The Twelve Neighs of Christmas,"children & family movies, dramas",2018,free rein the twelve neighs of christmas,Netflix
Mowgli: Legend of the Jungle,"action & adventure, children & family movies, dramas",2018,mowgli legend of the jungle,Netflix
Neo Yokio,"tv comedies, tv sci-fi & fantasy, teen tv shows",2018,neo yokio,Netflix
Pine Gap,"international tv shows, tv dramas",2018,pine gap,Netflix
ReMastered: Who Killed Jam Master Jay?,"documentaries, music & musicals",2018,remastered who killed jam master jay,Netflix
Super Monsters and the Wish Star,children & family movies,2018,super monsters and the wish star,Netflix
The American Meme,documentaries,2018,the american meme,Netflix
RUSSELL BRAND: RE:BIRTH,stand-up comedy,2018,russell brand rebirth,Netflix
The Sound of Your Heart: Reboot,"international tv shows, korean tv shows, tv comedies",2018,the sound of your heart reboot,Netflix
Memories of the Alhambra,"crime tv shows, international tv shows, korean tv shows",2018,memories of the alhambra,Netflix
Teefa in Trouble,"action & adventure, comedies, international movies",2018,teefa in trouble,Netflix
A Beautiful Life,"dramas, international movies, romantic movies",2011,a beautiful life,Netflix
Accident,"international movies, thrillers",2009,accident,Netflix
"Ayotzinapa, el paso de la tortuga","documentaries, international movies",2018,ayotzinapa el paso de la tortuga,Netflix
Battle,"dramas, international movies, romantic movies",2018,battle,Netflix
Blind Detective,"action & adventure, comedies, international movies",2013,blind detective,Netflix
Break Up 100,"comedies, international movies, romantic movies",2014,break up 100,Netflix
Chal Bhaag,"comedies, dramas, international movies",2014,chal bhaag,Netflix
Crossroads: One Two Jaga,"dramas, international movies",2018,crossroads one two jaga,Netflix
Don't Go Breaking My Heart,"comedies, international movies, romantic movies",2011,dont go breaking my heart,Netflix
Don't Go Breaking My Heart 2,"comedies, international movies, romantic movies",2014,dont go breaking my heart 2,Netflix
Faraar,"action & adventure, dramas, international movies",2015,faraar,Netflix
Haunted House,"kids' tv, korean tv shows",2017,haunted house,Netflix
Helios,"action & adventure, international movies",2015,helios,Netflix
Line Walker,"action & adventure, dramas, international movies",2016,line walker,Netflix
Look for a Star,"comedies, international movies, romantic movies",2009,look for a star,Netflix
Oddbods: The Festive Menace,movies,2018,oddbods the festive menace,Netflix
Once a Gangster,"action & adventure, comedies, international movies",2010,once a gangster,Netflix
Power Paandi,"dramas, independent movies, international movies",2017,power paandi,Netflix
Roll With Me,"documentaries, sports movies",2017,roll with me,Netflix
SDU: Sex Duties Unit,"comedies, international movies",2013,sdu sex duties unit,Netflix
Set Off,"dramas, international movies",2008,set off,Netflix
1983,"crime tv shows, international tv shows, tv dramas",2018,1983,Netflix
A Christmas Prince: The Royal Wedding,"children & family movies, dramas, romantic movies",2018,a christmas prince the royal wedding,Netflix
Angela's Christmas,children & family movies,2018,angelas christmas,Netflix
Death by Magic,reality tv,2018,death by magic,Netflix
El club de los insomnes,"dramas, international movies",2018,el club de los insomnes,Netflix
Happy as Lazzaro,"dramas, independent movies, international movies",2018,happy as lazzaro,Netflix
Love and Fortune,"international tv shows, romantic tv shows, tv dramas",2018,love and fortune,Netflix
Manto,"dramas, independent movies, international movies",2018,manto,Netflix
Rajma Chawal,"comedies, dramas, international movies",2018,rajma chawal,Netflix
Spy Kids: Mission Critical,kids' tv,2018,spy kids mission critical,Netflix
The World Is Yours,"action & adventure, comedies, international movies",2018,the world is yours,Netflix
Time Share,"dramas, independent movies, international movies",2018,time share,Netflix
Bumping Mics with Jeff Ross & Dave Attell,"stand-up comedy & talk shows, tv comedies",2018,bumping mics with jeff ross  dave attell,Netflix
Minecraft: Story Mode,kids' tv,2015,minecraft story mode,Netflix
My Little Pony Friendship Is Magic: Best Gift Ever,children & family movies,2018,my little pony friendship is magic best gift ever,Netflix
Frontier,"international tv shows, tv action & adventure, tv dramas",2018,frontier,Netflix
Fugitiva,"crime tv shows, international tv shows, spanish-language tv shows",2018,fugitiva,Netflix
Sick Note,"british tv shows, international tv shows, tv comedies",2018,sick note,Netflix
Mystery Science Theater 3000: The Return,"tv comedies, tv sci-fi & fantasy",2018,mystery science theater 3000 the return,Netflix
The Christmas Chronicles,"children & family movies, comedies",2018,the christmas chronicles,Netflix
The Tribe,"comedies, international movies",2018,the tribe,Netflix
Kulipari: Dream Walker,kids' tv,2018,kulipari dream walker,Netflix
Paap-O-Meter,"kids' tv, tv comedies",2017,paapometer,Netflix
Puppy Star Christmas,"children & family movies, comedies",2018,puppy star christmas,Netflix
Sabrina,"horror movies, international movies",2018,sabrina,Netflix
Target,"comedies, horror movies, international movies",2018,target,Netflix
The Final Table,reality tv,2018,the final table,Netflix
Trevor Noah: Son of Patricia,stand-up comedy,2018,trevor noah son of patricia,Netflix
The Pixar Story,documentaries,2007,the pixar story,Netflix
Eternal Love,"international tv shows, romantic tv shows, tv dramas",2017,eternal love,Netflix
La Doña,"spanish-language tv shows, tv dramas",2016,la doa,Netflix
Silvana Sin Lana,"romantic tv shows, spanish-language tv shows, tv comedies",2016,silvana sin lana,Netflix
Cam,"horror movies, independent movies, thrillers",2018,cam,Netflix
Nothing to Hide,"comedies, dramas, international movies",2018,nothing to hide,Netflix
Ponysitters Club,"kids' tv, tv dramas",2018,ponysitters club,Netflix
The Ballad of Buster Scruggs,"comedies, dramas",2018,the ballad of buster scruggs,Netflix
The Princess Switch,"children & family movies, dramas, romantic movies",2018,the princess switch,Netflix
Vai Anitta,"docuseries, international tv shows, reality tv",2018,vai anitta,Netflix
Aalorukkam,"dramas, independent movies, international movies",2018,aalorukkam,Netflix
Beyblade Burst Evolution,"anime series, kids' tv",2017,beyblade burst evolution,Netflix
Christmas Wedding Planner,"comedies, international movies, romantic movies",2017,christmas wedding planner,Netflix
Halkaa,"comedies, dramas, independent movies",2018,halkaa,Netflix
May the Devil Take You,"horror movies, international movies",2018,may the devil take you,Netflix
Muzaffarnagar Baaqi Hai,"documentaries, international movies",2015,muzaffarnagar baaqi hai,Netflix
Odu Raja Odu,"comedies, independent movies, international movies",2018,odu raja odu,Netflix
Savita Damodar Paranjpe,"horror movies, international movies",2018,savita damodar paranjpe,Netflix
The Giant,"dramas, international movies",2017,the giant,Netflix
BuyBust,"action & adventure, international movies",2018,buybust,Netflix
Loudon Wainwright III: Surviving Twin,music & musicals,2018,loudon wainwright iii surviving twin,Netflix
Warrior,"crime tv shows, international tv shows, tv dramas",2018,warrior,Netflix
Age of Tanks,"docuseries, international tv shows, science & nature tv",2017,age of tanks,Netflix
"All's Well, End's Well (2009)","comedies, international movies, romantic movies",2009,alls well ends well,Netflix
Lommbock,"comedies, international movies",2017,lommbock,Netflix
Medal of Honor,"docuseries, tv dramas",2018,medal of honor,Netflix
Outlaw King,"action & adventure, dramas",2018,outlaw king,Netflix
Super Drags,"international tv shows, tv comedies",2018,super drags,Netflix
The Queen of Flow,"crime tv shows, international tv shows, spanish-language tv shows",2018,the queen of flow,Netflix
Treehouse Detectives,"kids' tv, tv thrillers",2018,treehouse detectives,Netflix
Westside,reality tv,2018,westside,Netflix
Transfers,"crime tv shows, international tv shows, tv sci-fi & fantasy",2017,transfers,Netflix
Damnation,"crime tv shows, tv dramas",2017,damnation,Netflix
Bucket List,"dramas, international movies",2018,bucket list,Netflix
John Leguizamo's Latin History for Morons,stand-up comedy,2018,john leguizamos latin history for morons,Netflix
Kopitiam,"international tv shows, tv comedies",2003,kopitiam,Netflix
Ana e Vitória,"comedies, international movies, lgbtq movies",2018,ana e vitria,Netflix
Brainchild,kids' tv,2018,brainchild,Netflix
ReMastered: Tricky Dick & The Man in Black,"documentaries, music & musicals",2018,remastered tricky dick  the man in black,Netflix
The Holiday Calendar,"dramas, romantic movies",2018,the holiday calendar,Netflix
The Other Side of the Wind,"classic movies, dramas, independent movies",2018,the other side of the wind,Netflix
They’ll Love Me When I’m Dead,documentaries,2018,theyll love me when im dead,Netflix
Aagey Se Right,"comedies, international movies, music & musicals",2009,aagey se right,Netflix
Aamir,"international movies, thrillers",2008,aamir,Netflix
ABCD 2,"dramas, international movies, music & musicals",2015,abcd 2,Netflix
ABCD: Any Body Can Dance,"dramas, international movies",2013,abcd any body can dance,Netflix
Arjun: The Warrior Prince,"action & adventure, dramas, international movies",2011,arjun the warrior prince,Netflix
Asees,"dramas, international movies, music & musicals",2018,asees,Netflix
Barfi!,"comedies, dramas, international movies",2012,barfi,Netflix
Chance Pe Dance,"comedies, dramas, international movies",2010,chance pe dance,Netflix
Christmas With A View,"international movies, romantic movies",2018,christmas with a view,Netflix
Chup Chup Ke,"comedies, dramas, international movies",2006,chup chup ke,Netflix
Creators,"kids' tv, spanish-language tv shows",2015,creators,Netflix
Dhan Dhana Dhan Goal,"dramas, international movies, music & musicals",2007,dhan dhana dhan goal,Netflix
Dhoondte Reh Jaoge,"comedies, international movies, music & musicals",2009,dhoondte reh jaoge,Netflix
Do Dooni Chaar,"comedies, international movies",2010,do dooni chaar,Netflix
Edge of Fear,"independent movies, thrillers",2018,edge of fear,Netflix
"Edmilson Filho: Notas, Comedy about Relationships",stand-up comedy,2017,edmilson filho notas comedy about relationships,Netflix
Follow This,docuseries,2018,follow this,Netflix
Gaddar: the Traitor,"dramas, international movies, thrillers",2015,gaddar the traitor,Netflix
Ghanchakkar,"comedies, international movies, thrillers",2013,ghanchakkar,Netflix
Grandmaster,"international movies, thrillers",2012,grandmaster,Netflix
Hattrick,"comedies, dramas, international movies",2007,hattrick,Netflix
Heroine,"dramas, international movies",2012,heroine,Netflix
Himmatwala,"action & adventure, comedies, international movies",2013,himmatwala,Netflix
Husbands in Goa,"comedies, international movies, music & musicals",2012,husbands in goa,Netflix
Jatts in Golmaal,"comedies, international movies, music & musicals",2013,jatts in golmaal,Netflix
Kai Po Che!,"dramas, international movies, sports movies",2013,kai po che,Netflix
Kalakalappu,"comedies, international movies, music & musicals",2012,kalakalappu,Netflix
Katt Williams: The Pimp Chronicles: Pt. 1,stand-up comedy,2006,katt williams the pimp chronicles pt 1,Netflix
Katti Batti,"comedies, dramas, international movies",2015,katti batti,Netflix
Life in a ... Metro,"dramas, international movies, music & musicals",2007,life in a  metro,Netflix
Marc Maron: Thinky Pain,stand-up comedy,2013,marc maron thinky pain,Netflix
Mumbai Meri Jaan,"dramas, international movies",2008,mumbai meri jaan,Netflix
Mundeyan Ton Bachke Rahin,"comedies, international movies, music & musicals",2014,mundeyan ton bachke rahin,Netflix
No One Killed Jessica,"dramas, international movies",2011,no one killed jessica,Netflix
Oye Lucky! Lucky Oye!,"comedies, dramas, international movies",2008,oye lucky lucky oye,Netflix
Paan Singh Tomar,"action & adventure, dramas, international movies",2010,paan singh tomar,Netflix
Raja Natwarlal,"dramas, international movies, thrillers",2014,raja natwarlal,Netflix
Satyagraha,"dramas, international movies, music & musicals",2013,satyagraha,Netflix
Settai,"comedies, international movies, music & musicals",2013,settai,Netflix
Sigaram Thodu,"dramas, international movies, thrillers",2014,sigaram thodu,Netflix
Sommore: The Reign Continues,stand-up comedy,2015,sommore the reign continues,Netflix
The Great British Baking Show: The Beginnings,"british tv shows, reality tv",2012,the great british baking show the beginnings,Netflix
The Untold Tales of Armistead Maupin,"documentaries, lgbtq movies",2017,the untold tales of armistead maupin,Netflix
Vaya,"dramas, independent movies, international movies",2016,vaya,Netflix
Welcome to Sajjanpur,"comedies, dramas, international movies",2008,welcome to sajjanpur,Netflix
Yeh Hai Bakrapur,"comedies, dramas, independent movies",2014,yeh hai bakrapur,Netflix
Zokkomon,"children & family movies, dramas",2011,zokkomon,Netflix
Gun City,"dramas, international movies, thrillers",2018,gun city,Netflix
Heneral Luna,"dramas, international movies",2015,heneral luna,Netflix
Fate/EXTRA Last Encore,"anime series, international tv shows",2018,fateextra last encore,Netflix
Dragon Tiger Gate,"action & adventure, international movies",2006,dragon tiger gate,Netflix
Been So Long,"dramas, international movies, music & musicals",2018,been so long,Netflix
Dovlatov,"dramas, international movies",2018,dovlatov,Netflix
Jefe,"comedies, dramas, international movies",2018,jefe,Netflix
Santo Cachón,"comedies, international movies, romantic movies",2018,santo cachn,Netflix
Shirkers,documentaries,2018,shirkers,Netflix
Terrorism Close Calls,"crime tv shows, docuseries, international tv shows",2018,terrorism close calls,Netflix
W/O Ram,"dramas, international movies, thrillers",2018,wo ram,Netflix
DreamWorks Spooky Stories,"kids' tv, tv comedies",2009,dreamworks spooky stories,Netflix
Great News,tv comedies,2017,great news,Netflix
Ronnie Coleman: The King,documentaries,2018,ronnie coleman the king,Netflix
Baahubali: The Beginning (English Version),"action & adventure, dramas, international movies",2015,baahubali the beginning english version,Netflix
ADAM SANDLER 100% FRESH,stand-up comedy,2018,adam sandler 100 fresh,Netflix
Here to Heart,"international tv shows, romantic tv shows, tv dramas",2018,here to heart,Netflix
Scorpion King 5: Book of Souls,"action & adventure, sci-fi & fantasy",2018,scorpion king 5 book of souls,Netflix
The Hollywood Masters,stand-up comedy & talk shows,2017,the hollywood masters,Netflix
How to Get Over a Breakup,"comedies, international movies, romantic movies",2018,how to get over a breakup,Netflix
Accidentally in Love,"international tv shows, romantic tv shows, tv comedies",2018,accidentally in love,Netflix
Ask the Doctor,"docuseries, international tv shows, science & nature tv",2017,ask the doctor,Netflix
Best.Worst.Weekend.Ever.,"kids' tv, tv comedies",2018,bestworstweekendever,Netflix
"Club de Cuervos Presents: I, Potro",movies,2018,club de cuervos presents i potro,Netflix
Derren Brown: Sacrifice,movies,2018,derren brown sacrifice,Netflix
Gnome Alone,"children & family movies, comedies",2018,gnome alone,Netflix
Illang: The Wolf Brigade,"action & adventure, international movies, sci-fi & fantasy",2018,illang the wolf brigade,Netflix
Making a Murderer,"crime tv shows, docuseries",2018,making a murderer,Netflix
Marvel's Daredevil,"crime tv shows, tv action & adventure",2018,marvels daredevil,Netflix
Naa Bangaaru Talli,"dramas, international movies",2013,naa bangaaru talli,Netflix
Oddbods: Party Monsters,movies,2018,oddbods party monsters,Netflix
Project S The Series,"international tv shows, tv dramas, teen tv shows",2017,project s the series,Netflix
S Storm,"action & adventure, international movies",2016,s storm,Netflix
The Night Comes for Us,"action & adventure, international movies",2018,the night comes for us,Netflix
Wanderlust,"british tv shows, international tv shows, romantic tv shows",2018,wanderlust,Netflix
Mr. Chandramouli,"dramas, international movies, thrillers",2018,mr chandramouli,Netflix
My Babysitter's a Vampire,"kids' tv, tv comedies",2012,my babysitters a vampire,Netflix
Rake,"crime tv shows, international tv shows, tv comedies",2018,rake,Netflix
"Ron White: If You Quit Listening, I'll Shut Up",stand-up comedy,2018,ron white if you quit listening ill shut up,Netflix
Meghnadbodh Rohoshyo,"dramas, international movies",2017,meghnadbodh rohoshyo,Netflix
Sanju,"dramas, international movies",2018,sanju,Netflix
Stunt Science,"british tv shows, international tv shows, reality tv",2018,stunt science,Netflix
Soorma,"dramas, international movies, sports movies",2018,soorma,Netflix
Apostle,"horror movies, international movies, thrillers",2018,apostle,Netflix
Edgar Rice Burroughs' Tarzan and Jane,"crime tv shows, kids' tv",2018,edgar rice burroughs tarzan and jane,Netflix
Errementari: The Blacksmith and the Devil,"horror movies, international movies, sci-fi & fantasy",2018,errementari the blacksmith and the devil,Netflix
Feminists: What Were They Thinking?,"documentaries, lgbtq movies",2018,feminists what were they thinking,Netflix
FIGHTWORLD,docuseries,2018,fightworld,Netflix
Kuntilanak,"horror movies, international movies",2018,kuntilanak,Netflix
ReMastered: Who Shot the Sheriff,"documentaries, music & musicals",2018,remastered who shot the sheriff,Netflix
The Curious Creations of Christine McConnell,"tv comedies, tv mysteries",2018,the curious creations of christine mcconnell,Netflix
The Haunting of Hill House,"tv dramas, tv horror, tv mysteries",2018,the haunting of hill house,Netflix
The Kindergarten Teacher,"dramas, independent movies",2018,the kindergarten teacher,Netflix
Ordinary Heroes,"crime tv shows, international tv shows, tv dramas",2018,ordinary heroes,Netflix
Salt Fat Acid Heat,docuseries,2018,salt fat acid heat,Netflix
22 July,"dramas, thrillers",2018,22 july,Netflix
Blood Pact,"crime tv shows, international tv shows, tv dramas",2018,blood pact,Netflix
Tales From the Hood 2,"cult movies, horror movies, independent movies",2018,tales from the hood 2,Netflix
Mo Amer: The Vagabond,stand-up comedy,2018,mo amer the vagabond,Netflix
Pulang,"action & adventure, dramas, international movies",2018,pulang,Netflix
Sofia the First,kids' tv,2017,sofia the first,Netflix
Seven in Heaven,horror movies,2018,seven in heaven,Netflix
Dancing Queen,reality tv,2018,dancing queen,Netflix
Empire Games,docuseries,2018,empire games,Netflix
LOST SONG,"anime series, international tv shows",2018,lost song,Netflix
Malevolent,"horror movies, thrillers",2018,malevolent,Netflix
Private Life,"comedies, dramas, independent movies",2018,private life,Netflix
Super Monsters Save Halloween,children & family movies,2018,super monsters save halloween,Netflix
YG Future Strategy Office,"international tv shows, korean tv shows, tv comedies",2018,yg future strategy office,Netflix
Violet Evergarden: Special,"anime series, international tv shows, romantic tv shows",2018,violet evergarden special,Netflix
The Black Prince,"dramas, international movies",2017,the black prince,Netflix
Truth or Dare,horror movies,2017,truth or dare,Netflix
Death Race: Beyond Anarchy,action & adventure,2017,death race beyond anarchy,Netflix
Eric ldle's What About Dick?,"comedies, music & musicals",2012,eric ldles what about dick,Netflix
Joe Rogan: Strange Times,stand-up comedy,2018,joe rogan strange times,Netflix
Monty Python Best Bits (mostly),"british tv shows, docuseries, tv comedies",2014,monty python best bits mostly,Netflix
Monty Python Conquers America,documentaries,2008,monty python conquers america,Netflix
"Monty Python Live (Mostly): One Down, Five to Go",comedies,2014,monty python live mostly one down five to go,Netflix
Monty Python: Before the Flying Circus,"comedies, documentaries",2000,monty python before the flying circus,Netflix
Monty Python: Live at Aspen,"comedies, documentaries",1998,monty python live at aspen,Netflix
Monty Python: Live at The Hollywood Bowl,comedies,1982,monty python live at the hollywood bowl,Netflix
Monty Python: The Meaning of Live,documentaries,2014,monty python the meaning of live,Netflix
Monty Python's Almost the Truth,"british tv shows, docuseries",2009,monty pythons almost the truth,Netflix
Monty Python's Fliegender Zirkus,"international tv shows, tv comedies",1972,monty pythons fliegender zirkus,Netflix
Monty Python's Flying Circus,"british tv shows, classic & cult tv, international tv shows",1974,monty pythons flying circus,Netflix
Monty Python's Life of Brian,"classic movies, comedies, cult movies",1979,monty pythons life of brian,Netflix
Monty Python's Personal Best,"british tv shows, tv comedies",2005,monty pythons personal best,Netflix
Parrot Sketch Not Included: Twenty Years of Monty Python,comedies,1989,parrot sketch not included twenty years of monty python,Netflix
The Meaning of Monty Python,documentaries,2013,the meaning of monty python,Netflix
25 Kille,"action & adventure, dramas, international movies",2016,25 kille,Netflix
A Witches' Ball,children & family movies,2017,a witches ball,Netflix
Agyaat,"horror movies, international movies",2009,agyaat,Netflix
Anjaan,"action & adventure, dramas, international movies",2014,anjaan,Netflix
Bathinda Express,"dramas, international movies, sports movies",2016,bathinda express,Netflix
Delhi 6,"dramas, international movies",2009,delhi 6,Netflix
Dev.D,"dramas, international movies, romantic movies",2009,devd,Netflix
Dil Vil Pyaar Vyaar,"international movies, music & musicals, romantic movies",2014,dil vil pyaar vyaar,Netflix
Dushman,"dramas, international movies",2017,dushman,Netflix
Ek Main Aur Ekk Tu,"comedies, international movies, romantic movies",2012,ek main aur ekk tu,Netflix
Freedom at Midnight,"dramas, independent movies, international movies",2018,freedom at midnight,Netflix
Haani,"dramas, international movies, music & musicals",2013,haani,Netflix
Happy Go Lucky,"comedies, international movies, music & musicals",2014,happy go lucky,Netflix
Harishchandrachi Factory,"dramas, international movies",2009,harishchandrachi factory,Netflix
Hot Date,"romantic tv shows, tv comedies",2018,hot date,Netflix
Jagga Jasoos,"action & adventure, comedies, international movies",2017,jagga jasoos,Netflix
Jatt James Bond,"comedies, dramas, international movies",2014,jatt james bond,Netflix
Jodhaa Akbar,"action & adventure, dramas, international movies",2008,jodhaa akbar,Netflix
Judge Singh LLB,"comedies, dramas, international movies",2015,judge singh llb,Netflix
Kaminey,"dramas, international movies, music & musicals",2009,kaminey,Netflix
Khido Khundi,"dramas, international movies, sports movies",2018,khido khundi,Netflix
Khoobsurat,"comedies, international movies, romantic movies",2014,khoobsurat,Netflix
Kisaan,"action & adventure, dramas, international movies",2009,kisaan,Netflix
Kismat Konnection,"comedies, dramas, international movies",2008,kismat konnection,Netflix
Kurbaan,"international movies, thrillers",2009,kurbaan,Netflix
Lock,"dramas, international movies",2016,lock,Netflix
Luv Shuv Tey Chicken Khurana,"comedies, international movies, romantic movies",2012,luv shuv tey chicken khurana,Netflix
"Main, Meri Patni Aur Woh","comedies, dramas, international movies",2005,main meri patni aur woh,Netflix
Manje Bistre,"comedies, dramas, international movies",2017,manje bistre,Netflix
Motor Mitraan Di,"comedies, international movies",2016,motor mitraan di,Netflix
Mugamoodi,"action & adventure, international movies",2012,mugamoodi,Netflix
Muran,"action & adventure, international movies",2011,muran,Netflix
My Friend Pinto,"comedies, international movies, sci-fi & fantasy",2011,my friend pinto,Netflix
My Little Pony Equestria Girls: Forgotten Friendship,children & family movies,2018,my little pony equestria girls forgotten friendship,Netflix
My Little Pony Equestria Girls: Rollercoaster of Friendship,children & family movies,2018,my little pony equestria girls rollercoaster of friendship,Netflix
My Suicide,"comedies, dramas, independent movies",2009,my suicide,Netflix
Naan Sigappu Manithan,"action & adventure, dramas, international movies",2014,naan sigappu manithan,Netflix
Nasha,"dramas, international movies, romantic movies",2013,nasha,Netflix
Naughty Jatts,"comedies, international movies, music & musicals",2013,naughty jatts,Netflix
Needhi Singh,"action & adventure, dramas, international movies",2016,needhi singh,Netflix
Peace Haven,"comedies, dramas, independent movies",2016,peace haven,Netflix
Phantom,"action & adventure, international movies",2015,phantom,Netflix
Pizza,"horror movies, international movies, thrillers",2014,pizza,Netflix
Pooja Kiven Aa,"comedies, international movies, music & musicals",2013,pooja kiven aa,Netflix
Race,"action & adventure, international movies, music & musicals",2008,race,Netflix
Race 2,"action & adventure, international movies, music & musicals",2013,race 2,Netflix
Saadey CM Saab,"comedies, dramas, international movies",2015,saadey cm saab,Netflix
Sat Shri Akaal England,"comedies, dramas, international movies",2017,sat shri akaal england,Netflix
Strong,reality tv,2016,strong,Netflix
Thaandavam,"action & adventure, international movies, music & musicals",2012,thaandavam,Netflix
The Birth Reborn,"documentaries, international movies",2018,the birth reborn,Netflix
Theeya Velai Seyyanum Kumaru,"comedies, international movies, music & musicals",2013,theeya velai seyyanum kumaru,Netflix
Three Wives One Husband,"british tv shows, international tv shows, reality tv",2018,three wives one husband,Netflix
Tiger,"action & adventure, dramas, international movies",2016,tiger,Netflix
Udaan,"dramas, independent movies, international movies",2010,udaan,Netflix
Vettai,"action & adventure, international movies, music & musicals",2012,vettai,Netflix
Wake Up Sid,"comedies, international movies, romantic movies",2009,wake up sid,Netflix
We Are Family,"dramas, international movies",2010,we are family,Netflix
What the Jatt!!,"comedies, international movies, romantic movies",2015,what the jatt,Netflix
Zindagi Kitni Haseen Hay,"dramas, international movies, romantic movies",2016,zindagi kitni haseen hay,Netflix
Big Miracle,"children & family movies, dramas",2012,big miracle,Netflix
Paradise Lost,"dramas, independent movies, international movies",2018,paradise lost,Netflix
Animal World,"action & adventure, international movies, sci-fi & fantasy",2018,animal world,Netflix
Hold the Dark,"action & adventure, dramas",2018,hold the dark,Netflix
Lessons from a School Shooting: Notes from Dunblane,documentaries,2018,lessons from a school shooting notes from dunblane,Netflix
Made in Mexico,"international tv shows, reality tv, spanish-language tv shows",2018,made in mexico,Netflix
Reboot: The Guardian Code,kids' tv,2018,reboot the guardian code,Netflix
Skylanders Academy,"kids' tv, tv comedies",2018,skylanders academy,Netflix
The 3rd Eye,"horror movies, international movies",2018,the 3rd eye,Netflix
Two Catalonias,"documentaries, international movies",2018,two catalonias,Netflix
In Darkness,"independent movies, international movies, thrillers",2018,in darkness,Netflix
Battlefish,"reality tv, science & nature tv, tv action & adventure",2018,battlefish,Netflix
DRAGON PILOT: Hisone & Masotan,"anime series, international tv shows",2018,dragon pilot hisone  masotan,Netflix
Maniac,"tv comedies, tv dramas, tv mysteries",2018,maniac,Netflix
Quincy,"documentaries, music & musicals",2018,quincy,Netflix
Rafinha Bastos: Ultimatum,stand-up comedy,2018,rafinha bastos ultimatum,Netflix
The Good Cop,"crime tv shows, tv comedies, tv dramas",2018,the good cop,Netflix
Mobile Suit Gundam UC,"anime series, international tv shows",2014,mobile suit gundam uc,Netflix
Transformers: Rescue Bots,kids' tv,2016,transformers rescue bots,Netflix
Al Hayba,"crime tv shows, international tv shows, tv dramas",2017,al hayba,Netflix
American Vandal,"crime tv shows, tv comedies, teen tv shows",2018,american vandal,Netflix
Boca Juniors Confidential,"docuseries, international tv shows, spanish-language tv shows",2018,boca juniors confidential,Netflix
Ingobernable,"crime tv shows, international tv shows, spanish-language tv shows",2018,ingobernable,Netflix
Norm Macdonald Has a Show,"stand-up comedy & talk shows, tv comedies",2018,norm macdonald has a show,Netflix
Super Monsters Monster Party,kids' tv,2018,super monsters monster party,Netflix
The Angel,"dramas, international movies, thrillers",2018,the angel,Netflix
The Land of Steady Habits,"comedies, dramas, independent movies",2018,the land of steady habits,Netflix
The Rise of Phoenixes,"international tv shows, romantic tv shows, tv action & adventure",2018,the rise of phoenixes,Netflix
Reversing Roe,documentaries,2018,reversing roe,Netflix
Life,"international tv shows, korean tv shows, tv dramas",2018,life,Netflix
On My Skin,"dramas, international movies",2018,on my skin,Netflix
Daniel Sloss: Live Shows,"stand-up comedy & talk shows, tv comedies",2018,daniel sloss live shows,Netflix
If I were an Animal,"docuseries, kids' tv, science & nature tv",2018,if i were an animal,Netflix
The Resistance Banker,"dramas, international movies",2018,the resistance banker,Netflix
Show Me the Money,"international tv shows, tv comedies",2004,show me the money,Netflix
Transformers Prime,kids' tv,2013,transformers prime,Netflix
Transformers: Robots in Disguise,kids' tv,2016,transformers robots in disguise,Netflix
City of Joy,documentaries,2018,city of joy,Netflix
First and Last,docuseries,2018,first and last,Netflix
Marvel's Iron Fist,"crime tv shows, tv action & adventure, tv dramas",2018,marvels iron fist,Netflix
Next Gen,"children & family movies, comedies, sci-fi & fantasy",2018,next gen,Netflix
Sierra Burgess Is A Loser,"comedies, romantic movies",2018,sierra burgess is a loser,Netflix
Stretch Armstrong & the Flex Fighters,kids' tv,2018,stretch armstrong  the flex fighters,Netflix
The Most Assassinated Woman in the World,"dramas, international movies, thrillers",2018,the most assassinated woman in the world,Netflix
PK,"comedies, dramas, international movies",2014,pk,Netflix
The Debt Collector,action & adventure,2018,the debt collector,Netflix
Monkey Twins,"crime tv shows, international tv shows, tv action & adventure",2018,monkey twins,Netflix
Quantico,"crime tv shows, tv dramas, tv mysteries",2018,quantico,Netflix
Age of Rebellion,"crime tv shows, international tv shows, tv dramas",2018,age of rebellion,Netflix
Carbon,"dramas, international movies, thrillers",2017,carbon,Netflix
Garbage,"dramas, independent movies, international movies",2018,garbage,Netflix
​​Kuch Bheege Alfaaz,"dramas, independent movies, international movies",2018,kuch bheege alfaaz,Netflix
Love and Shukla,"dramas, independent movies, international movies",2017,love and shukla,Netflix
Once Again,"dramas, independent movies, international movies",2018,once again,Netflix
Sisters,"international tv shows, tv comedies, tv dramas",2018,sisters,Netflix
Sparring,"dramas, international movies, sports movies",2017,sparring,Netflix
Cathedral of the Sea,"international tv shows, spanish-language tv shows, tv dramas",2017,cathedral of the sea,Netflix
Inside the Criminal Mind,"crime tv shows, docuseries, international tv shows",2018,inside the criminal mind,Netflix
The Comedy Lineup,"stand-up comedy & talk shows, tv comedies",2018,the comedy lineup,Netflix
The Laws of Thermodynamics,"comedies, international movies, romantic movies",2018,the laws of thermodynamics,Netflix
Ultimate Beastmaster,reality tv,2018,ultimate beastmaster,Netflix
Ultimate Beastmaster México,"reality tv, spanish-language tv shows",2018,ultimate beastmaster mxico,Netflix
Undercover Law,"crime tv shows, international tv shows, spanish-language tv shows",2017,undercover law,Netflix
Naam Shabana,"action & adventure, international movies",2017,naam shabana,Netflix
Qarib Qarib Singlle,"comedies, international movies, romantic movies",2017,qarib qarib singlle,Netflix
Spyder,"action & adventure, international movies",2017,spyder,Netflix
Chicken Soup for the Soul's Being Dad,docuseries,2018,chicken soup for the souls being dad,Netflix
Maria Bamford: The Special Special Special,stand-up comedy,2012,maria bamford the special special special,Netflix
Bert Kreischer: Secret Time,stand-up comedy,2018,bert kreischer secret time,Netflix
GHOUL,"international tv shows, tv dramas, tv horror",2018,ghoul,Netflix
One Last Shot,comedies,1998,one last shot,Netflix
Take My Brother Away,"international tv shows, tv comedies, tv dramas",2018,take my brother away,Netflix
The After Party,"comedies, music & musicals",2018,the after party,Netflix
The Innocents,"british tv shows, international tv shows, romantic tv shows",2018,the innocents,Netflix
Bareilly Ki Barfi,"comedies, dramas, international movies",2017,bareilly ki barfi,Netflix
Mersal,"action & adventure, dramas, international movies",2017,mersal,Netflix
Mom,"dramas, international movies, thrillers",2017,mom,Netflix
Pad Man,"dramas, international movies, romantic movies",2018,pad man,Netflix
Toilet: Ek Prem Katha,"comedies, dramas, international movies",2017,toilet ek prem katha,Netflix
Party Monster: Scratching the Surface,comedies,2018,party monster scratching the surface,Netflix
Stay Here,reality tv,2018,stay here,Netflix
The Motive,"comedies, dramas, international movies",2017,the motive,Netflix
To All the Boys I’ve Loved Before,"comedies, international movies, romantic movies",2018,to all the boys ive loved before,Netflix
Yoo Byung Jae: Discomfort Zone,stand-up comedy,2018,yoo byung jae discomfort zone,Netflix
Bhavesh Joshi Superhero,"dramas, international movies, sci-fi & fantasy",2018,bhavesh joshi superhero,Netflix
For Here or to Go?,"comedies, dramas, independent movies",2015,for here or to go,Netflix
72 Dangerous Animals: Asia,"docuseries, international tv shows, science & nature tv",2018,72 dangerous animals asia,Netflix
Afflicted,"docuseries, reality tv, science & nature tv",2018,afflicted,Netflix
All About the Washingtons,tv comedies,2018,all about the washingtons,Netflix
The Guernsey Literary and Potato Peel Pie Society,"dramas, romantic movies",2018,the guernsey literary and potato peel pie society,Netflix
The Package,comedies,2018,the package,Netflix
Zion,"documentaries, sports movies",2018,zion,Netflix
Perdida,"dramas, international movies, thrillers",2018,perdida,Netflix
The Originals,"tv dramas, tv horror, tv mysteries",2018,the originals,Netflix
Pretty Man,"international tv shows, romantic tv shows, tv dramas",2018,pretty man,Netflix
On Children,"international tv shows, tv dramas, tv mysteries",2018,on children,Netflix
2 States,"comedies, dramas, international movies",2014,2 states,Netflix
Baaghi,"action & adventure, international movies",2016,baaghi,Netflix
Brij Mohan Amar Rahe,"comedies, dramas, international movies",2018,brij mohan amar rahe,Netflix
Flavors of Youth: International Version,"anime features, international movies, romantic movies",2018,flavors of youth international version,Netflix
Cocaine Coast,"crime tv shows, international tv shows, spanish-language tv shows",2018,cocaine coast,Netflix
Dinotrux Supercharged,kids' tv,2018,dinotrux supercharged,Netflix
Like Father,"comedies, dramas",2018,like father,Netflix
7 Khoon Maaf,"dramas, international movies, thrillers",2011,7 khoon maaf,Netflix
Chillar Party,"children & family movies, comedies, dramas",2011,chillar party,Netflix
Fashion,"dramas, international movies",2008,fashion,Netflix
Fitoor,"dramas, international movies, romantic movies",2016,fitoor,Netflix
Fiza,"dramas, international movies, music & musicals",2000,fiza,Netflix
Guzaarish,"dramas, international movies",2010,guzaarish,Netflix
Haider,"dramas, international movies, romantic movies",2014,haider,Netflix
Highway,"action & adventure, dramas, international movies",2014,highway,Netflix
I Hate Luv Storys,"comedies, international movies, music & musicals",2010,i hate luv storys,Netflix
Joker,"comedies, international movies, music & musicals",2012,joker,Netflix
Main aurr Mrs. Khanna,"international movies, music & musicals, romantic movies",2009,main aurr mrs khanna,Netflix
Mohenjo Daro,"action & adventure, dramas, international movies",2016,mohenjo daro,Netflix
Raajneeti,"dramas, international movies, thrillers",2010,raajneeti,Netflix
Rang De Basanti,"dramas, international movies",2006,rang de basanti,Netflix
Rowdy Rathore,"action & adventure, comedies, international movies",2012,rowdy rathore,Netflix
Tamasha,"dramas, international movies, romantic movies",2015,tamasha,Netflix
Tere Naal Love Ho Gaya,"comedies, international movies, romantic movies",2012,tere naal love ho gaya,Netflix
Thank You,"comedies, international movies, romantic movies",2011,thank you,Netflix
The Blue Umbrella,"children & family movies, dramas, independent movies",2005,the blue umbrella,Netflix
Becoming Champions,"docuseries, international tv shows",2018,becoming champions,Netflix
Being Napoleon,documentaries,2018,being napoleon,Netflix
Invisible,"dramas, independent movies, international movies",2017,invisible,Netflix
Switched,"international tv shows, tv dramas, tv mysteries",2018,switched,Netflix
The Could’ve-Gone-All-the-Way Committee,"international tv shows, romantic tv shows, tv dramas",2018,the couldvegonealltheway committee,Netflix
A Very Secret Service,"international tv shows, tv comedies",2018,a very secret service,Netflix
SWORDGAI The Animation,"anime series, international tv shows",2018,swordgai the animation,Netflix
Da Kath & Kim Code,movies,2005,da kath  kim code,Netflix
Kath & Kimderella,comedies,2012,kath  kimderella,Netflix
Kath and Kim,tv comedies,2007,kath and kim,Netflix
The Mansion,"comedies, horror movies, international movies",2017,the mansion,Netflix
Coco y Raulito: Carrusel de ternura,stand-up comedy,2018,coco y raulito carrusel de ternura,Netflix
El Chapo,"crime tv shows, spanish-language tv shows, tv action & adventure",2018,el chapo,Netflix
Extinction,"action & adventure, dramas, sci-fi & fantasy",2018,extinction,Netflix
Smoking,"crime tv shows, international tv shows, tv action & adventure",2018,smoking,Netflix
The Bleeding Edge,documentaries,2018,the bleeding edge,Netflix
Welcome to the Family,"international tv shows, tv comedies, tv dramas",2018,welcome to the family,Netflix
Parmanu: The Story of Pokhran,"dramas, international movies",2018,parmanu the story of pokhran,Netflix
Iliza Shlesinger: Elder Millennial,stand-up comedy,2018,iliza shlesinger elder millennial,Netflix
The Warning,"international movies, thrillers",2018,the warning,Netflix
Amazing Interiors,"british tv shows, international tv shows, reality tv",2018,amazing interiors,Netflix
Dark Tourist,"docuseries, international tv shows",2018,dark tourist,Netflix
Duck Duck Goose,"children & family movies, comedies",2018,duck duck goose,Netflix
Father of the Year,comedies,2018,father of the year,Netflix
Home: Adventures with Tip & Oh,"kids' tv, tv comedies",2018,home adventures with tip  oh,Netflix
Jimmy: The True Story of a True Idiot,"international tv shows, tv comedies, tv dramas",2018,jimmy the true story of a true idiot,Netflix
Luna Petunia: Return to Amazia,kids' tv,2018,luna petunia return to amazia,Netflix
Nothing to Lose,"dramas, faith & spirituality, international movies",2018,nothing to lose,Netflix
El club de los buenos infieles,"comedies, international movies",2018,el club de los buenos infieles,Netflix
Camarón Revolution,"docuseries, international tv shows, spanish-language tv shows",2018,camarn revolution,Netflix
Camarón: The Film,"documentaries, international movies, music & musicals",2018,camarn the film,Netflix
GODZILLA City on the Edge of Battle,"action & adventure, anime features, international movies",2018,godzilla city on the edge of battle,Netflix
Going for Gold,"children & family movies, dramas, international movies",2018,going for gold,Netflix
The Joel McHale Show with Joel McHale,"stand-up comedy & talk shows, tv comedies",2018,the joel mchale show with joel mchale,Netflix
Meteor Garden,"international tv shows, romantic tv shows, tv dramas",2018,meteor garden,Netflix
How It Ends,"action & adventure, sci-fi & fantasy",2018,how it ends,Netflix
Jim Jefferies: This Is Me Now,stand-up comedy,2018,jim jefferies this is me now,Netflix
Romina,"horror movies, independent movies, international movies",2018,romina,Netflix
Mossad 101,"international tv shows, tv action & adventure, tv dramas",2017,mossad 101,Netflix
Baby Ballroom,"british tv shows, international tv shows, reality tv",2018,baby ballroom,Netflix
Drug Lords,"crime tv shows, docuseries",2018,drug lords,Netflix
Mr. Sunshine,"international tv shows, korean tv shows, romantic tv shows",2018,mr sunshine,Netflix
First Team: Juventus,"docuseries, international tv shows",2018,first team juventus,Netflix
Luciano Mellera: Infantiloide,stand-up comedy,2018,luciano mellera infantiloide,Netflix
The Legacy of a Whitetail Deer Hunter,"action & adventure, comedies, dramas",2018,the legacy of a whitetail deer hunter,Netflix
The Skin of the Wolf,"dramas, independent movies, international movies",2018,the skin of the wolf,Netflix
White Fang,"children & family movies, dramas",2018,white fang,Netflix
Sommore: Chandelier Status,stand-up comedy,2013,sommore chandelier status,Netflix
Felipe Esparza: They're Not Going to Laugh at You,stand-up comedy,2012,felipe esparza theyre not going to laugh at you,Netflix
Joan Rivers: Don't Start with Me,stand-up comedy,2012,joan rivers dont start with me,Netflix
Katt Williams: Kattpacalypse,stand-up comedy,2012,katt williams kattpacalypse,Netflix
King of Peking,"comedies, dramas, international movies",2018,king of peking,Netflix
Anthony Kaun Hai?,"comedies, dramas, international movies",2006,anthony kaun hai,Netflix
Bo Burnham: what.,stand-up comedy,2013,bo burnham what,Netflix
Chalte Chalte,"dramas, international movies, romantic movies",2003,chalte chalte,Netflix
Deewana Main Deewana,"comedies, dramas, international movies",2013,deewana main deewana,Netflix
Duck Butter,"dramas, independent movies, lgbtq movies",2018,duck butter,Netflix
I Am Kalam,"children & family movies, comedies, dramas",2010,i am kalam,Netflix
My Birthday Song,"dramas, international movies, thrillers",2018,my birthday song,Netflix
Namastey London,"comedies, dramas, international movies",2007,namastey london,Netflix
NCIS,"crime tv shows, tv dramas, tv mysteries",2017,ncis,Netflix
Soul Robbers,"horror movies, international movies",2015,soul robbers,Netflix
Tum Milo Toh Sahi,"comedies, dramas, international movies",2010,tum milo toh sahi,Netflix
What We Started,"documentaries, music & musicals",2017,what we started,Netflix
Zoo,"dramas, independent movies, international movies",2018,zoo,Netflix
Bill Burr: You People Are All the Same,stand-up comedy,2012,bill burr you people are all the same,Netflix
Somewhere Between,"crime tv shows, tv dramas, tv mysteries",2017,somewhere between,Netflix
The Maus,"horror movies, independent movies, international movies",2017,the maus,Netflix
Calibre,"dramas, international movies, thrillers",2018,calibre,Netflix
Churchill’s Secret Agents: The New Recruits,"british tv shows, international tv shows, reality tv",2018,churchills secret agents the new recruits,Netflix
Jani Dueñas: Grandes fracasos de ayer y hoy,stand-up comedy,2018,jani dueas grandes fracasos de ayer y hoy,Netflix
Kiss Me First,"british tv shows, crime tv shows, international tv shows",2018,kiss me first,Netflix
Penalty Kick,"comedies, dramas, international movies",2018,penalty kick,Netflix
Recovery Boys,documentaries,2018,recovery boys,Netflix
TAU,"sci-fi & fantasy, thrillers",2018,tau,Netflix
Hotel Transylvania,"kids' tv, tv comedies",2017,hotel transylvania,Netflix
W. Kamau Bell: Private School Negro,stand-up comedy,2018,w kamau bell private school negro,Netflix
Borges,"international tv shows, tv comedies",2018,borges,Netflix
Expelled from Paradise,"action & adventure, anime features, sci-fi & fantasy",2014,expelled from paradise,Netflix
"To Each, Her Own","comedies, international movies, lgbtq movies",2018,to each her own,Netflix
Life Sentence,tv dramas,2018,life sentence,Netflix
Brain on Fire,"dramas, independent movies, international movies",2016,brain on fire,Netflix
Derren Brown: Miracle,international movies,2018,derren brown miracle,Netflix
Marvel's Luke Cage,"crime tv shows, tv action & adventure, tv dramas",2018,marvels luke cage,Netflix
Us and Them,"dramas, international movies, romantic movies",2018,us and them,Netflix
Hannah Gadsby: Nanette,stand-up comedy,2018,hannah gadsby nanette,Netflix
Club de Cuervos Presents: The Ballad of Hugo Sánchez,"international tv shows, spanish-language tv shows, tv comedies",2018,club de cuervos presents the ballad of hugo snchez,Netflix
Lust Stories,"comedies, dramas, international movies",2018,lust stories,Netflix
Maktub,"comedies, international movies",2018,maktub,Netflix
Pacificum: Return to the Ocean,"documentaries, international movies",2017,pacificum return to the ocean,Netflix
Set It Up,"comedies, romantic movies",2018,set it up,Netflix
Sunday's Illness,"dramas, independent movies, international movies",2017,sundays illness,Netflix
The last hour,"dramas, international movies",2017,the last hour,Netflix
True: Magical Friends,kids' tv,2018,true magical friends,Netflix
True: Wonderful Wishes,kids' tv,2018,true wonderful wishes,Netflix
Alex Strangelove,"comedies, dramas, independent movies",2018,alex strangelove,Netflix
Ali's Wedding,"comedies, independent movies, international movies",2018,alis wedding,Netflix
Franco Escamilla: Por la anécdota,stand-up comedy,2018,franco escamilla por la ancdota,Netflix
The Staircase,"crime tv shows, docuseries, tv mysteries",2018,the staircase,Netflix
The Night Shift,tv dramas,2017,the night shift,Netflix
Dinosaur King,"anime series, kids' tv",2008,dinosaur king,Netflix
B.A. Pass 2,"dramas, international movies",2017,ba pass 2,Netflix
Bad Genius,"dramas, international movies, thrillers",2017,bad genius,Netflix
November 13: Attack on Paris,"crime tv shows, docuseries, international tv shows",2018,november 13 attack on paris,Netflix
Outside In,"dramas, independent movies",2018,outside in,Netflix
Pedal the World,"documentaries, international movies, sports movies",2015,pedal the world,Netflix
Unbreakable Kimmy Schmidt,tv comedies,2019,unbreakable kimmy schmidt,Netflix
Arrested Development,tv comedies,2019,arrested development,Netflix
The Break with Michelle Wolf,"stand-up comedy & talk shows, tv comedies",2018,the break with michelle wolf,Netflix
Sara's Notebook,"dramas, international movies, thrillers",2018,saras notebook,Netflix
Something in the Rain,"international tv shows, korean tv shows, romantic tv shows",2018,something in the rain,Netflix
Fernando Sanjiao: Hombre,stand-up comedy,2018,fernando sanjiao hombre,Netflix
Ibiza,"comedies, romantic movies",2018,ibiza,Netflix
Steve Martin and Martin Short: An Evening You Will Forget for the Rest of Your Life,stand-up comedy,2018,steve martin and martin short an evening you will forget for the rest of your life,Netflix
Trollhunters,"kids' tv, tv action & adventure, tv sci-fi & fantasy",2018,trollhunters,Netflix
Mob Psycho 100,"international tv shows, tv action & adventure, tv comedies",2018,mob psycho 100,Netflix
Tig Notaro Happy To Be Here,stand-up comedy,2018,tig notaro happy to be here,Netflix
Catching Feelings,"comedies, international movies, romantic movies",2018,catching feelings,Netflix
Dance & Sing with True,kids' tv,2018,dance  sing with true,Netflix
Inspector Gadget,"crime tv shows, kids' tv, tv comedies",2017,inspector gadget,Netflix
Katt Williams: American Hustle (The Movie),stand-up comedy,2007,katt williams american hustle the movie,Netflix
Food on the Go,"documentaries, international movies",2017,food on the go,Netflix
Aiyaary,"action & adventure, dramas, international movies",2018,aiyaary,Netflix
Lupin the 3rd: The Castle of Cagliostro: Special Edition,"action & adventure, anime features, classic movies",1979,lupin the 3rd the castle of cagliostro special edition,Netflix
Saint Seiya: The Lost Canvas,"anime series, international tv shows",2009,saint seiya the lost canvas,Netflix
Ali Wong: Hard Knock Wife,stand-up comedy,2018,ali wong hard knock wife,Netflix
Spivak,"comedies, independent movies",2017,spivak,Netflix
Bill Nye Saves the World,stand-up comedy & talk shows,2018,bill nye saves the world,Netflix
Carlos Ballarta: Furia Ñera,stand-up comedy,2018,carlos ballarta furia era,Netflix
Evil Genius,"crime tv shows, docuseries, tv mysteries",2018,evil genius,Netflix
The Kissing Booth,"comedies, romantic movies",2018,the kissing booth,Netflix
The Who Was? Show,"kids' tv, tv comedies",2018,the who was show,Netflix
Hari Kondabolu: Warn Your Relatives,stand-up comedy,2018,hari kondabolu warn your relatives,Netflix
My Fuhrer,"comedies, international movies",2007,my fuhrer,Netflix
Family Blood,horror movies,2018,family blood,Netflix
Pup Star: World Tour,"children & family movies, comedies, music & musicals",2018,pup star world tour,Netflix
A Little Help with Carol Burnett,"stand-up comedy & talk shows, tv comedies",2018,a little help with carol burnett,Netflix
Anon,"dramas, sci-fi & fantasy, thrillers",2018,anon,Netflix
Dany Boon: Des Hauts De France,stand-up comedy,2018,dany boon des hauts de france,Netflix
End Game,documentaries,2018,end game,Netflix
Forgive Us Our Debts,"dramas, international movies",2018,forgive us our debts,Netflix
Kong: King of the Apes,kids' tv,2018,kong king of the apes,Netflix
Lo más sencillo es complicarlo todo,"comedies, international movies, romantic movies",2018,lo ms sencillo es complicarlo todo,Netflix
Manhunt,"action & adventure, international movies",2017,manhunt,Netflix
Thi Mai,"comedies, dramas, international movies",2017,thi mai,Netflix
Si saben cómo me pongo ¿pá qué me invitan?,"comedies, international movies",2018,si saben cmo me pongo p qu me invitan,Netflix
Jailbreak,"action & adventure, international movies",2017,jailbreak,Netflix
Ajji,"dramas, international movies",2017,ajji,Netflix
CIA: Comrade in America,"action & adventure, dramas, independent movies",2017,cia comrade in america,Netflix
Coffee for All,"documentaries, international movies",2017,coffee for all,Netflix
Darc,"action & adventure, independent movies",2018,darc,Netflix
Despido Procedente,"comedies, international movies",2017,despido procedente,Netflix
John Mulaney: Kid Gorgeous at Radio City,stand-up comedy,2018,john mulaney kid gorgeous at radio city,Netflix
My Perfect Romance,"comedies, international movies, romantic movies",2018,my perfect romance,Netflix
Pocoyo & Cars,movies,2015,pocoyo  cars,Netflix
Pocoyo & The Space Circus,movies,2008,pocoyo  the space circus,Netflix
Pocoyo Carnival,movies,2015,pocoyo carnival,Netflix
Pocoyo Halloween: Space Halloween,movies,2015,pocoyo halloween space halloween,Netflix
Pocoyo Halloween: Spooky Movies,movies,2014,pocoyo halloween spooky movies,Netflix
Pocoyo Special Sports,movies,2016,pocoyo special sports,Netflix
Simon,kids' tv,2016,simon,Netflix
Sometimes,"dramas, international movies",2016,sometimes,Netflix
Spiritual House,"international tv shows, stand-up comedy & talk shows",2017,spiritual house,Netflix
The Clapper,"comedies, dramas, independent movies",2017,the clapper,Netflix
Toc Toc,"comedies, international movies",2017,toc toc,Netflix
Black Crows,"international tv shows, tv dramas",2017,black crows,Netflix
Running Shaadi,"comedies, international movies, romantic movies",2017,running shaadi,Netflix
The Price of Success,"dramas, international movies",2017,the price of success,Netflix
Bobby Kennedy for President,docuseries,2018,bobby kennedy for president,Netflix
Candy Jar,"children & family movies, dramas, romantic movies",2018,candy jar,Netflix
Goodnight DJ 1,"international tv shows, tv dramas, tv horror",2016,goodnight dj 1,Netflix
Holy Goalie,"comedies, international movies, sports movies",2017,holy goalie,Netflix
Moving On,"international tv shows, tv dramas",2016,moving on,Netflix
The Rachel Divide,documentaries,2018,the rachel divide,Netflix
The Week Of,comedies,2018,the week of,Netflix
Trio and a Bed,"international tv shows, romantic tv shows, tv comedies",2016,trio and a bed,Netflix
Enissa Amani: Ehrenwort,stand-up comedy,2018,enissa amani ehrenwort,Netflix
Bill Nye: Science Guy,documentaries,2017,bill nye science guy,Netflix
Fishtronaut: The Movie,children & family movies,2018,fishtronaut the movie,Netflix
Psychokinesis,"action & adventure, comedies, international movies",2018,psychokinesis,Netflix
Kevin James: Never Don't Give Up,stand-up comedy,2018,kevin james never dont give up,Netflix
Dude,"comedies, dramas, independent movies",2018,dude,Netflix
Kodachrome,"comedies, dramas",2018,kodachrome,Netflix
Mercury 13,documentaries,2018,mercury 13,Netflix
All The Reasons To Forget,"comedies, dramas, international movies",2017,all the reasons to forget,Netflix
Charité,"international tv shows, tv dramas",2017,charit,Netflix
The Chalet,"crime tv shows, international tv shows, tv dramas",2018,the chalet,Netflix
The Honeymoon Stand Up Special,"stand-up comedy & talk shows, tv comedies",2018,the honeymoon stand up special,Netflix
Beyond Skyline,"action & adventure, sci-fi & fantasy",2017,beyond skyline,Netflix
Come Sunday,"dramas, faith & spirituality, independent movies",2018,come sunday,Netflix
I Am not an Easy Man,"comedies, international movies, romantic movies",2018,i am not an easy man,Netflix
The Magic School Bus Rides Again,kids' tv,2018,the magic school bus rides again,Netflix
Pickpockets,"dramas, independent movies, international movies",2017,pickpockets,Netflix
Greg Davies: You Magnificent Beast,stand-up comedy,2018,greg davies you magnificent beast,Netflix
AMO,"international tv shows, tv dramas",2017,amo,Netflix
6 Balloons,"dramas, independent movies",2018,6 balloons,Netflix
Amateur,"dramas, independent movies, sports movies",2018,amateur,Netflix
Orbiter 9,"dramas, international movies, sci-fi & fantasy",2017,orbiter 9,Netflix
"Ram Dass, Going Home","documentaries, faith & spirituality",2018,ram dass going home,Netflix
Seth Rogen's Hilarity for Charity,stand-up comedy,2018,seth rogens hilarity for charity,Netflix
Sun Dogs,"comedies, dramas, independent movies",2017,sun dogs,Netflix
Todo lo que sería Lucas Lauriente,stand-up comedy,2018,todo lo que sera lucas lauriente,Netflix
Troy,"british tv shows, international tv shows, romantic tv shows",2018,troy,Netflix
Wakfu,kids' tv,2017,wakfu,Netflix
Day of the Dead: Bloodline,"horror movies, independent movies",2018,day of the dead bloodline,Netflix
Fary Is the New Black,stand-up comedy,2018,fary is the new black,Netflix
Ittefaq,"dramas, international movies, thrillers",2017,ittefaq,Netflix
Star Trek: The Next Generation,"tv action & adventure, tv sci-fi & fantasy",1993,star trek the next generation,Netflix
A Sort of Family,"dramas, international movies, thrillers",2017,a sort of family,Netflix
Billu,"dramas, international movies",2009,billu,Netflix
Fallet,"crime tv shows, international tv shows, tv comedies",2017,fallet,Netflix
John Mulaney: New in Town,stand-up comedy,2012,john mulaney new in town,Netflix
Loaded,"british tv shows, international tv shows, tv comedies",2017,loaded,Netflix
Main Hoon Na,"action & adventure, comedies, dramas",2004,main hoon na,Netflix
Metro,"dramas, international movies, thrillers",2016,metro,Netflix
Om Shanti Om,"comedies, dramas, international movies",2007,om shanti om,Netflix
Paheli,"dramas, international movies, romantic movies",2005,paheli,Netflix
Phir Bhi Dil Hai Hindustani,"comedies, dramas, international movies",2000,phir bhi dil hai hindustani,Netflix
Doctor Foster,"british tv shows, international tv shows, romantic tv shows",2017,doctor foster,Netflix
Revolt,"action & adventure, sci-fi & fantasy",2017,revolt,Netflix
First Match,"dramas, independent movies, sports movies",2018,first match,Netflix
Happy Anniversary,"comedies, romantic movies",2018,happy anniversary,Netflix
Rapture,docuseries,2018,rapture,Netflix
Sofía Niño de Rivera: Selección Natural,stand-up comedy,2018,sofa nio de rivera seleccin natural,Netflix
The Titan,"dramas, sci-fi & fantasy, thrillers",2018,the titan,Netflix
Trailer Park Boys,"classic & cult tv, crime tv shows, international tv shows",2018,trailer park boys,Netflix
Trailer Park Boys: Countdown to Liquor Day,"comedies, cult movies",2009,trailer park boys countdown to liquor day,Netflix
Trailer Park Boys: The Movie,"comedies, cult movies",2006,trailer park boys the movie,Netflix
Trump: An American Dream,docuseries,2018,trump an american dream,Netflix
James Acaster: Repertoire,"british tv shows, international tv shows, stand-up comedy & talk shows",2018,james acaster repertoire,Netflix
Birdshot,"dramas, international movies, thrillers",2016,birdshot,Netflix
"Game Over, Man!","action & adventure, comedies",2018,game over man,Netflix
Layla M.,"dramas, international movies",2016,layla m,Netflix
Paradox,"dramas, independent movies, music & musicals",2018,paradox,Netflix
Requiem,"british tv shows, international tv shows, tv dramas",2018,requiem,Netflix
Roxanne Roxanne,"dramas, music & musicals",2018,roxanne roxanne,Netflix
Secret Superstar,"dramas, international movies, music & musicals",2017,secret superstar,Netflix
The Standups,"stand-up comedy & talk shows, tv comedies",2018,the standups,Netflix
Benji,"children & family movies, dramas",2018,benji,Netflix
Edha,"international tv shows, spanish-language tv shows, tv dramas",2018,edha,Netflix
Take Your Pills,documentaries,2018,take your pills,Netflix
Wild Wild Country,"crime tv shows, docuseries",2018,wild wild country,Netflix
Yoo Byung Jae: Too Much Information,stand-up comedy,2018,yoo byung jae too much information,Netflix
In This Corner of the World,"anime features, children & family movies, international movies",2016,in this corner of the world,Netflix
Jag älskar dig: En skilsmässokomedi,"comedies, dramas, international movies",2016,jag lskar dig en skilsmssokomedi,Netflix
Secret of the Nile,"international tv shows, romantic tv shows, tv dramas",2016,secret of the nile,Netflix
Tabula Rasa,"international tv shows, tv dramas, tv mysteries",2017,tabula rasa,Netflix
The Art of Loving,"dramas, international movies",2017,the art of loving,Netflix
Steel Rain,"action & adventure, dramas, international movies",2018,steel rain,Netflix
Children of the Whales,"anime series, international tv shows",2017,children of the whales,Netflix
Ricky Gervais: Humanity,stand-up comedy,2018,ricky gervais humanity,Netflix
Stretch Armstrong: The Breakout,children & family movies,2018,stretch armstrong the breakout,Netflix
A.I.C.O.,"anime series, international tv shows",2018,aico,Netflix
Collateral,"british tv shows, crime tv shows, international tv shows",2018,collateral,Netflix
The Outsider,"dramas, thrillers",2018,the outsider,Netflix
Bad Guys: Vile City,"crime tv shows, international tv shows, korean tv shows",2018,bad guys vile city,Netflix
Ladies First,"documentaries, international movies, sports movies",2018,ladies first,Netflix
Bullet Head,"international movies, thrillers",2017,bullet head,Netflix
Borderliner,"crime tv shows, international tv shows, tv dramas",2017,borderliner,Netflix
Gad Elmaleh: American Dream,stand-up comedy,2018,gad elmaleh american dream,Netflix
Expedition China,"children & family movies, documentaries",2017,expedition china,Netflix
Flint Town,"docuseries, science & nature tv",2018,flint town,Netflix
Malena Pichot: Estupidez compleja,stand-up comedy,2018,malena pichot estupidez compleja,Netflix
Natalia Valdebenito: El especial,stand-up comedy,2018,natalia valdebenito el especial,Netflix
Ravenous,"horror movies, international movies",2017,ravenous,Netflix
21 Thunder,"crime tv shows, international tv shows, tv dramas",2017,21 thunder,Netflix
Adel Karam: Live from Beirut,stand-up comedy,2018,adel karam live from beirut,Netflix
Battle Drone,"action & adventure, independent movies, sci-fi & fantasy",2018,battle drone,Netflix
Dil Se,"dramas, international movies, romantic movies",1998,dil se,Netflix
Guru,"dramas, international movies",2007,guru,Netflix
Judwaa 2,"action & adventure, comedies, international movies",2017,judwaa 2,Netflix
Love Beats Rhymes,"dramas, music & musicals, romantic movies",2016,love beats rhymes,Netflix
Schubert In Love,"comedies, international movies",2016,schubert in love,Netflix
Shubh Aarambh,"dramas, international movies, romantic movies",2017,shubh aarambh,Netflix
Something Huge,"comedies, independent movies, international movies",2017,something huge,Netflix
Swades,"dramas, international movies",2004,swades,Netflix
Swearnet Live,"comedies, international movies",2014,swearnet live,Netflix
Trailer Park Boys Live at the North Pole,movies,2014,trailer park boys live at the north pole,Netflix
Trailer Park Boys Live In F**kin' Dublin,movies,2014,trailer park boys live in fkin dublin,Netflix
Trailer Park Boys: Say Goodnight to the Bad Guys,"comedies, cult movies",2008,trailer park boys say goodnight to the bad guys,Netflix
Trailer Park Boys: Xmas Special,movies,2004,trailer park boys xmas special,Netflix
Tu Hai Mera Sunday,"comedies, independent movies, international movies",2016,tu hai mera sunday,Netflix
Yuva,"dramas, international movies",2004,yuva,Netflix
Derren Brown: The Push,movies,2018,derren brown the push,Netflix
Marlon Wayans: Woke-ish,stand-up comedy,2018,marlon wayans wokeish,Netflix
Veronica,"horror movies, international movies, thrillers",2017,veronica,Netflix
Best Lover,"international tv shows, romantic tv shows, tv comedies",2016,best lover,Netflix
Marseille,"international tv shows, tv dramas, tv thrillers",2018,marseille,Netflix
Mute,"sci-fi & fantasy, thrillers",2018,mute,Netflix
Seven Seconds,"crime tv shows, tv dramas",2018,seven seconds,Netflix
Hitler's Circle of Evil,"british tv shows, docuseries, international tv shows",2017,hitlers circle of evil,Netflix
Forgotten,"dramas, international movies, thrillers",2017,forgotten,Netflix
The Frankenstein Chronicles,"british tv shows, crime tv shows, international tv shows",2017,the frankenstein chronicles,Netflix
FullMetal Alchemist,"action & adventure, dramas, international movies",2017,fullmetal alchemist,Netflix
Agustín Aristarán: Soy Rada,stand-up comedy,2018,agustn aristarn soy rada,Netflix
Dragons: Race to the Edge,"kids' tv, tv action & adventure",2018,dragons race to the edge,Netflix
Everything Sucks!,"tv comedies, tv dramas, teen tv shows",2018,everything sucks,Netflix
Irreplaceable You,"dramas, romantic movies",2018,irreplaceable you,Netflix
Re:Mind,"international tv shows, tv dramas, tv mysteries",2017,remind,Netflix
Chris Rock: Tamborine,stand-up comedy,2018,chris rock tamborine,Netflix
Love Per Square Foot,"comedies, international movies, romantic movies",2018,love per square foot,Netflix
Seeing Allred,documentaries,2018,seeing allred,Netflix
The Ritual,"horror movies, international movies, thrillers",2018,the ritual,Netflix
The Trader (Sovdagari),"documentaries, international movies",2018,the trader sovdagari,Netflix
When We First Met,"comedies, romantic movies",2018,when we first met,Netflix
Fred Armisen: Standup For Drummers,"music & musicals, stand-up comedy",2018,fred armisen standup for drummers,Netflix
Valor,"tv action & adventure, tv dramas",2017,valor,Netflix
The Cloverfield Paradox,"action & adventure, sci-fi & fantasy",2018,the cloverfield paradox,Netflix
Coach Snoop,"docuseries, reality tv",2018,coach snoop,Netflix
Kavin Jay: Everybody Calm Down!,stand-up comedy,2018,kavin jay everybody calm down,Netflix
On Body and Soul,"dramas, international movies, romantic movies",2017,on body and soul,Netflix
The Bros,"comedies, dramas, international movies",2017,the bros,Netflix
Liberated: The New Sexual Revolution,documentaries,2017,liberated the new sexual revolution,Netflix
Newness,"dramas, independent movies, romantic movies",2017,newness,Netflix
Under Arrest,"crime tv shows, docuseries, international tv shows",2016,under arrest,Netflix
Expedition Happiness,"documentaries, international movies",2017,expedition happiness,Netflix
Jerry Seinfeld: I'm Telling You for the Last Time,stand-up comedy,1998,jerry seinfeld im telling you for the last time,Netflix
Retribution,"british tv shows, crime tv shows, international tv shows",2016,retribution,Netflix
Holy Camp!,"comedies, dramas, faith & spirituality",2017,holy camp,Netflix
A Futile and Stupid Gesture,comedies,2018,a futile and stupid gesture,Netflix
Fakkah Fuzz: Almost Banned,stand-up comedy,2018,fakkah fuzz almost banned,Netflix
Mau Nieto: Viviendo sobrio… desde el bar,stand-up comedy,2018,mau nieto viviendo sobrio desde el bar,Netflix
Sebastián Marcelo Wainraich,stand-up comedy,2018,sebastin marcelo wainraich,Netflix
The Adventures of Puss in Boots,"kids' tv, tv comedies",2018,the adventures of puss in boots,Netflix
Acts of Vengeance,"action & adventure, international movies",2017,acts of vengeance,Netflix
Prison Playbook,"international tv shows, korean tv shows, tv comedies",2017,prison playbook,Netflix
Ricardo Quevedo: Hay gente así,stand-up comedy,2018,ricardo quevedo hay gente as,Netflix
Todd Glass: Act Happy,stand-up comedy,2018,todd glass act happy,Netflix
Countdown to Death: Pablo Escobar,"documentaries, international movies",2017,countdown to death pablo escobar,Netflix
The Shannara Chronicles,"tv action & adventure, tv dramas, tv sci-fi & fantasy",2018,the shannara chronicles,Netflix
Love and Hong Kong,"international tv shows, romantic tv shows, tv dramas",2017,love and hong kong,Netflix
Harith Iskander: I Told You So,stand-up comedy,2018,harith iskander i told you so,Netflix
Step Sisters,comedies,2018,step sisters,Netflix
The Open House,"horror movies, thrillers",2018,the open house,Netflix
Bad Day for the Cut,"independent movies, international movies, thrillers",2017,bad day for the cut,Netflix
Tiempos de guerra,"international tv shows, romantic tv shows, spanish-language tv shows",2017,tiempos de guerra,Netflix
Arango y Sanint: Ríase el show,stand-up comedy,2018,arango y sanint rase el show,Netflix
Godzilla,tv shows,2017,godzilla,Netflix
Katt Williams: Great America,stand-up comedy,2018,katt williams great america,Netflix
Alibaba Aur 40 Chor,"action & adventure, international movies, sci-fi & fantasy",1980,alibaba aur 40 chor,Netflix
Pyar Ke Do Pal,"dramas, international movies, music & musicals",1986,pyar ke do pal,Netflix
Rip Tide,"children & family movies, dramas, sports movies",2017,rip tide,Netflix
Disjointed,tv comedies,2018,disjointed,Netflix
Milada,"dramas, international movies",2017,milada,Netflix
The Polka King,"comedies, independent movies",2018,the polka king,Netflix
The Reservoir Game,"documentaries, international movies",2017,the reservoir game,Netflix
Tom Segura: Disgraceful,stand-up comedy,2018,tom segura disgraceful,Netflix
Alejandro Riaño: Especial de stand up,stand-up comedy,2018,alejandro riao especial de stand up,Netflix
The House Next Door,"horror movies, international movies, thrillers",2017,the house next door,Netflix
Tundukkan Playboy Itu,"international tv shows, romantic tv shows, tv comedies",2016,tundukkan playboy itu,Netflix
Episodes,"classic & cult tv, tv comedies",2017,episodes,Netflix
Before I Wake,"horror movies, thrillers",2016,before i wake,Netflix
Devilman Crybaby,"anime series, international tv shows, tv horror",2018,devilman crybaby,Netflix
Mustang Island,"comedies, dramas, independent movies",2017,mustang island,Netflix
Eve's Apple,"documentaries, international movies",2017,eves apple,Netflix
Fullmetal Alchemist: Brotherhood,"anime series, international tv shows",2010,fullmetal alchemist brotherhood,Netflix
Lovesick,"british tv shows, international tv shows, romantic tv shows",2018,lovesick,Netflix
Pokémon: Indigo League,"anime series, kids' tv",2000,pokmon indigo league,Netflix
The Frozen Dead,"crime tv shows, international tv shows, tv dramas",2017,the frozen dead,Netflix
Dave Chappelle: Equanimity & The Bird Revelation,"stand-up comedy & talk shows, tv comedies",2017,dave chappelle equanimity  the bird revelation,Netflix
Fun Mom Dinner,"comedies, international movies",2017,fun mom dinner,Netflix
Goon: Last of the Enforcers,"comedies, international movies, sports movies",2016,goon last of the enforcers,Netflix
La Mante,"crime tv shows, international tv shows, tv dramas",2017,la mante,Netflix
The Climb,"action & adventure, comedies, dramas",2017,the climb,Netflix
Wadi,"international tv shows, tv dramas",2015,wadi,Netflix
Bibi & Tina: Tohuwabohu Total,"children & family movies, music & musicals",2017,bibi  tina tohuwabohu total,Netflix
Mr. Roosevelt,"comedies, independent movies",2017,mr roosevelt,Netflix
Todd Barry: Spicy Honey,stand-up comedy,2017,todd barry spicy honey,Netflix
Part-Time Idol,"international tv shows, korean tv shows, tv comedies",2017,parttime idol,Netflix
Creep 2,"horror movies, independent movies, thrillers",2017,creep 2,Netflix
Myths & Monsters,"british tv shows, docuseries",2017,myths  monsters,Netflix
72 Dangerous Animals: Latin America,"docuseries, international tv shows, science & nature tv",2017,72 dangerous animals latin america,Netflix
Bright,"action & adventure, sci-fi & fantasy",2017,bright,Netflix
Desire,"dramas, international movies, romantic movies",2017,desire,Netflix
48 Christmas Wishes,"children & family movies, comedies",2017,48 christmas wishes,Netflix
Jeremiah Tower: The Last Magnificent,documentaries,2016,jeremiah tower the last magnificent,Netflix
Russell Howard: Recalibrate,stand-up comedy,2017,russell howard recalibrate,Netflix
The Indian Detective,"crime tv shows, international tv shows, tv comedies",2017,the indian detective,Netflix
"Hello, My Twenties!","international tv shows, korean tv shows, romantic tv shows",2017,hello my twenties,Netflix
Cheuk Wan-Chi: Two Night Stand,"international tv shows, stand-up comedy & talk shows, tv comedies",2015,cheuk wanchi two night stand,Netflix
Christmas Inheritance,"dramas, international movies, romantic movies",2017,christmas inheritance,Netflix
Muramba,"comedies, dramas, international movies",2017,muramba,Netflix
Pottersville,"comedies, independent movies",2017,pottersville,Netflix
Seoul Searching,"comedies, dramas, international movies",2015,seoul searching,Netflix
Wormwood,"crime tv shows, docuseries",2017,wormwood,Netflix
Halt and Catch Fire,tv dramas,2017,halt and catch fire,Netflix
Judd Apatow: The Return,stand-up comedy,2017,judd apatow the return,Netflix
Dawai Asmara,"international tv shows, tv dramas",2016,dawai asmara,Netflix
El Camino Christmas,"comedies, dramas",2017,el camino christmas,Netflix
Jaal,"action & adventure, international movies",1986,jaal,Netflix
Shikari,"dramas, international movies, music & musicals",1991,shikari,Netflix
The Secret,"documentaries, faith & spirituality",2006,the secret,Netflix
Trolls Holiday Special,"children & family movies, comedies, music & musicals",2017,trolls holiday special,Netflix
Craig Ferguson: Tickle Fight,stand-up comedy,2017,craig ferguson tickle fight,Netflix
Jab Harry Met Sejal,"comedies, international movies, romantic movies",2017,jab harry met sejal,Netflix
Temple,"horror movies, independent movies",2017,temple,Netflix
A StoryBots Christmas,"children & family movies, comedies",2017,a storybots christmas,Netflix
All Hail King Julien,"kids' tv, tv comedies",2017,all hail king julien,Netflix
Dhia Sofea,"international tv shows, tv dramas",2015,dhia sofea,Netflix
DreamWorks Home: For the Holidays,"children & family movies, comedies, music & musicals",2017,dreamworks home for the holidays,Netflix
Kantaro: The Sweet Tooth Salaryman,"international tv shows, tv comedies",2017,kantaro the sweet tooth salaryman,Netflix
Monster Island,children & family movies,2017,monster island,Netflix
My Happy Family,"dramas, independent movies, international movies",2017,my happy family,Netflix
Oggy and the Cockroaches,"kids' tv, tv comedies",2017,oggy and the cockroaches,Netflix
Padamu Aku Bersujud,"international tv shows, romantic tv shows, tv dramas",2015,padamu aku bersujud,Netflix
The Worthy,"international movies, sci-fi & fantasy, thrillers",2016,the worthy,Netflix
TURN: Washington's Spies,tv dramas,2017,turn washingtons spies,Netflix
Voyeur,documentaries,2017,voyeur,Netflix
Man Down,"british tv shows, international tv shows, tv comedies",2017,man down,Netflix
Broadchurch,"british tv shows, crime tv shows, international tv shows",2017,broadchurch,Netflix
Poster Boys,"comedies, international movies",2017,poster boys,Netflix
Cuba and the Cameraman,documentaries,2017,cuba and the cameraman,Netflix
The Girl from the Song,"dramas, independent movies, international movies",2016,the girl from the song,Netflix
The Many Faces of Ito,"international tv shows, romantic tv shows, tv dramas",2017,the many faces of ito,Netflix
Trailer Park Boys: Out of the Park: USA,"international tv shows, tv comedies",2017,trailer park boys out of the park usa,Netflix
Bright: The Music Videos,tv shows,2017,bright the music videos,Netflix
Argon,"international tv shows, korean tv shows, tv dramas",2017,argon,Netflix
Barbra: The Music ... The Mem'ries ... The Magic!,music & musicals,2017,barbra the music  the memries  the magic,Netflix
Godless,tv dramas,2017,godless,Netflix
Beat Bugs: All Together Now,"children & family movies, music & musicals",2017,beat bugs all together now,Netflix
Brian Regan: Nunchucks and Flamethrowers,stand-up comedy,2017,brian regan nunchucks and flamethrowers,Netflix
Saving Capitalism,documentaries,2017,saving capitalism,Netflix
A Christmas Prince,"children & family movies, dramas, romantic movies",2017,a christmas prince,Netflix
"Jim & Andy: The Great Beyond - Featuring a Very Special, Contractually Obligated Mention of Tony Clifton",documentaries,2017,jim  andy the great beyond  featuring a very special contractually obligated mention of tony clifton,Netflix
Longmire,"crime tv shows, tv dramas",2017,longmire,Netflix
Luna Petunia,kids' tv,2017,luna petunia,Netflix
Mudbound,"dramas, independent movies",2017,mudbound,Netflix
Shot in the Dark,reality tv,2017,shot in the dark,Netflix
The Irregular at Magic High School,"anime series, international tv shows, teen tv shows",2014,the irregular at magic high school,Netflix
The Method,"crime tv shows, international tv shows, tv dramas",2015,the method,Netflix
DeRay Davis: How to Act Black,stand-up comedy,2017,deray davis how to act black,Netflix
Bon Cop Bad Cop 2,"action & adventure, comedies, international movies",2017,bon cop bad cop 2,Netflix
Blazing Transfer Students,"international tv shows, tv action & adventure, tv comedies",2017,blazing transfer students,Netflix
Glitter Force Doki Doki,"anime series, kids' tv",2017,glitter force doki doki,Netflix
Lady Dynamite,tv comedies,2017,lady dynamite,Netflix
Mea Culpa,stand-up comedy,2017,mea culpa,Netflix
The Killer,"action & adventure, international movies",2017,the killer,Netflix
Fate/Apocrypha,"anime series, international tv shows",2017,fateapocrypha,Netflix
Jerry Seinfeld: Comedian,documentaries,2002,jerry seinfeld comedian,Netflix
Project Mc²,kids' tv,2017,project mc,Netflix
The Journey Is the Destination,dramas,2016,the journey is the destination,Netflix
Let It Fall: Los Angeles 1982-1992,documentaries,2017,let it fall los angeles 19821992,Netflix
Mubarakan,"comedies, dramas, international movies",2017,mubarakan,Netflix
Akulah Balqis,"international tv shows, tv dramas",2015,akulah balqis,Netflix
Alias Grace,"crime tv shows, international tv shows, tv dramas",2017,alias grace,Netflix
Bandie,"action & adventure, dramas, international movies",1978,bandie,Netflix
Getaway Plan,"international movies, thrillers",2016,getaway plan,Netflix
Hajwala: The Missing Engine,"action & adventure, dramas, international movies",2016,hajwala the missing engine,Netflix
Pettersson and Findus 2,"children & family movies, comedies",2016,pettersson and findus 2,Netflix
The Bittersweet,"action & adventure, dramas, international movies",2017,the bittersweet,Netflix
The Family Court,"international tv shows, tv dramas",2010,the family court,Netflix
The Golden Path,"international tv shows, tv dramas",2007,the golden path,Netflix
The Little Nyonya,"international tv shows, tv dramas",2009,the little nyonya,Netflix
The Truth,"crime tv shows, international tv shows, tv action & adventure",2008,the truth,Netflix
Together,"international tv shows, tv dramas",2009,together,Netflix
Judah Friedlander: America Is the Greatest Country in the United States,stand-up comedy,2017,judah friedlander america is the greatest country in the united states,Netflix
The B-Side: Elsa Dorfman's Portrait Photography,documentaries,2016,the bside elsa dorfmans portrait photography,Netflix
SPF-18,"dramas, romantic movies, sports movies",2017,spf18,Netflix
Pup Star: Better 2Gether,"children & family movies, comedies",2017,pup star better 2gether,Netflix
Beyond Stranger Things,"stand-up comedy & talk shows, tv mysteries, tv sci-fi & fantasy",2017,beyond stranger things,Netflix
Joan Didion: The Center Will Not Hold,documentaries,2017,joan didion the center will not hold,Netflix
Strange Weather,"dramas, independent movies",2016,strange weather,Netflix
The Hateful Eight,"action & adventure, thrillers",2015,the hateful eight,Netflix
Jack Whitehall: At Large,stand-up comedy,2017,jack whitehall at large,Netflix
The Mist,"tv dramas, tv horror, tv mysteries",2017,the mist,Netflix
W1A,"british tv shows, tv comedies",2017,w1a,Netflix
1922,"dramas, thrillers",2017,1922,Netflix
Haters Back Off,"tv comedies, teen tv shows",2017,haters back off,Netflix
One of Us,documentaries,2017,one of us,Netflix
The Day I Met El Chapo,"crime tv shows, docuseries, international tv shows",2017,the day i met el chapo,Netflix
Wheelman,action & adventure,2017,wheelman,Netflix
Wedding Unplanned,"comedies, international movies, romantic movies",2017,wedding unplanned,Netflix
Patton Oswalt: Annihilation,stand-up comedy,2017,patton oswalt annihilation,Netflix
Baadshaho,"action & adventure, international movies",2017,baadshaho,Netflix
In Laws,"international tv shows, romantic tv shows, tv dramas",2016,in laws,Netflix
Laws of Attraction,"international tv shows, romantic tv shows, tv comedies",2012,laws of attraction,Netflix
Lucknow Central,"dramas, international movies, music & musicals",2017,lucknow central,Netflix
Belief: The Possession of Janet Moses,"documentaries, international movies",2015,belief the possession of janet moses,Netflix
Seven and Me,kids' tv,2017,seven and me,Netflix
Singapore,"comedies, dramas, international movies",1960,singapore,Netflix
West Coast Customs,"docuseries, reality tv",2015,west coast customs,Netflix
Blessed Benefit,"comedies, dramas, international movies",2016,blessed benefit,Netflix
Clair Obscur,"dramas, international movies",2016,clair obscur,Netflix
"El Especial de Alex Fernández, el Especial",stand-up comedy,2017,el especial de alex fernndez el especial,Netflix
Kingdom of Us,documentaries,2017,kingdom of us,Netflix
The Babysitter,"comedies, horror movies",2017,the babysitter,Netflix
The Meyerowitz Stories (New and Selected),"comedies, dramas, independent movies",2017,the meyerowitz stories new and selected,Netflix
Barakah Meets Barakah,"comedies, international movies, romantic movies",2016,barakah meets barakah,Netflix
Bomb Scared,"comedies, independent movies, international movies",2017,bomb scared,Netflix
Christina P: Mother Inferior,stand-up comedy,2017,christina p mother inferior,Netflix
ID-0,"anime series, international tv shows",2017,id0,Netflix
Kibaoh Klashers,kids' tv,2017,kibaoh klashers,Netflix
The Death and Life of Marsha P. Johnson,"documentaries, lgbtq movies",2017,the death and life of marsha p johnson,Netflix
Rodney Carrington: Here Comes the Truth,stand-up comedy,2017,rodney carrington here comes the truth,Netflix
26 Years,"dramas, international movies, thrillers",2012,26 years,Netflix
Beyblade Burst,"anime series, kids' tv",2016,beyblade burst,Netflix
Equestria Girls: Tales of Canterlot High,"kids' tv, tv comedies",2017,equestria girls tales of canterlot high,Netflix
For Your Own Good,"comedies, international movies",2017,for your own good,Netflix
Franca: Chaos and Creation,"documentaries, international movies",2016,franca chaos and creation,Netflix
Generation Iron 2,"documentaries, sports movies",2017,generation iron 2,Netflix
Ghost Patrol,"children & family movies, comedies",2016,ghost patrol,Netflix
Justice in the City,"international tv shows, tv dramas",2012,justice in the city,Netflix
Noddy Toyland Detective,kids' tv,2016,noddy toyland detective,Netflix
Star Trek: Enterprise,"classic & cult tv, tv action & adventure, tv sci-fi & fantasy",2004,star trek enterprise,Netflix
Star Trek: Voyager,"tv action & adventure, tv sci-fi & fantasy",2000,star trek voyager,Netflix
Sudden,"international tv shows, romantic tv shows, tv dramas",2013,sudden,Netflix
The Dream Catchers,"international tv shows, romantic tv shows, tv dramas",2009,the dream catchers,Netflix
The Lion Woman,"dramas, international movies",2016,the lion woman,Netflix
Verónica,"dramas, independent movies, international movies",2017,vernica,Netflix
What She Put on the Table,"international tv shows, tv dramas",2017,what she put on the table,Netflix
The Royal House of Windsor,"british tv shows, docuseries, international tv shows",2017,the royal house of windsor,Netflix
Gerald's Game,"horror movies, thrillers",2017,geralds game,Netflix
Long Shot,documentaries,2017,long shot,Netflix
Mak Cun,"international tv shows, tv comedies, tv dramas",2015,mak cun,Netflix
Our Souls at Night,"dramas, romantic movies",2017,our souls at night,Netflix
Out of Thin Air,"documentaries, international movies",2017,out of thin air,Netflix
Paul Hollywood's Big Continental Road Trip,"british tv shows, docuseries, international tv shows",2017,paul hollywoods big continental road trip,Netflix
Real Rob,tv comedies,2017,real rob,Netflix
Satu Hari,"international tv shows, tv dramas",2014,satu hari,Netflix
Much Loved,"dramas, independent movies, international movies",2015,much loved,Netflix
Def Comedy Jam 25,stand-up comedy,2017,def comedy jam 25,Netflix
Terrace House: Aloha State,"international tv shows, reality tv",2017,terrace house aloha state,Netflix
Dark Matter,"tv sci-fi & fantasy, tv thrillers",2017,dark matter,Netflix
Swearnet: The Movie,"comedies, international movies",2014,swearnet the movie,Netflix
The Bar,"comedies, horror movies, international movies",2017,the bar,Netflix
Gaga: Five Foot Two,"documentaries, music & musicals",2017,gaga five foot two,Netflix
The Bad Batch,"dramas, independent movies, thrillers",2016,the bad batch,Netflix
Jerry Before Seinfeld,stand-up comedy,2017,jerry before seinfeld,Netflix
Barbie Dolphin Magic,children & family movies,2017,barbie dolphin magic,Netflix
First They Killed My Father,dramas,2017,first they killed my father,Netflix
Strong Island,documentaries,2017,strong island,Netflix
VeggieTales in the City,kids' tv,2017,veggietales in the city,Netflix
Ghost of the Mountains,"children & family movies, documentaries",2017,ghost of the mountains,Netflix
Offspring,"tv comedies, tv dramas",2017,offspring,Netflix
Jeff Dunham: Relative Disaster,stand-up comedy,2017,jeff dunham relative disaster,Netflix
#realityhigh,comedies,2017,realityhigh,Netflix
Apaches,"crime tv shows, international tv shows, spanish-language tv shows",2016,apaches,Netflix
Fabrizio Copano: Solo pienso en mi,stand-up comedy,2017,fabrizio copano solo pienso en mi,Netflix
Fire Chasers,"docuseries, science & nature tv",2017,fire chasers,Netflix
Joaquín Reyes: Una y no más,stand-up comedy,2017,joaqun reyes una y no ms,Netflix
Carrie Pilby,"comedies, dramas",2016,carrie pilby,Netflix
Marc Maron: Too Real,stand-up comedy,2017,marc maron too real,Netflix
No Tomorrow,"romantic tv shows, tv comedies, tv dramas",2016,no tomorrow,Netflix
Reign,tv dramas,2017,reign,Netflix
Frequency,"crime tv shows, tv dramas, tv mysteries",2016,frequency,Netflix
The Vampire Diaries,"tv dramas, tv mysteries, tv sci-fi & fantasy",2016,the vampire diaries,Netflix
A Boy Name Flora A,"international tv shows, tv comedies, tv dramas",2017,a boy name flora a,Netflix
A House of Blocks,"international tv shows, tv dramas, tv horror",2017,a house of blocks,Netflix
Aakhri Adaalat,"action & adventure, international movies",1988,aakhri adaalat,Netflix
"Alias JJ, la celebridad del mal","documentaries, international movies",2017,alias jj la celebridad del mal,Netflix
Berserk: The Golden Age Arc II - The Battle for Doldrey,"action & adventure, anime features, international movies",2012,berserk the golden age arc ii  the battle for doldrey,Netflix
Berserk: The Golden Age Arc III - The Advent,"action & adventure, anime features, international movies",2013,berserk the golden age arc iii  the advent,Netflix
Brother's Shadow,"dramas, independent movies",2006,brothers shadow,Netflix
Chadi Jawani Budhe Nu,"comedies, international movies, romantic movies",1976,chadi jawani budhe nu,Netflix
Ek Jaan Hain Hum,"dramas, international movies, music & musicals",1983,ek jaan hain hum,Netflix
FINAL FANTASY XIV Dad of Light,"international tv shows, tv dramas",2017,final fantasy xiv dad of light,Netflix
Gurren Lagann,"anime series, international tv shows",2007,gurren lagann,Netflix
High Risk,"docuseries, reality tv",1988,high risk,Netflix
Khoon Khoon,"action & adventure, international movies",1973,khoon khoon,Netflix
LEGO Elves: Secrets of Elvendale,kids' tv,2017,lego elves secrets of elvendale,Netflix
Little Evil,"comedies, horror movies",2017,little evil,Netflix
Manoranjan,"comedies, international movies, music & musicals",1974,manoranjan,Netflix
Mujrim,"action & adventure, dramas, international movies",1989,mujrim,Netflix
Narcos,"crime tv shows, tv action & adventure, tv dramas",2017,narcos,Netflix
Offline - Das leben ist kein bonuslevel,"action & adventure, comedies, international movies",2016,offline  das leben ist kein bonuslevel,Netflix
Resurface,"documentaries, sports movies",2017,resurface,Netflix
Rocco,"documentaries, international movies",2016,rocco,Netflix
Sohni Mahiwal,"dramas, international movies, romantic movies",1984,sohni mahiwal,Netflix
The Distinguished Citizen,"comedies, dramas, international movies",2016,the distinguished citizen,Netflix
The Guardian Brothers,"children & family movies, comedies",2016,the guardian brothers,Netflix
The Last Shaman,"documentaries, international movies",2016,the last shaman,Netflix
The Lost Brother,"dramas, international movies",2017,the lost brother,Netflix
Todo Sobre El Asado,"documentaries, international movies",2016,todo sobre el asado,Netflix
Ryan Hamilton: Happy Face,stand-up comedy,2017,ryan hamilton happy face,Netflix
Buster's Mal Heart,"independent movies, thrillers",2016,busters mal heart,Netflix
Berlin Syndrome,"international movies, thrillers",2017,berlin syndrome,Netflix
Death Note,"horror movies, thrillers",2017,death note,Netflix
Lynne Koplitz: Hormonal Beast,stand-up comedy,2017,lynne koplitz hormonal beast,Netflix
Dinotrux,kids' tv,2017,dinotrux,Netflix
Marvel's The Defenders,"crime tv shows, tv action & adventure, tv dramas",2017,marvels the defenders,Netflix
Undefeated,"documentaries, sports movies",2011,undefeated,Netflix
What Happened to Monday,"action & adventure, sci-fi & fantasy",2017,what happened to monday,Netflix
20 Minutes,"crime tv shows, international tv shows, tv dramas",2013,20 minutes,Netflix
Brad Paisley's Comedy Rodeo,"music & musicals, stand-up comedy",2017,brad paisleys comedy rodeo,Netflix
Colin Quinn: Unconstitutional,stand-up comedy,2015,colin quinn unconstitutional,Netflix
Million Yen Women,"crime tv shows, international tv shows, tv dramas",2017,million yen women,Netflix
The Outcasts,comedies,2017,the outcasts,Netflix
Chocolate City: Vegas Strip,dramas,2017,chocolate city vegas strip,Netflix
Los Herederos,"dramas, international movies",2015,los herederos,Netflix
Naked,"comedies, romantic movies",2017,naked,Netflix
Demonic,"horror movies, independent movies",2015,demonic,Netflix
The Saint,action & adventure,2017,the saint,Netflix
Baahubali 2: The Conclusion (Hindi Version),"action & adventure, dramas, international movies",2017,baahubali 2 the conclusion hindi version,Netflix
Baahubali 2: The Conclusion (Malayalam Version),"action & adventure, dramas, international movies",2017,baahubali 2 the conclusion malayalam version,Netflix
Baahubali 2: The Conclusion (Tamil Version),"action & adventure, dramas, international movies",2017,baahubali 2 the conclusion tamil version,Netflix
Baahubali: The Beginning (Hindi Version),"action & adventure, dramas, international movies",2015,baahubali the beginning hindi version,Netflix
Baahubali: The Beginning (Malayalam Version),"action & adventure, dramas, international movies",2015,baahubali the beginning malayalam version,Netflix
Baahubali: The Beginning (Tamil Version),"action & adventure, dramas, international movies",2015,baahubali the beginning tamil version,Netflix
LEGO Marvel Super Heroes: Avengers Reassembled!,children & family movies,2015,lego marvel super heroes avengers reassembled,Netflix
Enter the Warriors Gate,"action & adventure, international movies, sci-fi & fantasy",2016,enter the warriors gate,Netflix
Alan Saldaña: Mi vida de pobre,stand-up comedy,2017,alan saldaa mi vida de pobre,Netflix
Icarus,"documentaries, sports movies",2017,icarus,Netflix
Message from the King,"independent movies, thrillers",2017,message from the king,Netflix
Wet Hot American Summer: Ten Years Later,tv comedies,2017,wet hot american summer ten years later,Netflix
The Invisible Guardian,"international movies, thrillers",2017,the invisible guardian,Netflix
Bountiful Blessings,"international tv shows, tv dramas, tv sci-fi & fantasy",2011,bountiful blessings,Netflix
Close Your Eyes Before It’s Dark,"crime tv shows, international tv shows, tv dramas",2016,close your eyes before its dark,Netflix
Entangled,"international tv shows, tv dramas",2014,entangled,Netflix
Fartsa,"crime tv shows, international tv shows, tv dramas",2015,fartsa,Netflix
Handsome Devil,"comedies, dramas, international movies",2016,handsome devil,Netflix
"Have You Ever Fallen in Love, Miss Jiang?","crime tv shows, international tv shows, tv dramas",2016,have you ever fallen in love miss jiang,Netflix
Jessica Darling's It List,"children & family movies, comedies",2016,jessica darlings it list,Netflix
Life Plan A and B,"international tv shows, romantic tv shows, tv dramas",2016,life plan a and b,Netflix
Locust,"crime tv shows, international tv shows, romantic tv shows",2014,locust,Netflix
Love Storm,"international tv shows, romantic tv shows, tv comedies",2016,love storm,Netflix
Maz Jobrani: Immigrant,stand-up comedy,2017,maz jobrani immigrant,Netflix
Opening Night,"comedies, independent movies, music & musicals",2016,opening night,Netflix
Raising the Bar,"children & family movies, dramas, sports movies",2016,raising the bar,Netflix
Surviving Escobar - Alias JJ,"crime tv shows, international tv shows, spanish-language tv shows",2017,surviving escobar  alias jj,Netflix
The Blind Christ,"dramas, independent movies, international movies",2016,the blind christ,Netflix
The In-Laws,"international tv shows, tv dramas",2011,the inlaws,Netflix
The IT Crowd,"british tv shows, classic & cult tv, international tv shows",2013,the it crowd,Netflix
Un plus une,"comedies, dramas, international movies",2015,un plus une,Netflix
Vexed,"british tv shows, crime tv shows, international tv shows",2012,vexed,Netflix
World War II in Colour,"british tv shows, docuseries, international tv shows",2009,world war ii in colour,Netflix
Daughters of Destiny,docuseries,2017,daughters of destiny,Netflix
The Incredible Jessica James,"comedies, independent movies, romantic movies",2017,the incredible jessica james,Netflix
Joe Mande’s Award-Winning Comedy Special,stand-up comedy,2017,joe mandes awardwinning comedy special,Netflix
I Called Him Morgan,"documentaries, music & musicals",2016,i called him morgan,Netflix
Aditi Mittal: Things They Wouldn't Let Me Say,stand-up comedy,2017,aditi mittal things they wouldnt let me say,Netflix
Ari Shaffir: Double Negative,stand-up comedy & talk shows,2017,ari shaffir double negative,Netflix
Uncertain Glory,"dramas, international movies",2017,uncertain glory,Netflix
Amar,"dramas, international movies, romantic movies",2017,amar,Netflix
Buddy Thunderstruck: The Maybe Pile,"children & family movies, comedies",2017,buddy thunderstruck the maybe pile,Netflix
Chasing Coral,documentaries,2017,chasing coral,Netflix
To the Bone,"dramas, independent movies",2017,to the bone,Netflix
D.L. Hughley: Clear,stand-up comedy,2014,dl hughley clear,Netflix
Tom Segura: Completely Normal,stand-up comedy,2014,tom segura completely normal,Netflix
Dawn of the Croods,kids' tv,2017,dawn of the croods,Netflix
Degrassi: Next Class,"international tv shows, tv dramas, teen tv shows",2017,degrassi next class,Netflix
Diamond Lover,"international tv shows, romantic tv shows, tv dramas",2015,diamond lover,Netflix
King’s War,"international tv shows, tv dramas",2012,kings war,Netflix
Qin Empire: Alliance,"international tv shows, tv dramas",2012,qin empire alliance,Netflix
Take Me,"comedies, independent movies",2017,take me,Netflix
The Legend of Bruce Lee,"international tv shows, tv action & adventure, tv dramas",2008,the legend of bruce lee,Netflix
10 jours en or,"comedies, dramas, international movies",2012,10 jours en or,Netflix
46,"international tv shows, tv dramas, tv mysteries",2016,46,Netflix
A 2nd Chance,"children & family movies, dramas, sports movies",2011,a 2nd chance,Netflix
Against the Tide,"crime tv shows, international tv shows, tv dramas",2014,against the tide,Netflix
Amrapali,"dramas, international movies, music & musicals",1966,amrapali,Netflix
Barbie Life in the Dreamhouse,"kids' tv, tv comedies",2012,barbie life in the dreamhouse,Netflix
Breakout,"international tv shows, tv dramas",2010,breakout,Netflix
Hans Teeuwen: Real Rancour,stand-up comedy,2018,hans teeuwen real rancour,Netflix
Intersection,"international tv shows, romantic tv shows, tv dramas",2016,intersection,Netflix
Lal Patthar,"classic movies, dramas, international movies",1971,lal patthar,Netflix
Learning Songs by Little Baby Bum: Nursery Rhyme Friends,"british tv shows, kids' tv",2015,learning songs by little baby bum nursery rhyme friends,Netflix
Liar's Dice,"dramas, independent movies, international movies",2013,liars dice,Netflix
Mystic Whispers,"international tv shows, tv dramas, tv horror",2014,mystic whispers,Netflix
Professor,"comedies, dramas, international movies",1962,professor,Netflix
Spice Up,"international tv shows, romantic tv shows, tv dramas",2014,spice up,Netflix
The Invisible Guest,"international movies, thrillers",2016,the invisible guest,Netflix
The Oath,"international tv shows, romantic tv shows, tv dramas",2011,the oath,Netflix
The Truth Seekers,"crime tv shows, international tv shows, tv dramas",2016,the truth seekers,Netflix
The Ultimatum,"international tv shows, tv dramas",2009,the ultimatum,Netflix
Unriddle,"crime tv shows, international tv shows, tv dramas",2012,unriddle,Netflix
World at Your Feet,"international tv shows, tv dramas",2014,world at your feet,Netflix
Yaar Gaddar,"dramas, international movies",1994,yaar gaddar,Netflix
Yes We Can!,"international tv shows, tv dramas",2014,yes we can,Netflix
Yours Fatefully,"international tv shows, romantic tv shows, tv comedies",2012,yours fatefully,Netflix
Zipi & Zape y la Isla del Capitan,"children & family movies, comedies",2016,zipi  zape y la isla del capitan,Netflix
Criminal Minds,"crime tv shows, tv dramas, tv mysteries",2017,criminal minds,Netflix
Gypsy,tv dramas,2017,gypsy,Netflix
Little Witch Academia,"anime series, international tv shows",2017,little witch academia,Netflix
Okja,"action & adventure, comedies, dramas",2017,okja,Netflix
Chris D'Elia: Man on Fire,stand-up comedy,2017,chris delia man on fire,Netflix
I Am Michael,"dramas, lgbtq movies",2015,i am michael,Netflix
Nobody Speak: Trials of the Free Press,documentaries,2017,nobody speak trials of the free press,Netflix
You Get Me,"dramas, thrillers",2017,you get me,Netflix
Dangal,"dramas, international movies, sports movies",2016,dangal,Netflix
Young & Hungry,tv comedies,2017,young  hungry,Netflix
Pac-Man and the Ghostly Adventures,"kids' tv, tv comedies",2014,pacman and the ghostly adventures,Netflix
Puss in Book: Trapped in an Epic Tale,"children & family movies, comedies",2017,puss in book trapped in an epic tale,Netflix
Rory Scovel Tries Stand-Up for the First Time,stand-up comedy,2017,rory scovel tries standup for the first time,Netflix
Aquarius,"crime tv shows, tv dramas",2016,aquarius,Netflix
Counterpunch,"documentaries, sports movies",2017,counterpunch,Netflix
What the Health,documentaries,2017,what the health,Netflix
World of Winx,kids' tv,2017,world of winx,Netflix
Kanavu Variyam,"comedies, dramas, international movies",2017,kanavu variyam,Netflix
Marco Luque: Tamo Junto,stand-up comedy,2017,marco luque tamo junto,Netflix
The Russian Revolution,documentaries,2017,the russian revolution,Netflix
"Oh, Hello On Broadway",stand-up comedy,2017,oh hello on broadway,Netflix
28 Moons,"international tv shows, korean tv shows, romantic tv shows",2016,28 moons,Netflix
Magic Phone,"international tv shows, korean tv shows, romantic tv shows",2016,magic phone,Netflix
Man to Man,"crime tv shows, international tv shows, korean tv shows",2017,man to man,Netflix
My Little Baby,"crime tv shows, international tv shows, korean tv shows",2016,my little baby,Netflix
Singles Villa,"international tv shows, romantic tv shows, tv dramas",2015,singles villa,Netflix
Under the Black Moonlight,"international tv shows, korean tv shows, tv dramas",2016,under the black moonlight,Netflix
My Only Love Song,"international tv shows, korean tv shows, romantic tv shows",2017,my only love song,Netflix
Shimmer Lake,"dramas, independent movies, thrillers",2017,shimmer lake,Netflix
The Wishing Tree,"children & family movies, dramas, music & musicals",2017,the wishing tree,Netflix
Headshot,"action & adventure, international movies",2016,headshot,Netflix
1898: Our Last Men in the Philippines,"dramas, international movies",2016,1898 our last men in the philippines,Netflix
Crashing,"british tv shows, international tv shows, romantic tv shows",2016,crashing,Netflix
Flaked,"tv comedies, tv dramas",2017,flaked,Netflix
Lucid Dream,"international movies, sci-fi & fantasy, thrillers",2017,lucid dream,Netflix
Aashik Awara,"dramas, international movies, music & musicals",1993,aashik awara,Netflix
Amelia: A Tale of Two Sisters,documentaries,2017,amelia a tale of two sisters,Netflix
Catfight,"comedies, independent movies",2016,catfight,Netflix
How to Stage a Coup,documentaries,2017,how to stage a coup,Netflix
Jackie: A Tale of Two Sisters,documentaries,2017,jackie a tale of two sisters,Netflix
Lens,"dramas, independent movies, international movies",2015,lens,Netflix
Little Boxes,"comedies, dramas, independent movies",2016,little boxes,Netflix
Love.com,"comedies, international movies, romantic movies",2017,lovecom,Netflix
Maya Memsaab,"dramas, international movies, music & musicals",1993,maya memsaab,Netflix
Michael Lost and Found,"documentaries, international movies, lgbtq movies",2017,michael lost and found,Netflix
Mind Game,"crime tv shows, international tv shows, tv dramas",2015,mind game,Netflix
Miniforce,"kids' tv, korean tv shows",2016,miniforce,Netflix
Off Camera,stand-up comedy & talk shows,2015,off camera,Netflix
Oh Darling Yeh Hai India,"action & adventure, comedies, international movies",1995,oh darling yeh hai india,Netflix
Prince,"dramas, international movies, romantic movies",1969,prince,Netflix
Qila,"dramas, international movies",1998,qila,Netflix
Smoke & Mirrors,"dramas, international movies, thrillers",2016,smoke  mirrors,Netflix
The Day Will Come,"international tv shows, tv dramas",2016,the day will come,Netflix
The Dream Job,"international tv shows, tv dramas",2016,the dream job,Netflix
The Mitfords: A Tale of Two Sisters,documentaries,2017,the mitfords a tale of two sisters,Netflix
Without Gorky,documentaries,2011,without gorky,Netflix
Sarah Silverman A Speck of Dust,stand-up comedy,2017,sarah silverman a speck of dust,Netflix
Rangoon,"action & adventure, dramas, international movies",2017,rangoon,Netflix
Bloodline,"tv dramas, tv mysteries, tv thrillers",2017,bloodline,Netflix
Joshua: Teenager vs. Superpower,documentaries,2017,joshua teenager vs superpower,Netflix
Raees,"action & adventure, dramas, international movies",2017,raees,Netflix
War Machine,"comedies, dramas",2017,war machine,Netflix
Arès,"action & adventure, international movies, sci-fi & fantasy",2016,ars,Netflix
Hasan Minhaj: Homecoming King,stand-up comedy,2017,hasan minhaj homecoming king,Netflix
BLAME!,"action & adventure, anime features, international movies",2017,blame,Netflix
Highland: Thailand's Marijuana Awakening,"docuseries, international tv shows",2017,highland thailands marijuana awakening,Netflix
Laerte-se,"documentaries, international movies, lgbtq movies",2017,laertese,Netflix
The Keepers,"crime tv shows, docuseries, tv mysteries",2017,the keepers,Netflix
Tracy Morgan: Staying Alive,stand-up comedy,2017,tracy morgan staying alive,Netflix
Chamatkar,"comedies, international movies, sci-fi & fantasy",1992,chamatkar,Netflix
Kabhi Haan Kabhi Naa,"comedies, dramas, international movies",1994,kabhi haan kabhi naa,Netflix
Lovesong,"dramas, independent movies, romantic movies",2016,lovesong,Netflix
Natascha Kampusch: The Whole Story,movies,2010,natascha kampusch the whole story,Netflix
Ram Jaane,"dramas, international movies, music & musicals",1995,ram jaane,Netflix
The Devil's Mistress,"dramas, international movies",2016,the devils mistress,Netflix
Wild Oats,comedies,2016,wild oats,Netflix
All Hail King Julien: Exiled,"kids' tv, tv action & adventure, tv comedies",2017,all hail king julien exiled,Netflix
Get Me Roger Stone,documentaries,2017,get me roger stone,Netflix
Mindhorn,"comedies, cult movies, independent movies",2017,mindhorn,Netflix
Sahara,children & family movies,2017,sahara,Netflix
"Norm Macdonald: Hitler's Dog, Gossip & Trickery",stand-up comedy,2017,norm macdonald hitlers dog gossip  trickery,Netflix
Handsome: A Netflix Mystery Movie,comedies,2017,handsome a netflix mystery movie,Netflix
Kazoops!,kids' tv,2017,kazoops,Netflix
Simplemente Manu NNa,stand-up comedy,2017,simplemente manu nna,Netflix
The Mars Generation,"children & family movies, documentaries",2017,the mars generation,Netflix
Maria Bamford: Old Baby,stand-up comedy,2017,maria bamford old baby,Netflix
A Yellow Bird,"dramas, independent movies, international movies",2016,a yellow bird,Netflix
Chaahat,"dramas, international movies, romantic movies",1996,chaahat,Netflix
English Babu Desi Mem,"comedies, dramas, international movies",1996,english babu desi mem,Netflix
He Even Has Your Eyes,"comedies, international movies",2016,he even has your eyes,Netflix
In the Shadow of Iris,"dramas, international movies, thrillers",2016,in the shadow of iris,Netflix
JFK: The Making of a President,documentaries,2017,jfk the making of a president,Netflix
Kiss & Cry,"dramas, international movies, romantic movies",2017,kiss  cry,Netflix
Loev,"dramas, independent movies, international movies",2015,loev,Netflix
Mostly Sunny,"documentaries, international movies",2016,mostly sunny,Netflix
The Next Skin,"dramas, international movies",2016,the next skin,Netflix
Casting JonBenet,documentaries,2017,casting jonbenet,Netflix
Jumping Girl,"international tv shows, korean tv shows, romantic tv shows",2015,jumping girl,Netflix
President,"international tv shows, korean tv shows, tv dramas",2010,president,Netflix
Rodney King,dramas,2017,rodney king,Netflix
Small Crimes,"dramas, thrillers",2017,small crimes,Netflix
What in the World Happened?,"international tv shows, korean tv shows, romantic tv shows",2015,what in the world happened,Netflix
Mar de Plástico,"crime tv shows, international tv shows, spanish-language tv shows",2017,mar de plstico,Netflix
Dear Zindagi,"comedies, dramas, international movies",2016,dear zindagi,Netflix
Shepherds and Butchers,"dramas, international movies",2016,shepherds and butchers,Netflix
The 101-Year-Old Man Who Skipped Out on the Bill and Disappeared,"comedies, international movies",2016,the 101yearold man who skipped out on the bill and disappeared,Netflix
Vir Das: Abroad Understanding,stand-up comedy,2017,vir das abroad understanding,Netflix
Fangbone,"kids' tv, tv comedies",2016,fangbone,Netflix
Girlboss,tv comedies,2017,girlboss,Netflix
Hot Girls Wanted: Turned On,docuseries,2017,hot girls wanted turned on,Netflix
Sand Castle,"action & adventure, dramas, independent movies",2017,sand castle,Netflix
The Mr. Peabody and Sherman Show,"kids' tv, tv comedies",2017,the mr peabody and sherman show,Netflix
Tramps,"dramas, independent movies, romantic movies",2017,tramps,Netflix
Lucas Brothers: On Drugs,stand-up comedy,2017,lucas brothers on drugs,Netflix
Bibi & Tina,"children & family movies, music & musicals",2014,bibi  tina,Netflix
Bibi & Tina II,"children & family movies, music & musicals",2014,bibi  tina ii,Netflix
Bibi & Tina: Girls Versus Boys,"children & family movies, music & musicals",2016,bibi  tina girls versus boys,Netflix
Slam,"comedies, dramas, international movies",2017,slam,Netflix
The Wedding Party,"comedies, dramas, international movies",2016,the wedding party,Netflix
Arctic Heart,"dramas, international movies, romantic movies",2016,arctic heart,Netflix
Our Lovers,"comedies, dramas, international movies",2016,our lovers,Netflix
Sandy Wexler,comedies,2017,sandy wexler,Netflix
Macho,"comedies, international movies, lgbtq movies",2016,macho,Netflix
Kevin Hart: What Now?,stand-up comedy,2016,kevin hart what now,Netflix
Frat Star,comedies,2017,frat star,Netflix
The Miracle,"international tv shows, korean tv shows, tv dramas",2016,the miracle,Netflix
The Get Down,tv dramas,2017,the get down,Netflix
The Lighthouse of the Orcas,"dramas, international movies, romantic movies",2016,the lighthouse of the orcas,Netflix
Win It All,"comedies, independent movies, romantic movies",2017,win it all,Netflix
Louis C.K. 2017,movies,2017,louis ck 2017,Netflix
Burned Cocoon,"international tv shows, tv dramas",2005,burned cocoon,Netflix
Couples Counseling,"comedies, dramas, international movies",2016,couples counseling,Netflix
Deuces,dramas,2016,deuces,Netflix
Elaan,"action & adventure, cult movies, international movies",1971,elaan,Netflix
Five Nights in Maine,"dramas, independent movies",2015,five nights in maine,Netflix
Killa,"dramas, international movies",2014,killa,Netflix
Life 2.0,documentaries,2010,life 20,Netflix
Salaakhen,"action & adventure, international movies, music & musicals",1975,salaakhen,Netflix
Skins,"dramas, international movies",2017,skins,Netflix
The Tenth Man,"dramas, international movies",2016,the tenth man,Netflix
Toro,"dramas, international movies, thrillers",2016,toro,Netflix
Bridget Christie: Stand Up for Her,stand-up comedy,2016,bridget christie stand up for her,Netflix
Five Came Back,docuseries,2017,five came back,Netflix
Hoff the Record,"british tv shows, tv comedies",2016,hoff the record,Netflix
The Discovery,"dramas, independent movies, romantic movies",2017,the discovery,Netflix
Jo Koy: Live from Seattle,stand-up comedy,2017,jo koy live from seattle,Netflix
Bottersnikes & Gumbles,"british tv shows, kids' tv",2017,bottersnikes  gumbles,Netflix
Felipe Neto: My Life Makes No Sense,stand-up comedy,2017,felipe neto my life makes no sense,Netflix
The C Word,documentaries,2016,the c word,Netflix
The Most Hated Woman in America,dramas,2017,the most hated woman in america,Netflix
Dave Chappelle,"stand-up comedy & talk shows, tv comedies",2017,dave chappelle,Netflix
One-Punch Man,"anime series, crime tv shows, international tv shows",2015,onepunch man,Netflix
Best Worst Thing That Ever Could Have Happened,documentaries,2016,best worst thing that ever could have happened,Netflix
Deidra & Laney Rob a Train,"comedies, dramas, independent movies",2017,deidra  laney rob a train,Netflix
Julie's Greenroom,kids' tv,2017,julies greenroom,Netflix
Outback Truckers,reality tv,2015,outback truckers,Netflix
Pandora,"dramas, international movies, thrillers",2016,pandora,Netflix
Samurai Gourmet,"international tv shows, tv dramas",2017,samurai gourmet,Netflix
Howards End,"classic movies, dramas, independent movies",1992,howards end,Netflix
Asoka,"action & adventure, dramas, international movies",2001,asoka,Netflix
"Bon Cop, Bad Cop","action & adventure, comedies, international movies",2006,bon cop bad cop,Netflix
Notes on Blindness,"documentaries, dramas, international movies",2016,notes on blindness,Netflix
One 2 Ka 4,"action & adventure, comedies, dramas",2001,one 2 ka 4,Netflix
Cheer Squad,"reality tv, teen tv shows",2016,cheer squad,Netflix
Jim Norton: Mouthful of Shame,stand-up comedy,2017,jim norton mouthful of shame,Netflix
100 Meters,"dramas, international movies, sports movies",2016,100 meters,Netflix
Buddy Thunderstruck,"kids' tv, tv comedies",2017,buddy thunderstruck,Netflix
Burning Sands,"dramas, independent movies",2017,burning sands,Netflix
One More Time,"international tv shows, korean tv shows, romantic tv shows",2016,one more time,Netflix
The Butterfly's Dream,"dramas, international movies, romantic movies",2013,the butterflys dream,Netflix
Amy Schumer: The Leather Special,stand-up comedy,2017,amy schumer the leather special,Netflix
Love Is in the Air,"international tv shows, tv dramas",2010,love is in the air,Netflix
Nila,"dramas, international movies, romantic movies",2016,nila,Netflix
Tong: Memories,"international tv shows, korean tv shows, tv action & adventure",2016,tong memories,Netflix
Mike Birbiglia: Thank God for Jokes,stand-up comedy,2017,mike birbiglia thank god for jokes,Netflix
Force 2,"action & adventure, international movies",2016,force 2,Netflix
Jonas,"dramas, international movies",2015,jonas,Netflix
Operações Especiais,"action & adventure, international movies",2015,operaes especiais,Netflix
I Don't Feel at Home in This World Anymore,"dramas, independent movies, thrillers",2017,i dont feel at home in this world anymore,Netflix
Legend Quest,kids' tv,2017,legend quest,Netflix
The Sound of Your Heart,"international tv shows, korean tv shows, tv comedies",2016,the sound of your heart,Netflix
Love Me As I Am,"international tv shows, romantic tv shows, tv comedies",2015,love me as i am,Netflix
Trevor Noah: Afraid of the Dark,stand-up comedy,2017,trevor noah afraid of the dark,Netflix
Boy Missing,"international movies, thrillers",2016,boy missing,Netflix
Growing Up Wild,"children & family movies, documentaries",2016,growing up wild,Netflix
Tini: The New Life of Violetta,"children & family movies, music & musicals",2016,tini the new life of violetta,Netflix
Love for Ten: Generation of Youth,"international tv shows, korean tv shows, romantic tv shows",2013,love for ten generation of youth,Netflix
Rocky Handsome,"action & adventure, international movies",2016,rocky handsome,Netflix
A Heavy Heart,"dramas, independent movies, international movies",2015,a heavy heart,Netflix
Nightmare High,"international tv shows, korean tv shows, tv dramas",2016,nightmare high,Netflix
Rush: Beyond the Lighted Stage,"documentaries, music & musicals",2010,rush beyond the lighted stage,Netflix
Spark,"international tv shows, korean tv shows, romantic tv shows",2016,spark,Netflix
The Fury of a Patient Man,"international movies, thrillers",2016,the fury of a patient man,Netflix
The Memory of Water,"dramas, international movies",2015,the memory of water,Netflix
Girlfriend's Day,"comedies, independent movies",2017,girlfriends day,Netflix
Katherine Ryan: In Trouble,stand-up comedy,2017,katherine ryan in trouble,Netflix
White Nights,"international tv shows, korean tv shows, tv dramas",2016,white nights,Netflix
Cyborg 009: Call of Justice,"anime series, international tv shows",2017,cyborg 009 call of justice,Netflix
David Brent: Life on the Road,"comedies, international movies, music & musicals",2016,david brent life on the road,Netflix
Grillo vs Grillo,stand-up comedy,2017,grillo vs grillo,Netflix
Hitler - A Career,"documentaries, international movies",1977,hitler  a career,Netflix
"Michael Bolton's Big, Sexy Valentine's Day Special","comedies, music & musicals, romantic movies",2017,michael boltons big sexy valentines day special,Netflix
Daniel Sosa: Sosafado,stand-up comedy,2017,daniel sosa sosafado,Netflix
Imperial Dreams,dramas,2014,imperial dreams,Netflix
Dilwale,"action & adventure, dramas, international movies",2015,dilwale,Netflix
Happy New Year,"action & adventure, comedies, dramas",2014,happy new year,Netflix
Haraamkhor,"dramas, independent movies, international movies",2015,haraamkhor,Netflix
Heroes Wanted,"action & adventure, comedies, international movies",2016,heroes wanted,Netflix
The Reconquest,"dramas, international movies, romantic movies",2016,the reconquest,Netflix
Zapped,"children & family movies, comedies",2014,zapped,Netflix
Bill Burr: Walk Your Way Out,stand-up comedy,2017,bill burr walk your way out,Netflix
Semana Santa,"dramas, international movies",2015,semana santa,Netflix
Journey to Greenland,"comedies, international movies",2016,journey to greenland,Netflix
IBOY,"international movies, sci-fi & fantasy, thrillers",2017,iboy,Netflix
O Silêncio do Céu,"dramas, international movies",2016,o silncio do cu,Netflix
Cristela Alonzo: Lower Classy,stand-up comedy,2017,cristela alonzo lower classy,Netflix
Gad Gone Wild,stand-up comedy,2017,gad gone wild,Netflix
Pink,"dramas, international movies",2016,pink,Netflix
Take the 10,comedies,2017,take the 10,Netflix
Neal Brennan: 3 Mics,stand-up comedy,2017,neal brennan 3 mics,Netflix
Berlin Calling,"dramas, international movies, music & musicals",2008,berlin calling,Netflix
Sarajevo,"dramas, international movies",2014,sarajevo,Netflix
Stereo,"international movies, thrillers",2014,stereo,Netflix
We Are Young. We Are Strong.,"dramas, international movies",2014,we are young we are strong,Netflix
Casablancas: The Man Who Loved Women,"documentaries, international movies",2016,casablancas the man who loved women,Netflix
Clinical,"horror movies, thrillers",2017,clinical,Netflix
Very Big Shot,"comedies, dramas, international movies",2015,very big shot,Netflix
Jim Gaffigan: Cinco,stand-up comedy,2017,jim gaffigan cinco,Netflix
We're Lalaloopsy,"kids' tv, tv comedies",2017,were lalaloopsy,Netflix
Under the Shadow,"horror movies, international movies, thrillers",2016,under the shadow,Netflix
Coin Heist,"children & family movies, dramas",2017,coin heist,Netflix
LEGO: Marvel Super Heroes: Maximum Overload,children & family movies,2013,lego marvel super heroes maximum overload,Netflix
Rampage: President Down,"action & adventure, international movies",2016,rampage president down,Netflix
Marvel's Hulk: Where Monsters Dwell,"children & family movies, sci-fi & fantasy",2016,marvels hulk where monsters dwell,Netflix
Jen Kirkman: Just Keep Livin’?,stand-up comedy,2017,jen kirkman just keep livin,Netflix
Autohead,"dramas, international movies, thrillers",2016,autohead,Netflix
Bee Movie,"children & family movies, comedies",2007,bee movie,Netflix
Headwinds,"dramas, independent movies, international movies",2011,headwinds,Netflix
Star Trek: Deep Space Nine,"tv action & adventure, tv sci-fi & fantasy",1999,star trek deep space nine,Netflix
Udta Punjab,"dramas, international movies",2016,udta punjab,Netflix
Mr. Pig,"dramas, independent movies, international movies",2016,mr pig,Netflix
My Runway,"international tv shows, korean tv shows, romantic tv shows",2016,my runway,Netflix
AJIN: Demi-Human,"anime series, international tv shows",2016,ajin demihuman,Netflix
Chasing Cameron,"reality tv, teen tv shows",2016,chasing cameron,Netflix
7:19,"dramas, international movies",2016,719,Netflix
Garfunkel and Oates: Trying to be Special,"music & musicals, stand-up comedy",2016,garfunkel and oates trying to be special,Netflix
Sense8,"crime tv shows, tv dramas, tv mysteries",2018,sense8,Netflix
A Christmas Special: Miraculous: Tales of Ladybug & Cat Noir,movies,2016,a christmas special miraculous tales of ladybug  cat noir,Netflix
Gabriel lglesias: I’m Sorry For What I Said When I Was Hungry,stand-up comedy,2016,gabriel lglesias im sorry for what i said when i was hungry,Netflix
Barry,dramas,2016,barry,Netflix
Crazyhead,"british tv shows, international tv shows, tv comedies",2016,crazyhead,Netflix
Sister Cities,dramas,2016,sister cities,Netflix
3 Türken & ein Baby,"comedies, international movies",2015,3 trken  ein baby,Netflix
Color of Woman,"international tv shows, korean tv shows, romantic tv shows",2012,color of woman,Netflix
Eddie - Strongman,"documentaries, sports movies",2015,eddie  strongman,Netflix
Goodbye My Wife,"international tv shows, korean tv shows, romantic tv shows",2012,goodbye my wife,Netflix
Happy And,"international tv shows, korean tv shows, tv dramas",2012,happy and,Netflix
Heaven's Garden,"international tv shows, korean tv shows, tv dramas",2011,heavens garden,Netflix
Ice Fantasy,"international tv shows, tv action & adventure, tv sci-fi & fantasy",2016,ice fantasy,Netflix
Immortal Classic,"international tv shows, korean tv shows, tv dramas",2012,immortal classic,Netflix
InuYasha,"anime series, international tv shows",2001,inuyasha,Netflix
K-POP Extreme Survival,"international tv shows, korean tv shows, romantic tv shows",2012,kpop extreme survival,Netflix
Merlin,"british tv shows, international tv shows, tv action & adventure",2012,merlin,Netflix
Miss Panda & Mr. Hedgehog,"international tv shows, korean tv shows, romantic tv shows",2012,miss panda  mr hedgehog,Netflix
Sand Storm,"dramas, independent movies, international movies",2016,sand storm,Netflix
Tokyo Trial,"international tv shows, tv dramas",2017,tokyo trial,Netflix
Ricardo O'Farrill: Abrazo navideño,stand-up comedy,2016,ricardo ofarrill abrazo navideo,Netflix
Asperger's Are Us,documentaries,2016,aspergers are us,Netflix
Captive,"crime tv shows, docuseries",2016,captive,Netflix
Mariah Carey's Merriest Christmas,"children & family movies, music & musicals",2015,mariah careys merriest christmas,Netflix
Spectral,"action & adventure, sci-fi & fantasy",2016,spectral,Netflix
White Rabbit Project,"docuseries, international tv shows, reality tv",2016,white rabbit project,Netflix
Miss in Kiss,"international tv shows, romantic tv shows, tv comedies",2016,miss in kiss,Netflix
Other People,"comedies, dramas, independent movies",2016,other people,Netflix
The Cuba Libre Story,"docuseries, international tv shows",2015,the cuba libre story,Netflix
Blue Jay,"dramas, independent movies, romantic movies",2016,blue jay,Netflix
One in a Billion,"documentaries, sports movies",2016,one in a billion,Netflix
Reggie Watts: Spatial,"music & musicals, stand-up comedy",2016,reggie watts spatial,Netflix
From Dusk Till Dawn,"classic & cult tv, tv action & adventure, tv horror",2016,from dusk till dawn,Netflix
Mercenary,"dramas, international movies, sports movies",2016,mercenary,Netflix
Lost & Found Music Studios,"kids' tv, tv comedies, tv dramas",2016,lost  found music studios,Netflix
For the Love of Spock,documentaries,2016,for the love of spock,Netflix
White Girl,"dramas, independent movies",2016,white girl,Netflix
#Rucker50,"documentaries, sports movies",2016,rucker50,Netflix
1000 Rupee Note,"dramas, international movies",2014,1000 rupee note,Netflix
Across Grace Alley,dramas,2013,across grace alley,Netflix
Asu Mare 2,"comedies, international movies",2015,asu mare 2,Netflix
Back to 1989,"international tv shows, romantic tv shows, tv comedies",2016,back to 1989,Netflix
Bromance,"international tv shows, romantic tv shows, tv comedies",2015,bromance,Netflix
Interrogation,"dramas, international movies, thrillers",2015,interrogation,Netflix
Rainbow Time,"comedies, dramas, independent movies",2016,rainbow time,Netflix
Refresh Man,"international tv shows, romantic tv shows, tv comedies",2016,refresh man,Netflix
Richard Pryor: Live in Concert,stand-up comedy,1979,richard pryor live in concert,Netflix
The Violin Player,"dramas, independent movies, international movies",2016,the violin player,Netflix
Beauties of the Night,"documentaries, international movies",2016,beauties of the night,Netflix
Gilmore Girls: A Year in the Life,"tv comedies, tv dramas, teen tv shows",2016,gilmore girls a year in the life,Netflix
Michael Che Matters,stand-up comedy,2016,michael che matters,Netflix
Mercy,"dramas, thrillers",2016,mercy,Netflix
The Land of Cards,"dramas, independent movies, international movies",2012,the land of cards,Netflix
Carlos Ballarta: El amor es de putos,stand-up comedy,2016,carlos ballarta el amor es de putos,Netflix
Donald Glover: Weirdo,stand-up comedy,2012,donald glover weirdo,Netflix
Colin Quinn: The New York Story,stand-up comedy,2016,colin quinn the new york story,Netflix
Divines,"dramas, independent movies, international movies",2016,divines,Netflix
La Niña,"crime tv shows, international tv shows, spanish-language tv shows",2016,la nia,Netflix
Paranoid,"british tv shows, crime tv shows, international tv shows",2016,paranoid,Netflix
Dieter Nuhr: Nuhr in Berlin,stand-up comedy,2016,dieter nuhr nuhr in berlin,Netflix
Mumbai Cha Raja,"dramas, independent movies, international movies",2012,mumbai cha raja,Netflix
True Memoirs of an International Assassin,"action & adventure, comedies",2016,true memoirs of an international assassin,Netflix
Einsatzgruppen: The Nazi Death Squads,"docuseries, international tv shows",2009,einsatzgruppen the nazi death squads,Netflix
Kathleen Madigan: Bothering Jesus,stand-up comedy,2016,kathleen madigan bothering jesus,Netflix
Case,"crime tv shows, international tv shows, tv dramas",2015,case,Netflix
Danger Mouse,"british tv shows, kids' tv",2016,danger mouse,Netflix
"Dana Carvey: Straight White Male, 60",stand-up comedy,2016,dana carvey straight white male 60,Netflix
The Ivory Game,documentaries,2016,the ivory game,Netflix
A Grand Night In: The Story of Aardman,documentaries,2015,a grand night in the story of aardman,Netflix
Inborn Pair,"international tv shows, romantic tv shows, tv comedies",2011,inborn pair,Netflix
Just You,"international tv shows, romantic tv shows, tv comedies",2013,just you,Netflix
Love Around,"international tv shows, romantic tv shows, tv comedies",2013,love around,Netflix
Love Family,"international tv shows, romantic tv shows, tv comedies",2013,love family,Netflix
Love Me or Leave Me,"international tv shows, romantic tv shows, tv comedies",2012,love me or leave me,Netflix
Love Now,"international tv shows, romantic tv shows, tv comedies",2012,love now,Netflix
Norman Lear: Just Another Version of You,documentaries,2016,norman lear just another version of you,Netflix
Santa Pac's Merry Berry Day,movies,2016,santa pacs merry berry day,Netflix
Spanish Affair 2,"comedies, international movies, romantic movies",2015,spanish affair 2,Netflix
Pup Star,"children & family movies, comedies",2016,pup star,Netflix
I Am the Pretty Thing That Lives in the House,"horror movies, international movies, thrillers",2016,i am the pretty thing that lives in the house,Netflix
Into the Inferno,documentaries,2016,into the inferno,Netflix
The African Doctor,"comedies, dramas, international movies",2016,the african doctor,Netflix
They Are Everywhere,"comedies, international movies",2016,they are everywhere,Netflix
Trailer Park Boys: Out of the Park: Europe,"international tv shows, tv comedies",2016,trailer park boys out of the park europe,Netflix
West Coast,"comedies, dramas, international movies",2016,west coast,Netflix
7 años,"dramas, international movies",2016,7 aos,Netflix
Containment,"tv dramas, tv thrillers",2016,containment,Netflix
Joe Rogan: Triggered,stand-up comedy,2016,joe rogan triggered,Netflix
A Mighty Team,"comedies, international movies, sports movies",2016,a mighty team,Netflix
Berserk: The Golden Age Arc I - The Egg of the King,"action & adventure, anime features, international movies",2012,berserk the golden age arc i  the egg of the king,Netflix
Bleach The Movie: Fade to Black,"action & adventure, anime features, sci-fi & fantasy",2008,bleach the movie fade to black,Netflix
Bleach the Movie: Hell Verse,"action & adventure, anime features, sci-fi & fantasy",2010,bleach the movie hell verse,Netflix
Blind Date,"comedies, international movies, music & musicals",2015,blind date,Netflix
Spotless,"crime tv shows, international tv shows, tv dramas",2015,spotless,Netflix
Vampire Knight,"anime series, international tv shows, romantic tv shows",2008,vampire knight,Netflix
Sky Ladder: The Art of Cai Guo-Qiang,documentaries,2016,sky ladder the art of cai guoqiang,Netflix
Mascots,comedies,2016,mascots,Netflix
Justin Timberlake + the Tennessee Kids,music & musicals,2016,justin timberlake  the tennessee kids,Netflix
13TH,documentaries,2016,13th,Netflix
Russell Peters: Almost Famous,stand-up comedy,2016,russell peters almost famous,Netflix
StoryBots Super Songs,kids' tv,2016,storybots super songs,Netflix
The Siege of Jadotville,"action & adventure, dramas, international movies",2016,the siege of jadotville,Netflix
LEGO Jurassic World: The Indominus Escape,"children & family movies, comedies",2016,lego jurassic world the indominus escape,Netflix
Be with Me,"international tv shows, romantic tv shows, tv dramas",2015,be with me,Netflix
Be with You,"international tv shows, romantic tv shows, tv dramas",2015,be with you,Netflix
Bombshell,dramas,2016,bombshell,Netflix
Chatô: The King of Brazil,"dramas, international movies",2015,chat the king of brazil,Netflix
Fall in Love with Me,"international tv shows, romantic tv shows, tv comedies",2014,fall in love with me,Netflix
Harud,"dramas, international movies",2010,harud,Netflix
Love Cheque Charge,"international tv shows, romantic tv shows, tv comedies",2014,love cheque charge,Netflix
Masha's Spooky Stories,kids' tv,2012,mashas spooky stories,Netflix
Much Ado About Nothing,"dramas, independent movies, international movies",2016,much ado about nothing,Netflix
Murphy's Law of Love,"international tv shows, romantic tv shows, tv comedies",2015,murphys law of love,Netflix
My Big Night,"comedies, international movies, music & musicals",2015,my big night,Netflix
My Little Pony Equestria Girls: Legend of Everfree,"children & family movies, comedies",2016,my little pony equestria girls legend of everfree,Netflix
Old Money,"international tv shows, tv comedies, tv dramas",2015,old money,Netflix
Pac's Scary Halloween,movies,2016,pacs scary halloween,Netflix
Riphagen - The Untouchable,"dramas, international movies",2016,riphagen  the untouchable,Netflix
Someone Like You,"international tv shows, romantic tv shows, tv dramas",2015,someone like you,Netflix
Umrika,"dramas, independent movies, international movies",2015,umrika,Netflix
Unchained: The Untold Story of Freestyle Motocross,"documentaries, sports movies",2016,unchained the untold story of freestyle motocross,Netflix
Welcome Mr. President,"comedies, international movies",2013,welcome mr president,Netflix
When I See You Again,"international tv shows, romantic tv shows, tv comedies",2015,when i see you again,Netflix
Amanda Knox,documentaries,2016,amanda knox,Netflix
Audrie & Daisy,documentaries,2016,audrie  daisy,Netflix
Iliza Shlesinger: Confirmed Kills,stand-up comedy,2016,iliza shlesinger confirmed kills,Netflix
VeggieTales in the House,kids' tv,2016,veggietales in the house,Netflix
"Karol Modzelewski, Łukasz „Lotek” Lodkowski No Offense",stand-up comedy,2016,karol modzelewski ukasz lotek lodkowski no offense,Netflix
"Katarzyna Piasecka, Rafał Pacześ Seriously Funny",stand-up comedy,2016,katarzyna piasecka rafa pacze seriously funny,Netflix
"Mariusz Kałamaga, Karol Kopiec, Wiolka Walaszczyk Hilarious Trio",stand-up comedy,2016,mariusz kaamaga karol kopiec wiolka walaszczyk hilarious trio,Netflix
"Rafał Banaś, Michał Leja Laugh out Loud",stand-up comedy,2016,rafa bana micha leja laugh out loud,Netflix
The Best of Rafał Rutkowski Olka Szczęśniak,stand-up comedy,2016,the best of rafa rutkowski olka szczniak,Netflix
"Tomasz Jachimek, Jacek Stramik Laugh at Live",stand-up comedy,2016,tomasz jachimek jacek stramik laugh at live,Netflix
ARQ,"international movies, sci-fi & fantasy, thrillers",2016,arq,Netflix
Cedric the Entertainer: Live from the Ville,stand-up comedy,2016,cedric the entertainer live from the ville,Netflix
Louis C.K.: Hilarious,movies,2010,louis ck hilarious,Netflix
The White Helmets,documentaries,2016,the white helmets,Netflix
Sample This,"documentaries, music & musicals",2012,sample this,Netflix
Extremis,documentaries,2016,extremis,Netflix
Jandino: Whatever it Takes,stand-up comedy,2016,jandino whatever it takes,Netflix
Chef's Table: France,docuseries,2016,chefs table france,Netflix
Kulipari: An Army of Frogs,kids' tv,2016,kulipari an army of frogs,Netflix
Conspiracy,"british tv shows, docuseries",2015,conspiracy,Netflix
Dead Set,"british tv shows, tv horror, tv thrillers",2008,dead set,Netflix
Forensic Files,"crime tv shows, docuseries, science & nature tv",2011,forensic files,Netflix
Saudi Arabia Uncovered,documentaries,2016,saudi arabia uncovered,Netflix
The Fierce Wife,"international tv shows, romantic tv shows, tv dramas",2010,the fierce wife,Netflix
Witches: A Century of Murder,"british tv shows, crime tv shows, docuseries",2015,witches a century of murder,Netflix
Glitter Force,"anime series, kids' tv",2016,glitter force,Netflix
Jeff Foxworthy and Larry the Cable Guy: We’ve Been Thinking...,stand-up comedy,2016,jeff foxworthy and larry the cable guy weve been thinking,Netflix
XOXO,"dramas, music & musicals",2016,xoxo,Netflix
I'll Sleep When I'm Dead,"documentaries, music & musicals",2016,ill sleep when im dead,Netflix
Behind Enemy Lines,"british tv shows, docuseries",2001,behind enemy lines,Netflix
Caught on Camera,"british tv shows, crime tv shows, docuseries",2015,caught on camera,Netflix
Louis C.K.: Live at the Comedy Store,movies,2015,louis ck live at the comedy store,Netflix
Real Crime: Supermarket Heist (Tesco Bomber),documentaries,2010,real crime supermarket heist tesco bomber,Netflix
Jim Gaffigan: Beyond the Pale,stand-up comedy,2005,jim gaffigan beyond the pale,Netflix
Jim Gaffigan: King Baby,stand-up comedy,2009,jim gaffigan king baby,Netflix
Jim Gaffigan: Mr. Universe,stand-up comedy,2012,jim gaffigan mr universe,Netflix
Jim Gaffigan: Obsessed,stand-up comedy,2014,jim gaffigan obsessed,Netflix
David Cross: Making America Great Again!,stand-up comedy,2016,david cross making america great again,Netflix
Lavell Crawford: Can a Brother Get Some Love?,stand-up comedy,2011,lavell crawford can a brother get some love,Netflix
Children of God,documentaries,1994,children of god,Netflix
Cocaine,"british tv shows, crime tv shows, docuseries",2005,cocaine,Netflix
Edge of the Universe,"british tv shows, docuseries, science & nature tv",2008,edge of the universe,Netflix
Interview with a Serial Killer,documentaries,2008,interview with a serial killer,Netflix
La Esclava Blanca,"international tv shows, spanish-language tv shows, tv dramas",2016,la esclava blanca,Netflix
Real Crime: Diamond Geezers,documentaries,2008,real crime diamond geezers,Netflix
LEGO Bionicle: The Journey to One,kids' tv,2016,lego bionicle the journey to one,Netflix
Tallulah,"dramas, independent movies",2016,tallulah,Netflix
Popples,kids' tv,2016,popples,Netflix
Rebirth,"dramas, thrillers",2016,rebirth,Netflix
Tony Robbins: I Am Not Your Guru,documentaries,2016,tony robbins i am not your guru,Netflix
Gridlocked,action & adventure,2015,gridlocked,Netflix
Brahman Naman,"comedies, independent movies, international movies",2016,brahman naman,Netflix
Kuromukuro,"anime series, international tv shows",2016,kuromukuro,Netflix
Jim Jefferies: Freedumb,stand-up comedy,2016,jim jefferies freedumb,Netflix
Marco Polo,"tv action & adventure, tv dramas",2016,marco polo,Netflix
X: Past Is Present,"dramas, independent movies, international movies",2015,x past is present,Netflix
Justin Time GO!,kids' tv,2016,justin time go,Netflix
Sofía Niño de Rivera: Exposed,stand-up comedy,2016,sofa nio de rivera exposed,Netflix
The Fundamentals of Caring,"comedies, dramas, independent movies",2016,the fundamentals of caring,Netflix
Ip Man 3,"action & adventure, dramas, international movies",2015,ip man 3,Netflix
Bo Burnham: Make Happy,"music & musicals, stand-up comedy",2016,bo burnham make happy,Netflix
Hibana: Spark,"international tv shows, tv dramas",2016,hibana spark,Netflix
72 Cutest Animals,"docuseries, international tv shows, science & nature tv",2016,72 cutest animals,Netflix
72 Dangerous Places to Live,"docuseries, international tv shows, science & nature tv",2016,72 dangerous places to live,Netflix
The Do-Over,"action & adventure, comedies",2016,the doover,Netflix
Ali Wong: Baby Cobra,stand-up comedy,2016,ali wong baby cobra,Netflix
Special Correspondents,comedies,2016,special correspondents,Netflix
Team Foxcatcher,"documentaries, sports movies",2016,team foxcatcher,Netflix
Patton Oswalt: Talking for Clapping,stand-up comedy,2016,patton oswalt talking for clapping,Netflix
Belgica,"dramas, international movies",2016,belgica,Netflix
Hush,"horror movies, thrillers",2016,hush,Netflix
Cyborg 009 VS Devilman,"anime series, international tv shows",2015,cyborg 009 vs devilman,Netflix
Frank and Cindy,"documentaries, music & musicals",2007,frank and cindy,Netflix
Justin Time,kids' tv,2012,justin time,Netflix
Terrace House: Boys & Girls in the City,"international tv shows, reality tv",2016,terrace house boys  girls in the city,Netflix
Kung Fu Panda: Secrets of the Scroll,"children & family movies, comedies",2016,kung fu panda secrets of the scroll,Netflix
He Never Died,"comedies, horror movies",2015,he never died,Netflix
Jimmy Carr: Funny Business,stand-up comedy,2016,jimmy carr funny business,Netflix
My Beautiful Broken Brain,"documentaries, international movies",2016,my beautiful broken brain,Netflix
Pee-wee's Big Holiday,"children & family movies, comedies, cult movies",2016,peewees big holiday,Netflix
Netflix Presents: The Characters,tv comedies,2016,netflix presents the characters,Netflix
Your lie in April,"anime series, international tv shows, romantic tv shows",2014,your lie in april,Netflix
"Crouching Tiger, Hidden Dragon: Sword of Destiny","action & adventure, romantic movies",2016,crouching tiger hidden dragon sword of destiny,Netflix
Marvel Super Hero Adventures: Frost Fight!,"children & family movies, sci-fi & fantasy",2015,marvel super hero adventures frost fight,Netflix
Cooked,docuseries,2016,cooked,Netflix
Care Bears & Cousins,kids' tv,2016,care bears  cousins,Netflix
Hannibal Buress: Comedy Camisado,stand-up comedy,2016,hannibal buress comedy camisado,Netflix
Turbo FAST,kids' tv,2016,turbo fast,Netflix
Masha's Tales,kids' tv,2012,mashas tales,Netflix
Chelsea Does,"docuseries, science & nature tv",2016,chelsea does,Netflix
Ricardo O'Farrill Abrazo Genial,stand-up comedy,2016,ricardo ofarrill abrazo genial,Netflix
Ip Man,"action & adventure, dramas, international movies",2008,ip man,Netflix
Ip Man 2,"action & adventure, international movies",2010,ip man 2,Netflix
Tom Segura: Mostly Stories,stand-up comedy,2016,tom segura mostly stories,Netflix
Marco Polo: One Hundred Eyes,movies,2015,marco polo one hundred eyes,Netflix
Sammy & Co,"kids' tv, tv comedies",2014,sammy  co,Netflix
Mike Epps: Don't Take It Personal,stand-up comedy,2015,mike epps dont take it personal,Netflix
The Ridiculous 6,"action & adventure, comedies",2015,the ridiculous 6,Netflix
"Trailer Park Boys: Drunk, High and Unemployed: Live in Austin","comedies, international movies",2015,trailer park boys drunk high and unemployed live in austin,Netflix
A Very Murray Christmas,"comedies, music & musicals",2015,a very murray christmas,Netflix
Atelier,"international tv shows, tv dramas",2015,atelier,Netflix
Naomi and Ely's No Kiss List,"comedies, dramas, lgbtq movies",2015,naomi and elys no kiss list,Netflix
John Mulaney: The Comeback Kid,stand-up comedy,2015,john mulaney the comeback kid,Netflix
W/ Bob & David,tv comedies,2015,w bob  david,Netflix
Manson Family Vacation,"comedies, dramas, independent movies",2015,manson family vacation,Netflix
Walt Disney Animation Studios Short Films Collection,children & family movies,2015,walt disney animation studios short films collection,Netflix
Hemlock Grove,"tv horror, tv mysteries, tv thrillers",2015,hemlock grove,Netflix
Results,"comedies, independent movies",2015,results,Netflix
Anthony Jeselnik: Thoughts and Prayers,stand-up comedy,2015,anthony jeselnik thoughts and prayers,Netflix
Beasts of No Nation,"dramas, independent movies",2015,beasts of no nation,Netflix
Circle,"dramas, independent movies, sci-fi & fantasy",2015,circle,Netflix
Winter on Fire: Ukraine's Fight for Freedom,"documentaries, international movies",2015,winter on fire ukraines fight for freedom,Netflix
Anjelah Johnson: Not Fancy,stand-up comedy,2015,anjelah johnson not fancy,Netflix
Wakfu: The Quest for the Six Eliatrope Dofus,kids' tv,2014,wakfu the quest for the six eliatrope dofus,Netflix
Keith Richards: Under the Influence,"documentaries, music & musicals",2015,keith richards under the influence,Netflix
Cowspiracy: The Sustainability Secret,documentaries,2014,cowspiracy the sustainability secret,Netflix
6 Years,"dramas, independent movies, romantic movies",2015,6 years,Netflix
Demetri Martin: Live (At the Time),stand-up comedy,2015,demetri martin live at the time,Netflix
Wet Hot American Summer,tv comedies,2015,wet hot american summer,Netflix
Tig,"documentaries, stand-up comedy",2015,tig,Netflix
H2O: Mermaid Adventures,kids' tv,2015,h2o mermaid adventures,Netflix
Creep,"horror movies, independent movies, thrillers",2014,creep,Netflix
Chris Tucker Live,stand-up comedy,2015,chris tucker live,Netflix
Ralphie May: Imperfectly Yours,stand-up comedy,2015,ralphie may imperfectly yours,Netflix
"What Happened, Miss Simone?","documentaries, music & musicals",2015,what happened miss simone,Netflix
Advantageous,"dramas, independent movies, sci-fi & fantasy",2015,advantageous,Netflix
Danger Mouse: Classic Collection,"british tv shows, kids' tv, tv comedies",1992,danger mouse classic collection,Netflix
The Perfect Dictatorship,"comedies, dramas, international movies",2014,the perfect dictatorship,Netflix
Hot Girls Wanted,documentaries,2015,hot girls wanted,Netflix
Jen Kirkman: I'm Gonna Die Alone (And I Feel Fine),stand-up comedy,2015,jen kirkman im gonna die alone and i feel fine,Netflix
The Other One: The Long Strange Trip of Bob Weir,"documentaries, music & musicals",2015,the other one the long strange trip of bob weir,Netflix
Chris D'Elia: Incorrigible,stand-up comedy,2015,chris delia incorrigible,Netflix
Oscar's Oasis,kids' tv,2011,oscars oasis,Netflix
Aziz Ansari Live at Madison Square Garden,stand-up comedy,2015,aziz ansari live at madison square garden,Netflix
My Own Man,documentaries,2015,my own man,Netflix
Ralphie May: Unruly,stand-up comedy,2015,ralphie may unruly,Netflix
Virunga: Gorillas in Peril,documentaries,2015,virunga gorillas in peril,Netflix
Iliza Shlesinger: Freezing Hot,stand-up comedy,2015,iliza shlesinger freezing hot,Netflix
BoJack Horseman Christmas Special: Sabrina's Christmas Wish,movies,2014,bojack horseman christmas special sabrinas christmas wish,Netflix
Bill Burr: I'm Sorry You Feel That Way,stand-up comedy,2014,bill burr im sorry you feel that way,Netflix
Lilyhammer,"crime tv shows, tv comedies, tv dramas",2014,lilyhammer,Netflix
Goosebumps,"kids' tv, tv thrillers",1998,goosebumps,Netflix
Chelsea Peretti: One of the Greats,stand-up comedy,2014,chelsea peretti one of the greats,Netflix
Virunga,"documentaries, international movies",2014,virunga,Netflix
E-Team,documentaries,2014,eteam,Netflix
Wyatt Cenac: Brooklyn,stand-up comedy,2014,wyatt cenac brooklyn,Netflix
Chelsea Handler: Uganda Be Kidding Me Live,stand-up comedy,2014,chelsea handler uganda be kidding me live,Netflix
Print the Legend,documentaries,2014,print the legend,Netflix
Mission Blue,documentaries,2014,mission blue,Netflix
The Battered Bastards of Baseball,"documentaries, sports movies",2014,the battered bastards of baseball,Netflix
From One Second to the Next,documentaries,2013,from one second to the next,Netflix
The Borgias,tv dramas,2013,the borgias,Netflix
Mitt,documentaries,2014,mitt,Netflix
The Square,"documentaries, international movies",2013,the square,Netflix
Shrek the Musical,"children & family movies, comedies, music & musicals",2013,shrek the musical,Netflix
The Short Game,"children & family movies, documentaries, sports movies",2013,the short game,Netflix
Aziz Ansari: Buried Alive,stand-up comedy,2013,aziz ansari buried alive,Netflix
The 4400,"tv dramas, tv mysteries, tv sci-fi & fantasy",2007,the 4400,Netflix
Breaking Bad,"crime tv shows, tv dramas, tv thrillers",2013,breaking bad,Netflix
Being Elmo: A Puppeteer's Journey,documentaries,2011,being elmo a puppeteers journey,Netflix
A Stoning in Fulham County,dramas,1988,a stoning in fulham county,Netflix
Adam: His Song Continues,dramas,1986,adam his song continues,Netflix
Hard Lessons,dramas,1986,hard lessons,Netflix
In Defense of a Married Man,dramas,1990,in defense of a married man,Netflix
Quiet Victory: The Charlie Wedemeyer Story,"dramas, sports movies",1988,quiet victory the charlie wedemeyer story,Netflix
Strange Voices,dramas,1987,strange voices,Netflix
The Ryan White Story,dramas,1989,the ryan white story,Netflix
Too Young the Hero,dramas,1988,too young the hero,Netflix
Triumph of the Heart,"dramas, sports movies",1991,triumph of the heart,Netflix
Unspeakable Acts,dramas,1990,unspeakable acts,Netflix
Victim of Beauty,"dramas, thrillers",1991,victim of beauty,Netflix
Joseph: King of Dreams,"children & family movies, dramas, faith & spirituality",2000,joseph king of dreams,Netflix
Even the Rain,"dramas, international movies",2010,even the rain,Netflix
Splatter,horror movies,2009,splatter,Netflix
Just Another Love Story,"dramas, international movies",2007,just another love story,Netflix
To and From New York,"dramas, independent movies, thrillers",2006,to and from new york,Netflix
9,"action & adventure, independent movies, sci-fi & fantasy",2009,9,Netflix
21,dramas,2008,21,Netflix
187,dramas,1997,187,Netflix
706,"horror movies, international movies",2019,706,Netflix
1920,"horror movies, international movies, thrillers",2008,1920,Netflix
Oct-01,"dramas, international movies, thrillers",2014,oct01,Netflix
Feb-09,"international tv shows, tv dramas",2018,feb09,Netflix
22-Jul,"dramas, thrillers",2018,22jul,Netflix
15-Aug,"comedies, dramas, independent movies",2019,15aug,Netflix
'89,sports movies,2017,89,Netflix
​Goli Soda 2,"action & adventure, dramas, international movies",2018,goli soda 2,Netflix
​Maj Rati ​​Keteki,"dramas, international movies",2017,maj rati keteki,Netflix
​Mayurakshi,"dramas, international movies",2017,mayurakshi,Netflix
(T)ERROR,documentaries,2015,terror,Netflix
#cats_the_mewvie,"documentaries, international movies",2020,catsthemewvie,Netflix
#Roxy,"comedies, romantic movies",2018,roxy,Netflix
Ég man þig,"horror movies, international movies",2017,g man ig,Netflix
Çok Filim Hareketler Bunlar,"comedies, international movies",2010,ok filim hareketler bunlar,Netflix
Æon Flux,"action & adventure, sci-fi & fantasy",2005,on flux,Netflix
Şubat,"crime tv shows, international tv shows, tv dramas",2013,ubat,Netflix
1 Chance 2 Dance,"dramas, romantic movies",2014,1 chance 2 dance,Netflix
1 Mile to You,"dramas, romantic movies, sports movies",2017,1 mile to you,Netflix
"10,000 B.C.",action & adventure,2008,10000 bc,Netflix
100 Days Of Solitude,"documentaries, international movies",2018,100 days of solitude,Netflix
100 Years: One Woman's Fight for Justice,documentaries,2016,100 years one womans fight for justice,Netflix
100% Hotter,"british tv shows, international tv shows, reality tv",2017,100 hotter,Netflix
12 ROUND GUN,"dramas, independent movies, sports movies",2017,12 round gun,Netflix
12 Years Promise,"international tv shows, korean tv shows, romantic tv shows",2014,12 years promise,Netflix
13 Cameras,"horror movies, independent movies, thrillers",2015,13 cameras,Netflix
13 Sins,"horror movies, thrillers",2014,13 sins,Netflix
13TH: A Conversation with Oprah Winfrey & Ava DuVernay,movies,2017,13th a conversation with oprah winfrey  ava duvernay,Netflix
14 Blades,"action & adventure, international movies",2010,14 blades,Netflix
14 Cameras,"horror movies, thrillers",2018,14 cameras,Netflix
16 Blocks,action & adventure,2006,16 blocks,Netflix
17 Again,comedies,2009,17 again,Netflix
1BR,"horror movies, independent movies, thrillers",2019,1br,Netflix
1st Summoning,"horror movies, independent movies",2018,1st summoning,Netflix
20 Feet From Stardom,"documentaries, music & musicals",2013,20 feet from stardom,Netflix
2015 Dream Concert,"international movies, music & musicals",2015,2015 dream concert,Netflix
2036 Origin Unknown,sci-fi & fantasy,2018,2036 origin unknown,Netflix
20th Century Women,"dramas, independent movies",2016,20th century women,Netflix
21 & Over,comedies,2013,21  over,Netflix
21 Sarfarosh: Saragarhi 1897,"international tv shows, tv dramas",2018,21 sarfarosh saragarhi 1897,Netflix
2307: Winter's Dream,"action & adventure, independent movies, sci-fi & fantasy",2016,2307 winters dream,Netflix
24 Hours to Live,action & adventure,2017,24 hours to live,Netflix
"27, el club de los malditos","action & adventure, comedies, international movies",2018,27 el club de los malditos,Netflix
27: Gone Too Soon,documentaries,2017,27 gone too soon,Netflix
28 Days,"comedies, dramas",2000,28 days,Netflix
3 Deewarein,"dramas, international movies, thrillers",2003,3 deewarein,Netflix
3 Generations,"dramas, lgbtq movies",2015,3 generations,Netflix
3 Heroines,"dramas, international movies, sports movies",2016,3 heroines,Netflix
3 Seconds Divorce,"documentaries, faith & spirituality",2018,3 seconds divorce,Netflix
30 Days of Luxury,"comedies, international movies",2016,30 days of luxury,Netflix
30 Minutes or Less,"action & adventure, comedies",2011,30 minutes or less,Netflix
300 Miles to Heaven,"dramas, international movies",1989,300 miles to heaven,Netflix
42 Grams,documentaries,2017,42 grams,Netflix
4th Man Out,"comedies, lgbtq movies",2015,4th man out,Netflix
5 Cowok Jagoan,"action & adventure, comedies, international movies",2017,5 cowok jagoan,Netflix
5 to 7,"comedies, dramas, romantic movies",2014,5 to 7,Netflix
50 First Dates,"comedies, romantic movies",2004,50 first dates,Netflix
50/50,"comedies, dramas, independent movies",2011,5050,Netflix
5CM,"dramas, international movies",2012,5cm,Netflix
6 Days,"action & adventure, dramas, international movies",2017,6 days,Netflix
6-5=2,"horror movies, international movies, thrillers",2014,652,Netflix
68 Kill,"comedies, independent movies, thrillers",2017,68 kill,Netflix
7 (Seven),tv shows,2019,7 seven,Netflix
7 Din Mohabbat In,"comedies, international movies, music & musicals",2018,7 din mohabbat in,Netflix
9 Months That Made You,"british tv shows, docuseries, science & nature tv",2016,9 months that made you,Netflix
A Bad Moms Christmas,comedies,2017,a bad moms christmas,Netflix
A Billion Colour Story,"dramas, independent movies, international movies",2016,a billion colour story,Netflix
A Boy Called Po,"dramas, sci-fi & fantasy",2016,a boy called po,Netflix
A Bridge Too Far,"action & adventure, classic movies, dramas",1977,a bridge too far,Netflix
A Clockwork Orange,"classic movies, cult movies, dramas",1971,a clockwork orange,Netflix
A Dangerous Woman,"dramas, romantic movies",1993,a dangerous woman,Netflix
A Family Affair,"documentaries, international movies",2015,a family affair,Netflix
A Family Man,dramas,2016,a family man,Netflix
A Flying Jatt,"action & adventure, international movies, sci-fi & fantasy",2016,a flying jatt,Netflix
A Glimpse Inside the Mind of Charles Swan III,"comedies, independent movies",2012,a glimpse inside the mind of charles swan iii,Netflix
A Good Wife,"international tv shows, romantic tv shows, tv dramas",2013,a good wife,Netflix
A Gray State,documentaries,2017,a gray state,Netflix
A Haunted House,"comedies, horror movies",2013,a haunted house,Netflix
A Haunting at Silver Falls: The Return,"horror movies, independent movies",2019,a haunting at silver falls the return,Netflix
A Holiday Engagement,"children & family movies, comedies, romantic movies",2011,a holiday engagement,Netflix
A Kind of Murder,thrillers,2016,a kind of murder,Netflix
A Leaf of Faith,documentaries,2018,a leaf of faith,Netflix
A Man Called God,"crime tv shows, international tv shows, korean tv shows",2010,a man called god,Netflix
A Mission in an Old Movie,"comedies, international movies",2012,a mission in an old movie,Netflix
A Most Violent Year,"dramas, thrillers",2014,a most violent year,Netflix
A Murder in the Park,documentaries,2014,a murder in the park,Netflix
A new Capitalism,"documentaries, international movies",2017,a new capitalism,Netflix
A Night at the Roxbury,"comedies, cult movies",1998,a night at the roxbury,Netflix
A Noble Intention,"dramas, international movies",2015,a noble intention,Netflix
A Patch of Fog,"dramas, thrillers",2015,a patch of fog,Netflix
A Perfect Man,"dramas, independent movies, romantic movies",2013,a perfect man,Netflix
A Princess for Christmas,"children & family movies, dramas, romantic movies",2011,a princess for christmas,Netflix
A Russell Peters Christmas,stand-up comedy,2011,a russell peters christmas,Netflix
A Scandall,"international movies, thrillers",2016,a scandall,Netflix
A Separation,"dramas, international movies",2011,a separation,Netflix
A Serious Man,"comedies, independent movies",2009,a serious man,Netflix
A Sort of Homecoming,"dramas, independent movies",2015,a sort of homecoming,Netflix
A Tale of Love and Darkness,"dramas, international movies",2015,a tale of love and darkness,Netflix
A Thin Line Between Love & Hate,"comedies, romantic movies",1996,a thin line between love  hate,Netflix
A Thousand Words,comedies,2012,a thousand words,Netflix
A Walk to Remember,"dramas, romantic movies",2002,a walk to remember,Netflix
A Wednesday,"action & adventure, dramas, international movies",2008,a wednesday,Netflix
A Week in Watts,documentaries,2017,a week in watts,Netflix
A Wrinkle in Time,children & family movies,2018,a wrinkle in time,Netflix
A Young Doctor's Notebook and Other Stories,"british tv shows, tv comedies, tv dramas",2013,a young doctors notebook and other stories,Netflix
A.D. Kingdom and Empire,tv dramas,2015,ad kingdom and empire,Netflix
A.M.I.,horror movies,2019,ami,Netflix
A.X.L.,"action & adventure, children & family movies, independent movies",2018,axl,Netflix
Aşk Tesadüfleri Sever,"dramas, international movies, romantic movies",2011,ak tesadfleri sever,Netflix
Aadu 2,"comedies, international movies",2017,aadu 2,Netflix
Aajcha Divas Majha,"comedies, dramas, international movies",2013,aajcha divas majha,Netflix
Aarakshan,"dramas, international movies",2011,aarakshan,Netflix
Aashayein,"dramas, international movies",2010,aashayein,Netflix
Aata Pita,"comedies, dramas, international movies",2010,aata pita,Netflix
Abby Sen,"comedies, dramas, international movies",2015,abby sen,Netflix
Abdo Mota,"action & adventure, dramas, international movies",2012,abdo mota,Netflix
Abhinetri,"comedies, international movies, sci-fi & fantasy",2016,abhinetri,Netflix
Abnormal Summit,"international tv shows, korean tv shows, stand-up comedy & talk shows",2017,abnormal summit,Netflix
Abominable Christmas,"children & family movies, comedies",2012,abominable christmas,Netflix
About a Boy,"comedies, dramas, international movies",2002,about a boy,Netflix
Abzurdah,"dramas, international movies",2015,abzurdah,Netflix
Acapulco La vida va,"comedies, dramas, international movies",2016,acapulco la vida va,Netflix
Across The Line,"dramas, sports movies",2015,across the line,Netflix
Across the Universe,"dramas, music & musicals, romantic movies",2007,across the universe,Netflix
Act of Valor,action & adventure,2012,act of valor,Netflix
Act of Vengeance,"action & adventure, international movies",2010,act of vengeance,Netflix
Acts of Violence,action & adventure,2018,acts of violence,Netflix
Adam Ruins Everything,tv comedies,2018,adam ruins everything,Netflix
Addicted to Life,"action & adventure, documentaries, international movies",2014,addicted to life,Netflix
Adore,"dramas, independent movies, international movies",2013,adore,Netflix
Adrishya,"horror movies, independent movies, international movies",2017,adrishya,Netflix
Adventures in Public School,comedies,2018,adventures in public school,Netflix
Africa,"british tv shows, docuseries, international tv shows",2013,africa,Netflix
After Porn Ends,documentaries,2012,after porn ends,Netflix
After Porn Ends 3,documentaries,2018,after porn ends 3,Netflix
Afterschool,"dramas, independent movies",2008,afterschool,Netflix
Aftershock,"action & adventure, horror movies",2012,aftershock,Netflix
Agatha and the Truth of Murder,dramas,2018,agatha and the truth of murder,Netflix
Age Gap Love,"british tv shows, reality tv, romantic tv shows",2017,age gap love,Netflix
Age of Glory,"international tv shows, romantic tv shows, tv dramas",2010,age of glory,Netflix
Agent Raghav,"crime tv shows, international tv shows, tv action & adventure",2015,agent raghav,Netflix
Ahista Ahista,"dramas, international movies, romantic movies",2006,ahista ahista,Netflix
Ai Weiwei: Never Sorry,documentaries,2012,ai weiwei never sorry,Netflix
Ainsley Eats the Streets,"british tv shows, docuseries, international tv shows",2014,ainsley eats the streets,Netflix
Aisa Yeh Jahaan,"dramas, independent movies, international movies",2015,aisa yeh jahaan,Netflix
Aitraaz,"international movies, music & musicals, romantic movies",2004,aitraaz,Netflix
Alarmoty in the Land of Fire,"comedies, international movies",2017,alarmoty in the land of fire,Netflix
Albion: The Enchanted Stallion,children & family movies,2016,albion the enchanted stallion,Netflix
Alejandro Sanz: What I Was Is What I Am,"documentaries, international movies, music & musicals",2018,alejandro sanz what i was is what i am,Netflix
Alice Doesn't Live Here Anymore,"classic movies, comedies, dramas",1974,alice doesnt live here anymore,Netflix
Alien Contact: Outer Space,documentaries,2017,alien contact outer space,Netflix
Aliens Ate My Homework,"children & family movies, comedies, sci-fi & fantasy",2018,aliens ate my homework,Netflix
Alive and Kicking,documentaries,2016,alive and kicking,Netflix
All About Nina,"comedies, dramas, independent movies",2018,all about nina,Netflix
All Dogs Go to Heaven,children & family movies,1989,all dogs go to heaven,Netflix
All Good Ones Get Away,"international movies, thrillers",2019,all good ones get away,Netflix
All Hallows' Eve,"children & family movies, independent movies",2016,all hallows eve,Netflix
All Light Will End,"horror movies, thrillers",2018,all light will end,Netflix
All the Boys Love Mandy Lane,horror movies,2006,all the boys love mandy lane,Netflix
All the Devil's Men,action & adventure,2018,all the devils men,Netflix
Alone in Berlin,dramas,2016,alone in berlin,Netflix
Along Came a Spider,thrillers,2001,along came a spider,Netflix
Alpha and Omega 2: A Howl-iday Adventure,children & family movies,2013,alpha and omega 2 a howliday adventure,Netflix
Alpha and Omega: The Legend of the Saw Tooth Cave,children & family movies,2014,alpha and omega the legend of the saw tooth cave,Netflix
Alphablocks,kids' tv,2014,alphablocks,Netflix
AlphaGo,documentaries,2017,alphago,Netflix
Always a Bridesmaid,"comedies, romantic movies",2019,always a bridesmaid,Netflix
Amar Akbar & Tony,"comedies, dramas, international movies",2015,amar akbar  tony,Netflix
Amar Akbar Anthony,"action & adventure, classic movies, comedies",1977,amar akbar anthony,Netflix
Amar's Hands,"dramas, international movies",2011,amars hands,Netflix
America's Book of Secrets,docuseries,2014,americas book of secrets,Netflix
American Anarchist,documentaries,2016,american anarchist,Netflix
American Assassin,action & adventure,2017,american assassin,Netflix
American Beauty,dramas,1999,american beauty,Netflix
American Circumcision,documentaries,2017,american circumcision,Netflix
American Crime,"crime tv shows, tv dramas",2017,american crime,Netflix
American Experience: Ruby Ridge,documentaries,2017,american experience ruby ridge,Netflix
American Experience: The Circus,docuseries,2018,american experience the circus,Netflix
American Experience: The Island Murder,documentaries,2018,american experience the island murder,Netflix
American Hangman,thrillers,2019,american hangman,Netflix
American Heist,"action & adventure, dramas",2014,american heist,Netflix
American History X,dramas,1998,american history x,Netflix
American Honey,"dramas, independent movies",2016,american honey,Netflix
American Masters: Ted Williams,"documentaries, sports movies",2018,american masters ted williams,Netflix
American Odyssey,"tv dramas, tv thrillers",2015,american odyssey,Netflix
American Psycho,"comedies, cult movies, dramas",2000,american psycho,Netflix
American Warfighter,dramas,2019,american warfighter,Netflix
Amy,"documentaries, international movies, music & musicals",2015,amy,Netflix
An American in Madras,"documentaries, international movies",2013,an american in madras,Netflix
An American Tail,children & family movies,1986,an american tail,Netflix
An American Tail: Fievel Goes West,children & family movies,1991,an american tail fievel goes west,Netflix
An American Tail: The Mystery of the Night Monster,children & family movies,1999,an american tail the mystery of the night monster,Netflix
An American Tail: The Treasures of Manhattan Island,children & family movies,2000,an american tail the treasures of manhattan island,Netflix
An Hour and a Half,"dramas, international movies",2012,an hour and a half,Netflix
An Innocent Mistake,"international tv shows, romantic tv shows, tv dramas",2012,an innocent mistake,Netflix
An Interview with God,"dramas, faith & spirituality",2018,an interview with god,Netflix
An Upper Egyptian,"comedies, dramas, international movies",2014,an upper egyptian,Netflix
Anarkali of Aarah,"dramas, independent movies, international movies",2017,anarkali of aarah,Netflix
Anchor and Hope,"comedies, dramas, lgbtq movies",2017,anchor and hope,Netflix
Ancient Aliens,"docuseries, science & nature tv",2018,ancient aliens,Netflix
Anesthesia,"dramas, independent movies",2015,anesthesia,Netflix
Angel Eyes,"dramas, romantic movies",2001,angel eyes,Netflix
Anger Management,comedies,2003,anger management,Netflix
Angry Indian Goddesses,"dramas, independent movies, international movies",2015,angry indian goddesses,Netflix
Anjaan: Rural Myths,"international tv shows, tv horror, tv thrillers",2018,anjaan rural myths,Netflix
Anjaan: Special Crimes Unit,"international tv shows, tv horror, tv mysteries",2018,anjaan special crimes unit,Netflix
Ankur Arora Murder Case,"dramas, international movies, thrillers",2013,ankur arora murder case,Netflix
Annabelle Hooper and the Ghosts of Nantucket,children & family movies,2016,annabelle hooper and the ghosts of nantucket,Netflix
Another Forever,"dramas, independent movies, international movies",2016,another forever,Netflix
Ant-Man and the Wasp,"action & adventure, comedies, sci-fi & fantasy",2018,antman and the wasp,Netflix
Antar: Son of Shadad,"comedies, international movies",2017,antar son of shadad,Netflix
Antariksha Ke Rakhwale,children & family movies,2018,antariksha ke rakhwale,Netflix
Anthony Bourdain: Parts Unknown,docuseries,2018,anthony bourdain parts unknown,Netflix
Antidote,"action & adventure, horror movies",2018,antidote,Netflix
Anwar,"dramas, independent movies, international movies",2007,anwar,Netflix
Apache Warrior,documentaries,2017,apache warrior,Netflix
APEX: The Story of the Hypercar,documentaries,2016,apex the story of the hypercar,Netflix
Apollo 18,"horror movies, sci-fi & fantasy, thrillers",2011,apollo 18,Netflix
April and the Extraordinary World,"action & adventure, comedies, international movies",2015,april and the extraordinary world,Netflix
"Aram, Aram","dramas, independent movies",2015,aram aram,Netflix
Are We Done Yet?,"comedies, dramas, international movies",2018,are we done yet,Netflix
Arisan 2,"comedies, dramas, international movies",2011,arisan 2,Netflix
Arthur,"comedies, romantic movies",2011,arthur,Netflix
Arthur Christmas,"children & family movies, comedies",2011,arthur christmas,Netflix
"As Above, So Below","horror movies, thrillers",2014,as above so below,Netflix
As Good as It Gets,"comedies, romantic movies",1997,as good as it gets,Netflix
Assimilate,"horror movies, sci-fi & fantasy, thrillers",2019,assimilate,Netflix
Asura: The City of Madness,"action & adventure, dramas, international movies",2016,asura the city of madness,Netflix
At All Costs,"documentaries, sports movies",2016,at all costs,Netflix
At First Light,"dramas, sci-fi & fantasy",2018,at first light,Netflix
ATM,"comedies, international movies, romantic movies",2012,atm,Netflix
Atomic Puppet,"crime tv shows, kids' tv, tv comedies",2016,atomic puppet,Netflix
Attacking the Devil: Harold Evans and the Last Nazi War Crime,"documentaries, international movies",2014,attacking the devil harold evans and the last nazi war crime,Netflix
Attitude Test,"comedies, independent movies, international movies",2016,attitude test,Netflix
Auschwitz: Blueprints of Genocide,documentaries,1994,auschwitz blueprints of genocide,Netflix
Aussie Gold Hunters,"docuseries, international tv shows, reality tv",2016,aussie gold hunters,Netflix
Automata,"international movies, sci-fi & fantasy, thrillers",2014,automata,Netflix
Avengers: Infinity War,"action & adventure, sci-fi & fantasy",2018,avengers infinity war,Netflix
Avicii: True Stories,"documentaries, international movies, music & musicals",2017,avicii true stories,Netflix
Azhar,"dramas, international movies, sports movies",2016,azhar,Netflix
B.A. Pass,"dramas, independent movies, international movies",2013,ba pass,Netflix
Babam ve Oğlum,"dramas, international movies",2005,babam ve olum,Netflix
Babel,"dramas, independent movies",2006,babel,Netflix
Bachelor Girls,"documentaries, international movies",2016,bachelor girls,Netflix
Back and Forth,"comedies, dramas, international movies",2016,back and forth,Netflix
Backcountry,"horror movies, independent movies, thrillers",2014,backcountry,Netflix
Backfire,"dramas, independent movies, thrillers",2019,backfire,Netflix
Backtrack,"dramas, thrillers",2015,backtrack,Netflix
Bad Boys,"action & adventure, comedies",1995,bad boys,Netflix
Bad Boys II,"action & adventure, comedies",2003,bad boys ii,Netflix
Bad Education,"british tv shows, tv comedies",2014,bad education,Netflix
Bad Match,thrillers,2017,bad match,Netflix
Bad Rap,"documentaries, music & musicals",2016,bad rap,Netflix
Badalte Rishton Ki Dastaan,"international tv shows, tv dramas",2013,badalte rishton ki dastaan,Netflix
Badha,"dramas, international movies",2006,badha,Netflix
Badland,dramas,2019,badland,Netflix
Bala Loca,"international tv shows, spanish-language tv shows, tv dramas",2016,bala loca,Netflix
Balto,"children & family movies, dramas",1995,balto,Netflix
Balto 2: Wolf Quest,children & family movies,2001,balto 2 wolf quest,Netflix
Balto 3: Wings of Change,children & family movies,2004,balto 3 wings of change,Netflix
Balu Mahi,"international movies, romantic movies",2017,balu mahi,Netflix
Bana Masal Anlatma,"comedies, international movies, romantic movies",2015,bana masal anlatma,Netflix
Band Aid,"comedies, dramas, independent movies",2017,band aid,Netflix
Band of Robbers,"action & adventure, comedies, independent movies",2015,band of robbers,Netflix
Bang Rajan 2,"action & adventure, international movies",2010,bang rajan 2,Netflix
Bangkok Bachelors,"international tv shows, romantic tv shows, tv comedies",2016,bangkok bachelors,Netflix
Bangkok Hell,"dramas, international movies",2002,bangkok hell,Netflix
Bangkok Traffic (Love) Story,"comedies, international movies, romantic movies",2009,bangkok traffic love story,Netflix
Barça Dreams,"documentaries, international movies, sports movies",2015,bara dreams,Netflix
Barah Aana,"dramas, international movies",2009,barah aana,Netflix
Barbecue,"documentaries, international movies",2017,barbecue,Netflix
Barbie & Her Sisters in a Pony Tale,children & family movies,2013,barbie  her sisters in a pony tale,Netflix
Barbie in A Mermaid Tale,children & family movies,2010,barbie in a mermaid tale,Netflix
Barbie in Princess Power,children & family movies,2015,barbie in princess power,Netflix
Barbie in Rock 'N Royals,children & family movies,2015,barbie in rock n royals,Netflix
Barbie Star Light Adventure,children & family movies,2016,barbie star light adventure,Netflix
Barbie: A Fairy Secret,children & family movies,2010,barbie a fairy secret,Netflix
Barbie: Princess Charm School,children & family movies,2011,barbie princess charm school,Netflix
Barbie: Spy Squad,children & family movies,2016,barbie spy squad,Netflix
Barbie: The Princess & the Popstar,children & family movies,2012,barbie the princess  the popstar,Netflix
Barbie: Video Game Hero,children & family movies,2017,barbie video game hero,Netflix
Barely Lethal,"action & adventure, comedies",2015,barely lethal,Netflix
Barrio Universitario,"comedies, international movies",2013,barrio universitario,Netflix
Barsaat,"action & adventure, international movies, music & musicals",1995,barsaat,Netflix
BASEketball,"comedies, sports movies",1998,baseketball,Netflix
Basic Instinct,"classic movies, thrillers",1992,basic instinct,Netflix
Bat Pat,kids' tv,2016,bat pat,Netflix
Bates Motel,"crime tv shows, tv dramas, tv horror",2017,bates motel,Netflix
Bathtubs Over Broadway,"documentaries, music & musicals",2018,bathtubs over broadway,Netflix
Battle Creek,"crime tv shows, tv comedies, tv dramas",2015,battle creek,Netflix
Battlefield Recovery,"british tv shows, docuseries, reality tv",2016,battlefield recovery,Netflix
Bawarchi,"classic movies, comedies, dramas",1972,bawarchi,Netflix
Bazaar,"dramas, independent movies, international movies",1982,bazaar,Netflix
Be Here Now,documentaries,2015,be here now,Netflix
Be Somebody,"comedies, dramas, romantic movies",2016,be somebody,Netflix
Be-Be-Bears,kids' tv,2018,bebebears,Netflix
Beak & Brain: Genius Birds From Down Under,"documentaries, international movies",2013,beak  brain genius birds from down under,Netflix
Bean: The Ultimate Disaster Movie,"comedies, international movies",1997,bean the ultimate disaster movie,Netflix
Beary Tales,"children & family movies, documentaries, international movies",2013,beary tales,Netflix
Beast Legends,docuseries,2010,beast legends,Netflix
Beating Again,"international tv shows, korean tv shows, romantic tv shows",2015,beating again,Netflix
Beauty & the Beast,"crime tv shows, romantic tv shows, tv dramas",2016,beauty  the beast,Netflix
Beauty and the Bitches,"international tv shows, romantic tv shows, tv comedies",2016,beauty and the bitches,Netflix
Beavis and Butt-head Do America,"comedies, cult movies",1996,beavis and butthead do america,Netflix
Bebe's Kids,comedies,1992,bebes kids,Netflix
Because of Soccer,"comedies, dramas, international movies",2008,because of soccer,Netflix
Because We're Heading Out,"comedies, international movies",2016,because were heading out,Netflix
Becoming Jane,"dramas, romantic movies",2007,becoming jane,Netflix
Bedtime Stories,"children & family movies, comedies",2008,bedtime stories,Netflix
Before the Flood,documentaries,2016,before the flood,Netflix
"Behind ""The Cove"": The Quiet Japanese Speak Out","documentaries, international movies",2015,behind the cove the quiet japanese speak out,Netflix
Behind the Curtain: Todrick Hall,"documentaries, lgbtq movies, music & musicals",2017,behind the curtain todrick hall,Netflix
Behind the Newsroom,"international tv shows, romantic tv shows, tv dramas",2015,behind the newsroom,Netflix
Behzat Ç.,"crime tv shows, international tv shows, tv dramas",2010,behzat,Netflix
Beiimaan Love,"dramas, international movies, romantic movies",2016,beiimaan love,Netflix
Being AP,"documentaries, international movies, sports movies",2015,being ap,Netflix
Being Mary Jane: The Series,"romantic tv shows, tv dramas",2016,being mary jane the series,Netflix
Below Her Mouth,"dramas, independent movies, international movies",2016,below her mouth,Netflix
Ben 10,kids' tv,2016,ben 10,Netflix
Beneath the Leaves,"independent movies, thrillers",2019,beneath the leaves,Netflix
Benji: Off the Leash,"children & family movies, dramas",2004,benji off the leash,Netflix
Benji's Very Own Christmas Story,children & family movies,1978,benjis very own christmas story,Netflix
Berlin Kaplani,"comedies, international movies, sports movies",2012,berlin kaplani,Netflix
"Berlin, I Love You","dramas, international movies, romantic movies",2019,berlin i love you,Netflix
Best Neighbors,"comedies, international movies",2014,best neighbors,Netflix
Betting on Zero,documentaries,2017,betting on zero,Netflix
Bewafaa,"dramas, international movies, romantic movies",2005,bewafaa,Netflix
Bewildered Bolbol,"comedies, international movies, romantic movies",2010,bewildered bolbol,Netflix
Beyblade: Metal Fusion,"anime series, kids' tv",2009,beyblade metal fusion,Netflix
Beyond All Boundaries,"documentaries, international movies, sports movies",2013,beyond all boundaries,Netflix
Beyond the Clouds,"dramas, independent movies, international movies",2018,beyond the clouds,Netflix
Bh Se Bhade,"international tv shows, tv comedies",2013,bh se bhade,Netflix
Bhaage Re Mann,"international tv shows, romantic tv shows, tv dramas",2015,bhaage re mann,Netflix
Bhagam Bhag,"comedies, international movies, romantic movies",2006,bhagam bhag,Netflix
Bheemayan,children & family movies,2018,bheemayan,Netflix
Bhool Bhulaiyaa,"dramas, international movies, thrillers",2007,bhool bhulaiyaa,Netflix
Bhoot,"horror movies, international movies, thrillers",2003,bhoot,Netflix
Bhouri,"dramas, independent movies, international movies",2017,bhouri,Netflix
Big Bad Beetleborgs,"kids' tv, tv comedies",1997,big bad beetleborgs,Netflix
Big Bear,comedies,2017,big bear,Netflix
Big Daddy,comedies,1999,big daddy,Netflix
"Big Dreams, Small Spaces","british tv shows, international tv shows, reality tv",2017,big dreams small spaces,Netflix
Big Fat Liar,"children & family movies, comedies",2002,big fat liar,Netflix
Big Kill,action & adventure,2018,big kill,Netflix
Big Time,documentaries,2017,big time,Netflix
Bigger Fatter Liar,"children & family movies, comedies",2017,bigger fatter liar,Netflix
Biggie & Tupac,"documentaries, music & musicals",2002,biggie  tupac,Netflix
Bill Burr: Let It Go,stand-up comedy,2010,bill burr let it go,Netflix
Billy Elliot,"dramas, independent movies, international movies",2000,billy elliot,Netflix
Billy Graham: An Extraordinary Journey,"documentaries, faith & spirituality",2018,billy graham an extraordinary journey,Netflix
Bilu Rakkhosh,"dramas, international movies",2017,bilu rakkhosh,Netflix
Bioscope,"dramas, international movies, lgbtq movies",2015,bioscope,Netflix
Birthmarked,"comedies, independent movies, international movies",2018,birthmarked,Netflix
Bitch,"comedies, dramas, independent movies",2017,bitch,Netflix
Bitcoin Heist,"action & adventure, comedies, international movies",2016,bitcoin heist,Netflix
Bitten,"international tv shows, tv dramas, tv horror",2016,bitten,Netflix
Bitter Daisies,"crime tv shows, international tv shows, tv dramas",2018,bitter daisies,Netflix
Bittoo Boss,"comedies, dramas, international movies",2012,bittoo boss,Netflix
Black & Privileged: Volume 1,dramas,2019,black  privileged volume 1,Netflix
Black Hawk Down,"action & adventure, dramas",2001,black hawk down,Netflix
Black Heart,"crime tv shows, international tv shows, tv dramas",2014,black heart,Netflix
Black Man White Skin,"documentaries, international movies",2015,black man white skin,Netflix
Black Panther,"action & adventure, sci-fi & fantasy",2018,black panther,Netflix
Black Site Delta,action & adventure,2017,black site delta,Netflix
Black Snake Moan,"dramas, independent movies",2007,black snake moan,Netflix
Black Snow,"dramas, international movies, thrillers",2017,black snow,Netflix
Blackfish,documentaries,2013,blackfish,Netflix
Blackway,thrillers,2015,blackway,Netflix
Blaze,"dramas, independent movies, music & musicals",2018,blaze,Netflix
Bleed for This,"dramas, sports movies",2016,bleed for this,Netflix
Blinky Bill: The Movie,children & family movies,2015,blinky bill the movie,Netflix
Blockbuster,"comedies, independent movies, international movies",2017,blockbuster,Netflix
Blood & Treasures,"international tv shows, tv dramas, tv sci-fi & fantasy",2016,blood  treasures,Netflix
Blood Father,"action & adventure, international movies",2016,blood father,Netflix
Blow,dramas,2001,blow,Netflix
Blue Is the Warmest Color,"dramas, independent movies, international movies",2013,blue is the warmest color,Netflix
Blue Jasmine,"comedies, dramas, independent movies",2013,blue jasmine,Netflix
Blue Mountain State: The Rise of Thadland,comedies,2016,blue mountain state the rise of thadland,Netflix
Blue Planet II,"british tv shows, docuseries, science & nature tv",2017,blue planet ii,Netflix
Blue Ruin,"independent movies, thrillers",2013,blue ruin,Netflix
Blue Streak,"action & adventure, comedies",1999,blue streak,Netflix
Blue Valentine,"dramas, independent movies, romantic movies",2010,blue valentine,Netflix
Blurred Lines: Inside the Art World,documentaries,2017,blurred lines inside the art world,Netflix
Bob Lazar: Area 51 & Flying Saucers,documentaries,2018,bob lazar area 51  flying saucers,Netflix
Bob Ross: Beauty Is Everywhere,tv shows,1991,bob ross beauty is everywhere,Netflix
Bob's Broken Sleigh,children & family movies,2015,bobs broken sleigh,Netflix
Bobbi Jene,documentaries,2017,bobbi jene,Netflix
Bobby,"classic movies, dramas, international movies",1973,bobby,Netflix
Bobby Robson: More Than a Manager,"documentaries, international movies, sports movies",2018,bobby robson more than a manager,Netflix
Bobby Sands: 66 Days,documentaries,2016,bobby sands 66 days,Netflix
Bokeh,"dramas, independent movies, sci-fi & fantasy",2017,bokeh,Netflix
Bolt,"children & family movies, comedies",2008,bolt,Netflix
Bombshell: The Hedy Lamarr Story,documentaries,2017,bombshell the hedy lamarr story,Netflix
Bon Bini Holland,"comedies, international movies",2015,bon bini holland,Netflix
Bondi Rescue,reality tv,2016,bondi rescue,Netflix
Bonnie and Clyde,"action & adventure, classic movies, dramas",1967,bonnie and clyde,Netflix
Boom,"action & adventure, dramas, international movies",2003,boom,Netflix
Border Patrol,reality tv,2016,border patrol,Netflix
Borderline,"british tv shows, tv comedies",2017,borderline,Netflix
Born Strong,"documentaries, sports movies",2017,born strong,Netflix
Born to Be Free,"documentaries, international movies",2016,born to be free,Netflix
Botched Up Bodies,"british tv shows, docuseries, international tv shows",2013,botched up bodies,Netflix
Bottom of the World,"dramas, independent movies, thrillers",2017,bottom of the world,Netflix
Boy and the World,children & family movies,2013,boy and the world,Netflix
Boy Bye,"comedies, romantic movies",2016,boy bye,Netflix
Brain Games,"docuseries, science & nature tv",2016,brain games,Netflix
Brampton's Own,"dramas, romantic movies, sports movies",2018,bramptons own,Netflix
Bratz: The Movie,"children & family movies, comedies",2007,bratz the movie,Netflix
Brave Miss World,"crime tv shows, docuseries",2013,brave miss world,Netflix
Brave New Jersey,"comedies, independent movies",2016,brave new jersey,Netflix
Braxton Family Values,reality tv,2014,braxton family values,Netflix
Breaking Free,"documentaries, international movies, lgbtq movies",2015,breaking free,Netflix
Breath,"dramas, sports movies",2018,breath,Netflix
Brick,"independent movies, thrillers",2005,brick,Netflix
Bring It On: Worldwide Showdown,comedies,2017,bring it on worldwide showdown,Netflix
Bringing Sexy Back,"international tv shows, reality tv",2015,bringing sexy back,Netflix
Brooklyn's Finest,"dramas, thrillers",2009,brooklyns finest,Netflix
Brotherhood of Blades II: The Infernal Battlefield,"action & adventure, international movies",2017,brotherhood of blades ii the infernal battlefield,Netflix
Brown Nation,tv comedies,2016,brown nation,Netflix
Bruno and Boots: Go Jump in the Pool,"children & family movies, comedies",2016,bruno and boots go jump in the pool,Netflix
Bruno and Boots: The Wizzle War,"children & family movies, comedies",2017,bruno and boots the wizzle war,Netflix
Bruno and Boots: This Can't Be Happening at Macdonald Hall,"children & family movies, comedies",2017,bruno and boots this cant be happening at macdonald hall,Netflix
Buddha,"international tv shows, tv dramas",2013,buddha,Netflix
Buffalo Boys,"action & adventure, international movies",2018,buffalo boys,Netflix
Bugs,"documentaries, international movies",2016,bugs,Netflix
Bullitt County,"independent movies, thrillers",2018,bullitt county,Netflix
"Bure Kaam Bura Natija, Kyun Bhai Chacha Haan Bhatija",kids' tv,2017,bure kaam bura natija kyun bhai chacha haan bhatija,Netflix
Burlesque,"dramas, romantic movies",2010,burlesque,Netflix
Burlesque: Heart of the Glitter Tribe,documentaries,2017,burlesque heart of the glitter tribe,Netflix
Burning,"dramas, independent movies, international movies",2018,burning,Netflix
Burnistoun,"british tv shows, tv comedies",2012,burnistoun,Netflix
Bushwick,"action & adventure, independent movies",2017,bushwick,Netflix
Butterfield 8,"classic movies, dramas, romantic movies",1960,butterfield 8,Netflix
Cézanne et moi,"dramas, independent movies, international movies",2016,czanne et moi,Netflix
Cabin Fever,"horror movies, thrillers",2016,cabin fever,Netflix
Cabins in the Wild with Dick Strawbridge,"british tv shows, international tv shows, reality tv",2017,cabins in the wild with dick strawbridge,Netflix
Cahaya Dari Timur Beta Maluku,"dramas, international movies, sports movies",2014,cahaya dari timur beta maluku,Netflix
Caida del Cielo,"comedies, international movies, romantic movies",2016,caida del cielo,Netflix
Cain and Abel,"international tv shows, korean tv shows, romantic tv shows",2009,cain and abel,Netflix
Cake,"comedies, dramas, international movies",2018,cake,Netflix
Calendar Girls,"dramas, international movies",2015,calendar girls,Netflix
Calico Critters,kids' tv,2018,calico critters,Netflix
Calico Critters: A Town of Dreams,children & family movies,2017,calico critters a town of dreams,Netflix
Calico Critters: The Treasure of Calico Village,children & family movies,2017,calico critters the treasure of calico village,Netflix
Call Me Francis,"international tv shows, spanish-language tv shows, tv dramas",2016,call me francis,Netflix
Camelia la Texana,"crime tv shows, romantic tv shows, spanish-language tv shows",2014,camelia la texana,Netflix
Camera Store,"comedies, dramas",2016,camera store,Netflix
Camp Cool Kids,"children & family movies, comedies, dramas",2017,camp cool kids,Netflix
Camp X,docuseries,2014,camp x,Netflix
Camp X-Ray,"dramas, independent movies",2014,camp xray,Netflix
Can We Get Married?,"international tv shows, korean tv shows, romantic tv shows",2012,can we get married,Netflix
Can't Hardly Wait,"comedies, romantic movies",1998,cant hardly wait,Netflix
Candyman,"cult movies, horror movies",1992,candyman,Netflix
Cannabis,"crime tv shows, international tv shows, tv dramas",2016,cannabis,Netflix
Capital in the Twenty-First Century,documentaries,2019,capital in the twentyfirst century,Netflix
Cappuccino,"comedies, dramas, international movies",2017,cappuccino,Netflix
Cardboard Gangsters,"dramas, international movies",2016,cardboard gangsters,Netflix
Care Bears: Welcome to Care-a-Lot,kids' tv,2012,care bears welcome to carealot,Netflix
Caregiver,"dramas, international movies",2008,caregiver,Netflix
Carol,"dramas, lgbtq movies, romantic movies",2015,carol,Netflix
Carrie,"classic movies, cult movies, horror movies",1976,carrie,Netflix
Carriers,"horror movies, sci-fi & fantasy, thrillers",2009,carriers,Netflix
Casa de mi Padre,comedies,2012,casa de mi padre,Netflix
Case Closed,"anime series, crime tv shows, tv thrillers",2015,case closed,Netflix
Casino Royale,action & adventure,2006,casino royale,Netflix
Casino Tycoon,"action & adventure, dramas, international movies",1992,casino tycoon,Netflix
Casino Tycoon 2,"action & adventure, dramas, international movies",1992,casino tycoon 2,Netflix
Castle of Stars,"international tv shows, romantic tv shows, tv comedies",2015,castle of stars,Netflix
Cat on a Hot Tin Roof,"classic movies, dramas",1958,cat on a hot tin roof,Netflix
Catching the Sun,documentaries,2015,catching the sun,Netflix
Cats & Dogs: The Revenge of Kitty Galore,"children & family movies, comedies",2010,cats  dogs the revenge of kitty galore,Netflix
Catwalk: Tales from the Cat Show Circuit,"documentaries, international movies",2018,catwalk tales from the cat show circuit,Netflix
Cave,"action & adventure, international movies, thrillers",2016,cave,Netflix
Celluloid Man,"documentaries, international movies",2012,celluloid man,Netflix
Center Stage,dramas,2000,center stage,Netflix
Chaar Sahibzaade,"dramas, faith & spirituality, international movies",2014,chaar sahibzaade,Netflix
Chal Dhar Pakad,"comedies, dramas, international movies",2010,chal dhar pakad,Netflix
Chal Mere Bhai,"comedies, international movies, romantic movies",2000,chal mere bhai,Netflix
Chalay Thay Saath,"comedies, dramas, international movies",2017,chalay thay saath,Netflix
Chandani: The Daughter of the Elephant Whisperer,"documentaries, international movies",2010,chandani the daughter of the elephant whisperer,Netflix
Change in the Air,dramas,2018,change in the air,Netflix
Chaotic Love Poems,"dramas, international movies, romantic movies",2016,chaotic love poems,Netflix
Chappaquiddick,dramas,2017,chappaquiddick,Netflix
Charlie and the Chocolate Factory,"children & family movies, comedies",2005,charlie and the chocolate factory,Netflix
Charlie's Angels: Full Throttle,"action & adventure, comedies",2003,charlies angels full throttle,Netflix
Charlotte's Web,"children & family movies, classic movies",1973,charlottes web,Netflix
Chashme Buddoor,"comedies, international movies, music & musicals",2013,chashme buddoor,Netflix
Chasing Amy,"comedies, cult movies, dramas",1997,chasing amy,Netflix
Chasing Monsters,"docuseries, reality tv, science & nature tv",2016,chasing monsters,Netflix
Chasing the Dragon,"action & adventure, dramas, international movies",2017,chasing the dragon,Netflix
Chasing Trane,"documentaries, music & musicals",2016,chasing trane,Netflix
Chauthi Koot,"dramas, independent movies, international movies",2015,chauthi koot,Netflix
Cheapest Weddings,"international tv shows, reality tv",2016,cheapest weddings,Netflix
Cheers,"classic & cult tv, tv comedies",1992,cheers,Netflix
Chef & My Fridge,"international tv shows, korean tv shows, reality tv",2017,chef  my fridge,Netflix
Chernobyl Diaries,"horror movies, thrillers",2012,chernobyl diaries,Netflix
Chewin' the Fat,"british tv shows, tv comedies",1999,chewin the fat,Netflix
Chewing Gum,"british tv shows, international tv shows, romantic tv shows",2017,chewing gum,Netflix
Chhota Bheem Aur Kaala Yodha,movies,2018,chhota bheem aur kaala yodha,Netflix
Chhota Bheem Ka Romani Adventure,children & family movies,2018,chhota bheem ka romani adventure,Netflix
Chhota Bheem Ka Troll Se Takkar,movies,2018,chhota bheem ka troll se takkar,Netflix
Chhota Bheem Kungfu Dhamaka,children & family movies,2019,chhota bheem kungfu dhamaka,Netflix
Chicken Kokkachi,"comedies, international movies",2017,chicken kokkachi,Netflix
Chicken Little,"children & family movies, comedies",2005,chicken little,Netflix
Chief Daddy,"comedies, dramas, international movies",2018,chief daddy,Netflix
Child's Play,"cult movies, horror movies",1988,childs play,Netflix
Chill with Bob Ross,tv shows,1994,chill with bob ross,Netflix
China Salesman,"action & adventure, international movies",2017,china salesman,Netflix
Chingo Bling: They Can't Deport Us All,stand-up comedy,2017,chingo bling they cant deport us all,Netflix
Chittagong,"dramas, independent movies, international movies",2012,chittagong,Netflix
Chitty Chitty Bang Bang,"children & family movies, classic movies, comedies",1968,chitty chitty bang bang,Netflix
Chloe,"independent movies, thrillers",2009,chloe,Netflix
Chris Brown: Welcome to My Life,"documentaries, music & musicals",2017,chris brown welcome to my life,Netflix
Christian Mingle,"comedies, faith & spirituality, romantic movies",2014,christian mingle,Netflix
Christiane Amanpour: Sex & Love Around the World,docuseries,2018,christiane amanpour sex  love around the world,Netflix
Christmas Crush,"comedies, romantic movies",2012,christmas crush,Netflix
Christmas in the Smokies,"children & family movies, dramas, romantic movies",2015,christmas in the smokies,Netflix
Christmas with the Kranks,"children & family movies, comedies",2004,christmas with the kranks,Netflix
Christopher Robin,"children & family movies, comedies, dramas",2018,christopher robin,Netflix
Chronicle of an Escape,"dramas, international movies, thrillers",2006,chronicle of an escape,Netflix
Chuck Chicken,kids' tv,2017,chuck chicken,Netflix
Chupan Chupai,"comedies, international movies",2017,chupan chupai,Netflix
Chupke Chupke,"classic movies, comedies, international movies",1975,chupke chupke,Netflix
Cirque du Freak: The Vampire's Assistant,"action & adventure, horror movies, sci-fi & fantasy",2009,cirque du freak the vampires assistant,Netflix
City in the Sky,"british tv shows, docuseries, science & nature tv",2016,city in the sky,Netflix
City of God,"dramas, independent movies, international movies",2002,city of god,Netflix
City of Tiny Lights,"dramas, international movies, thrillers",2016,city of tiny lights,Netflix
Civilizations,"british tv shows, docuseries",2018,civilizations,Netflix
Clarence Clemons: Who Do I Think I Am?,"documentaries, music & musicals",2019,clarence clemons who do i think i am,Netflix
Clash of the Titans,"action & adventure, sci-fi & fantasy",2010,clash of the titans,Netflix
Class of '61,dramas,1993,class of 61,Netflix
Class Rank,comedies,2018,class rank,Netflix
Classic Legends,"docuseries, international tv shows",2012,classic legends,Netflix
Cleopatra Jones,"action & adventure, classic movies",1973,cleopatra jones,Netflix
Click,"comedies, sci-fi & fantasy",2006,click,Netflix
Click for Murder,"british tv shows, crime tv shows, docuseries",2017,click for murder,Netflix
Clive Davis: The Soundtrack of Our Lives,"documentaries, music & musicals",2017,clive davis the soundtrack of our lives,Netflix
Closed Circuit,"dramas, thrillers",2013,closed circuit,Netflix
Cloud Atlas,"action & adventure, cult movies, dramas",2012,cloud atlas,Netflix
Clouds of Sils Maria,"dramas, international movies",2014,clouds of sils maria,Netflix
Cloverfield,"action & adventure, horror movies, sci-fi & fantasy",2008,cloverfield,Netflix
Club Friday The Series 6,"international tv shows, romantic tv shows, tv dramas",2015,club friday the series 6,Netflix
Club Friday The Series 7,"international tv shows, romantic tv shows, tv dramas",2016,club friday the series 7,Netflix
Club Friday The Series 8,"international tv shows, romantic tv shows, tv comedies",2017,club friday the series 8,Netflix
Club Friday To Be Continued - Friend & Enemy,"international tv shows, romantic tv shows, tv dramas",2016,club friday to be continued  friend  enemy,Netflix
Club Friday To Be Continued - My Beautiful Tomboy,"international tv shows, romantic tv shows, tv comedies",2016,club friday to be continued  my beautiful tomboy,Netflix
Club Friday To Be Continued - The Promise,"international tv shows, romantic tv shows, tv dramas",2016,club friday to be continued  the promise,Netflix
Coach Carter,"dramas, sports movies",2005,coach carter,Netflix
Code Name: The Cleaner,"action & adventure, comedies",2007,code name the cleaner,Netflix
Coffee with D,"comedies, independent movies, international movies",2017,coffee with d,Netflix
Cold Case Files,"crime tv shows, docuseries",2017,cold case files,Netflix
Cold Case Files Classic,"crime tv shows, docuseries",1999,cold case files classic,Netflix
Colkatay Columbus,"comedies, dramas, independent movies",2016,colkatay columbus,Netflix
Colonia,"dramas, independent movies, international movies",2015,colonia,Netflix
Colours of Passion,"dramas, international movies",2008,colours of passion,Netflix
Come and Find Me,"dramas, thrillers",2016,come and find me,Netflix
Comedy Bang! Bang!,"stand-up comedy & talk shows, tv comedies",2016,comedy bang bang,Netflix
Comedy High School,"international tv shows, tv comedies",2018,comedy high school,Netflix
Command and Control,documentaries,2017,command and control,Netflix
Company,"action & adventure, dramas, international movies",2002,company,Netflix
Compulsion,"dramas, thrillers",2016,compulsion,Netflix
Conan Without Borders,"docuseries, tv comedies",2018,conan without borders,Netflix
Concrete Football,"documentaries, international movies, sports movies",2016,concrete football,Netflix
Concussion,"dramas, independent movies, lgbtq movies",2013,concussion,Netflix
Conjuring Spirit,"horror movies, international movies, thrillers",2014,conjuring spirit,Netflix
Conor McGregor: Notorious,"documentaries, sports movies",2017,conor mcgregor notorious,Netflix
Contract,"action & adventure, dramas, independent movies",2008,contract,Netflix
Convict,"dramas, international movies",2014,convict,Netflix
Cooking on High,reality tv,2018,cooking on high,Netflix
Cool Hand Luke,"classic movies, dramas",1967,cool hand luke,Netflix
Cop and a Half: New Recruit,"children & family movies, comedies",2017,cop and a half new recruit,Netflix
Cop Watchers,"documentaries, international movies",2016,cop watchers,Netflix
Coraline,children & family movies,2009,coraline,Netflix
Counterfeiting in Suburbia,"dramas, thrillers",2018,counterfeiting in suburbia,Netflix
Court Justice,"crime tv shows, docuseries, international tv shows",2017,court justice,Netflix
Covered: Alive in Asia,"documentaries, faith & spirituality, music & musicals",2016,covered alive in asia,Netflix
Crash,"dramas, independent movies",2004,crash,Netflix
CRD,"comedies, dramas, independent movies",2016,crd,Netflix
Crime Time,"crime tv shows, international tv shows, tv action & adventure",2017,crime time,Netflix
"Crouching Tiger, Hidden Dragon","action & adventure, international movies, romantic movies",2000,crouching tiger hidden dragon,Netflix
Cult of Chucky,horror movies,2017,cult of chucky,Netflix
Cutie and the Boxer,documentaries,2013,cutie and the boxer,Netflix
Daagdi Chaawl,"action & adventure, dramas, international movies",2015,daagdi chaawl,Netflix
Dabbe 6: The Return,"horror movies, international movies",2015,dabbe 6 the return,Netflix
Dad,dramas,1989,dad,Netflix
Dad's Army,"british tv shows, classic & cult tv, tv comedies",1977,dads army,Netflix
Daddy Day Care,"children & family movies, comedies",2003,daddy day care,Netflix
Daddy Issues,"dramas, independent movies, lgbtq movies",2019,daddy issues,Netflix
Daemonium,"action & adventure, horror movies, international movies",2015,daemonium,Netflix
Daffedar,"dramas, international movies",2017,daffedar,Netflix
Dagh Ujala,"dramas, independent movies, international movies",2015,dagh ujala,Netflix
Dallas Buyers Club,"dramas, independent movies, lgbtq movies",2013,dallas buyers club,Netflix
Dance Academy,"international tv shows, romantic tv shows, tv dramas",2013,dance academy,Netflix
Dance Academy: The Comeback,"dramas, international movies",2017,dance academy the comeback,Netflix
Dancing Quietly,"dramas, independent movies, international movies",2016,dancing quietly,Netflix
Dandy,"crime tv shows, international tv shows, spanish-language tv shows",2016,dandy,Netflix
Dangerous Roads,"british tv shows, docuseries",2012,dangerous roads,Netflix
Danny Says,"documentaries, music & musicals",2015,danny says,Netflix
Dante's Peak,action & adventure,1997,dantes peak,Netflix
Dare to Be Wild,"dramas, independent movies, romantic movies",2015,dare to be wild,Netflix
Dark Chocolate (Bengali Version),"dramas, international movies, thrillers",2016,dark chocolate bengali version,Netflix
Dark Crimes,"dramas, thrillers",2016,dark crimes,Netflix
Dark Places,"dramas, international movies, thrillers",2015,dark places,Netflix
Darna Mana Hai,"horror movies, international movies, thrillers",2003,darna mana hai,Netflix
Darr Sabko Lagta Hai,"international tv shows, tv horror, tv thrillers",2015,darr sabko lagta hai,Netflix
Darra,"dramas, international movies",2016,darra,Netflix
Daughters of the Dust,"classic movies, dramas, independent movies",1991,daughters of the dust,Netflix
Day and Night,"crime tv shows, international tv shows, tv dramas",2017,day and night,Netflix
Days We Stared at the Sun,"international tv shows, tv dramas",2017,days we stared at the sun,Netflix
Dayveon,"dramas, independent movies",2017,dayveon,Netflix
De Film van Dylan Haegens,"comedies, international movies",2018,de film van dylan haegens,Netflix
De Palma,documentaries,2015,de palma,Netflix
Dead in a Week (Or Your Money Back),comedies,2018,dead in a week or your money back,Netflix
Deadline: Sirf 24 Ghante,"independent movies, international movies, thrillers",2006,deadline sirf 24 ghante,Netflix
Deadly Scholars,"dramas, thrillers",2018,deadly scholars,Netflix
Dean,"comedies, dramas, independent movies",2016,dean,Netflix
Dear Dad,"comedies, dramas, independent movies",2016,dear dad,Netflix
Dear Dracula,"children & family movies, comedies",2012,dear dracula,Netflix
Dear Santa,"comedies, romantic movies",2011,dear santa,Netflix
Death at a Funeral,comedies,2010,death at a funeral,Netflix
Death House,horror movies,2017,death house,Netflix
Deathgrip,"international movies, sports movies",2017,deathgrip,Netflix
Deep Undercover Collection,"crime tv shows, docuseries",2017,deep undercover collection,Netflix
Deep Water,"crime tv shows, international tv shows, tv dramas",2016,deep water,Netflix
Deewangee,"international movies, thrillers",2002,deewangee,Netflix
Defying the Nazis: The Sharps' War,documentaries,2016,defying the nazis the sharps war,Netflix
Delirium,"horror movies, thrillers",2018,delirium,Netflix
Democrats,"documentaries, international movies",2014,democrats,Netflix
Den of Thieves,action & adventure,2018,den of thieves,Netflix
Denis Leary: No Cure For Cancer,stand-up comedy,1992,denis leary no cure for cancer,Netflix
Desolate,"dramas, thrillers",2018,desolate,Netflix
Desolation,"horror movies, thrillers",2017,desolation,Netflix
Detention Letter,"action & adventure, international movies",2017,detention letter,Netflix
Detour,thrillers,2016,detour,Netflix
Deviant Love,thrillers,2019,deviant love,Netflix
Devil's Bride,"dramas, international movies",2016,devils bride,Netflix
Devil's Gate,"horror movies, sci-fi & fantasy, thrillers",2017,devils gate,Netflix
Devlok with Devdutt Pattanaik,international tv shows,2017,devlok with devdutt pattanaik,Netflix
Devrai,"dramas, international movies",2004,devrai,Netflix
Dexter,"crime tv shows, tv dramas, tv mysteries",2013,dexter,Netflix
Dhamaal,"action & adventure, comedies, international movies",2007,dhamaal,Netflix
Di Renjie zhi Sidatianwang,"action & adventure, international movies, sci-fi & fantasy",2018,di renjie zhi sidatianwang,Netflix
Diana: 7 Days That Shook the World,documentaries,2017,diana 7 days that shook the world,Netflix
Diana: In Her Own Words,"documentaries, international movies",2017,diana in her own words,Netflix
Diary of a Chambermaid,"dramas, international movies",2015,diary of a chambermaid,Netflix
Die Another Day,action & adventure,2002,die another day,Netflix
Dil Hai Tumhaara,"dramas, international movies, music & musicals",2002,dil hai tumhaara,Netflix
Dinner for Five,stand-up comedy & talk shows,2007,dinner for five,Netflix
Dinner for Schmucks,comedies,2010,dinner for schmucks,Netflix
Dino Hunt,"docuseries, science & nature tv",2016,dino hunt,Netflix
Disciples Of The 36th Chamber,"action & adventure, international movies",1985,disciples of the 36th chamber,Netflix
Discovering Bigfoot,documentaries,2017,discovering bigfoot,Netflix
Dismissed,thrillers,2017,dismissed,Netflix
District 9,"action & adventure, international movies, sci-fi & fantasy",2009,district 9,Netflix
Diva Brides,"british tv shows, reality tv",2017,diva brides,Netflix
Doctor Zhivago,"classic movies, dramas, romantic movies",1965,doctor zhivago,Netflix
Dog Eat Dog,"dramas, thrillers",2016,dog eat dog,Netflix
Dolphin Kick,children & family movies,2019,dolphin kick,Netflix
Dolphin Tale 2,"children & family movies, dramas",2014,dolphin tale 2,Netflix
Domino,"international movies, thrillers",2019,domino,Netflix
Don Quixote: The Ingenious Gentleman of La Mancha,"comedies, independent movies",2015,don quixote the ingenious gentleman of la mancha,Netflix
Don Verdean,comedies,2015,don verdean,Netflix
Don't Be Afraid of the Dark,horror movies,2010,dont be afraid of the dark,Netflix
Don't Crack Under Pressure,"action & adventure, documentaries, international movies",2015,dont crack under pressure,Netflix
Don't Crack Under Pressure II,"action & adventure, documentaries, international movies",2016,dont crack under pressure ii,Netflix
Don't Crack Under Pressure III,"action & adventure, documentaries, international movies",2017,dont crack under pressure iii,Netflix
Don't Knock Twice,"horror movies, international movies",2016,dont knock twice,Netflix
Don't Look Down,"documentaries, international movies",2016,dont look down,Netflix
Don't Think Twice,"comedies, dramas, independent movies",2016,dont think twice,Netflix
Donnie Brasco,"dramas, thrillers",1997,donnie brasco,Netflix
Doom,"action & adventure, horror movies, sci-fi & fantasy",2005,doom,Netflix
Doomsday Preppers,"reality tv, science & nature tv",2013,doomsday preppers,Netflix
Doubles Cause Troubles,"action & adventure, comedies, international movies",1989,doubles cause troubles,Netflix
Doubt,"dramas, faith & spirituality",2008,doubt,Netflix
Down The Fence,documentaries,2017,down the fence,Netflix
Dr. Seuss' The Cat in the Hat,"children & family movies, comedies",2003,dr seuss the cat in the hat,Netflix
Dr. Seuss' The Grinch,"children & family movies, comedies",2018,dr seuss the grinch,Netflix
Dragonheart,"action & adventure, sci-fi & fantasy",1996,dragonheart,Netflix
Dragonheart 3: The Sorcerer,"action & adventure, sci-fi & fantasy",2015,dragonheart 3 the sorcerer,Netflix
Dragonheart: A New Beginning,"action & adventure, sci-fi & fantasy",2000,dragonheart a new beginning,Netflix
Dragonheart: Battle for the Heartfire,"action & adventure, sci-fi & fantasy",2017,dragonheart battle for the heartfire,Netflix
Dragonkala Ka Rahasya,children & family movies,2018,dragonkala ka rahasya,Netflix
Dramaworld,"romantic tv shows, tv comedies, tv dramas",2016,dramaworld,Netflix
Dream Big: Engineering Our World,documentaries,2017,dream big engineering our world,Netflix
Dream Boat,"documentaries, international movies, lgbtq movies",2017,dream boat,Netflix
Dries,"documentaries, international movies",2017,dries,Netflix
Driven to Dance,dramas,2018,driven to dance,Netflix
"Drugs, Inc.","crime tv shows, docuseries",2015,drugs inc,Netflix
Dueños del paraíso,"crime tv shows, international tv shows, spanish-language tv shows",2015,dueos del paraso,Netflix
Dukhtar,"dramas, independent movies, international movies",2014,dukhtar,Netflix
Dum,"action & adventure, dramas, international movies",2003,dum,Netflix
Dumb and Dumberer: When Harry Met Lloyd,comedies,2003,dumb and dumberer when harry met lloyd,Netflix
E-Cigarettes: Miracle or Menace?,documentaries,2016,ecigarettes miracle or menace,Netflix
Earth to Echo,"children & family movies, sci-fi & fantasy",2014,earth to echo,Netflix
Earth to Luna!,kids' tv,2014,earth to luna,Netflix
Earth's Natural Wonders,"british tv shows, docuseries, science & nature tv",2015,earths natural wonders,Netflix
Earth's Natural Wonders: Life at the Extremes,"british tv shows, docuseries, science & nature tv",2018,earths natural wonders life at the extremes,Netflix
East Side Sushi,dramas,2015,east side sushi,Netflix
Easy A,"comedies, romantic movies",2010,easy a,Netflix
Easy Fortune Happy Life,"international tv shows, romantic tv shows, tv comedies",2009,easy fortune happy life,Netflix
Eat Pray Love,"dramas, romantic movies",2010,eat pray love,Netflix
Eddie Murphy: Delirious,stand-up comedy,1983,eddie murphy delirious,Netflix
Eeda,"dramas, international movies, romantic movies",2018,eeda,Netflix
Eh Janam Tumhare Lekhe,"dramas, international movies",2015,eh janam tumhare lekhe,Netflix
Ek Cup Chya,"dramas, independent movies, international movies",2009,ek cup chya,Netflix
Ek Hasina Thi,"dramas, international movies, thrillers",2004,ek hasina thi,Netflix
El último testigo,action & adventure,2012,el ltimo testigo,Netflix
El Barco,"international tv shows, romantic tv shows, spanish-language tv shows",2013,el barco,Netflix
El Cartel,"crime tv shows, international tv shows, spanish-language tv shows",2008,el cartel,Netflix
El Cartel 2,"crime tv shows, international tv shows, spanish-language tv shows",2010,el cartel 2,Netflix
El Chavo,"classic & cult tv, kids' tv, spanish-language tv shows",1979,el chavo,Netflix
El Che,"documentaries, international movies",2017,el che,Netflix
El Clon,"romantic tv shows, spanish-language tv shows, tv dramas",2010,el clon,Netflix
El fin de ETA,"documentaries, international movies",2017,el fin de eta,Netflix
El Vato,"international tv shows, spanish-language tv shows, tv comedies",2017,el vato,Netflix
El Viaje: Márama y Rombai,"children & family movies, documentaries, international movies",2016,el viaje mrama y rombai,Netflix
Elephants Dream 4 Hour,"international movies, sci-fi & fantasy",2006,elephants dream 4 hour,Netflix
Elizabeth at 90: A Family Tribute,documentaries,2016,elizabeth at 90 a family tribute,Netflix
Elizabeth Harvest,"dramas, sci-fi & fantasy",2019,elizabeth harvest,Netflix
Elles étaient en guerre (1914-1918),"documentaries, international movies",2014,elles taient en guerre 19141918,Netflix
Elles étaient en guerre 1939-1945,"documentaries, international movies",2015,elles taient en guerre 19391945,Netflix
Elles ont toutes une histoire,"documentaries, international movies",2016,elles ont toutes une histoire,Netflix
Elstree 1976,documentaries,2015,elstree 1976,Netflix
Emelie,"horror movies, thrillers",2016,emelie,Netflix
Emma' (Mother),"dramas, international movies",2016,emma mother,Netflix
Emo the Musical,"dramas, international movies, music & musicals",2016,emo the musical,Netflix
Emogenius,reality tv,2017,emogenius,Netflix
Empire of Scents,"documentaries, international movies",2014,empire of scents,Netflix
Employee of the Month,"comedies, romantic movies",2006,employee of the month,Netflix
Encerrados,"international tv shows, spanish-language tv shows, tv comedies",2018,encerrados,Netflix
Encounter: The Killing,"dramas, independent movies, international movies",2002,encounter the killing,Netflix
Encounters with Evil,"british tv shows, crime tv shows, docuseries",2016,encounters with evil,Netflix
End of Watch,action & adventure,2012,end of watch,Netflix
Enemigo íntimo,"crime tv shows, spanish-language tv shows, tv dramas",2018,enemigo ntimo,Netflix
Enemy,"independent movies, thrillers",2013,enemy,Netflix
Enlighten Us,documentaries,2016,enlighten us,Netflix
Entanglement,"dramas, independent movies, romantic movies",2018,entanglement,Netflix
Enter the Dragon,"action & adventure, classic movies",1973,enter the dragon,Netflix
Equals,"dramas, romantic movies, sci-fi & fantasy",2015,equals,Netflix
Equilibrium,"action & adventure, dramas, sci-fi & fantasy",2002,equilibrium,Netflix
"Escape from the ""Liberty"" Cinema","comedies, dramas, independent movies",1990,escape from the liberty cinema,Netflix
Estar o no estar,"dramas, international movies, romantic movies",2016,estar o no estar,Netflix
Ethirmarai,"international movies, music & musicals, thrillers",2018,ethirmarai,Netflix
Euphoria,"dramas, international movies, lgbtq movies",2018,euphoria,Netflix
Eurovision Song Contest,international tv shows,2019,eurovision song contest,Netflix
Evan Almighty,"children & family movies, comedies, faith & spirituality",2007,evan almighty,Netflix
Event Horizon,"horror movies, sci-fi & fantasy",1997,event horizon,Netflix
Every Time I Die,"dramas, independent movies, thrillers",2019,every time i die,Netflix
Everybody Knows,"dramas, international movies, thrillers",2019,everybody knows,Netflix
Everyday Miracles,"british tv shows, docuseries, international tv shows",2014,everyday miracles,Netflix
Evolution,"comedies, sci-fi & fantasy",2001,evolution,Netflix
Ex Machina,"dramas, independent movies, international movies",2015,ex machina,Netflix
Ex-Boyfriend,"international tv shows, romantic tv shows, tv comedies",2011,exboyfriend,Netflix
Exclusive Edition,"international tv shows, tv dramas",2008,exclusive edition,Netflix
Executive Decision,action & adventure,1996,executive decision,Netflix
Exit Afghanistan,"documentaries, international movies",2013,exit afghanistan,Netflix
Exit Strategy,"comedies, romantic movies",2012,exit strategy,Netflix
Exit Wounds,action & adventure,2001,exit wounds,Netflix
Expo,"action & adventure, dramas, independent movies",2019,expo,Netflix
Extras,"british tv shows, tv comedies",2006,extras,Netflix
Eyyvah Eyyvah,"comedies, international movies",2010,eyyvah eyyvah,Netflix
Eyyvah Eyyvah 2,"comedies, international movies, romantic movies",2011,eyyvah eyyvah 2,Netflix
Eyyvah Eyyvah 3,"comedies, international movies",2014,eyyvah eyyvah 3,Netflix
Ezel,"crime tv shows, international tv shows, tv dramas",2009,ezel,Netflix
F the Prom,"comedies, romantic movies",2017,f the prom,Netflix
Face 2 Face,"dramas, independent movies",2017,face 2 face,Netflix
Fairy Tail,"anime series, international tv shows",2009,fairy tail,Netflix
Fake or Fortune?,"british tv shows, crime tv shows, docuseries",2015,fake or fortune,Netflix
Fakta Ladh Mhana,"action & adventure, dramas, international movies",2011,fakta ladh mhana,Netflix
Fall Girls,comedies,2019,fall girls,Netflix
Fallen,thrillers,1998,fallen,Netflix
Familiye,"dramas, independent movies, international movies",2017,familiye,Netflix
Famous in Ahmedabad,"documentaries, international movies",2015,famous in ahmedabad,Netflix
Fanatic,thrillers,2019,fanatic,Netflix
Fandry,"dramas, independent movies, international movies",2014,fandry,Netflix
Farce,"comedies, international movies",2017,farce,Netflix
Fatal Destiny,"crime tv shows, international tv shows, tv action & adventure",2016,fatal destiny,Netflix
Father Brown,"british tv shows, crime tv shows, tv dramas",2017,father brown,Netflix
Fear and Loathing in Las Vegas,"comedies, cult movies, dramas",1998,fear and loathing in las vegas,Netflix
Fear Files... Har Mod Pe Darr,"international tv shows, tv horror, tv thrillers",2015,fear files har mod pe darr,Netflix
Feel Rich,documentaries,2017,feel rich,Netflix
Fiddler on the Roof,"classic movies, dramas, music & musicals",1971,fiddler on the roof,Netflix
Fifty,"dramas, international movies",2015,fifty,Netflix
Figaro Pho,"children & family movies, comedies",2008,figaro pho,Netflix
Figures of Speech,documentaries,2016,figures of speech,Netflix
Filinta,"crime tv shows, international tv shows, tv action & adventure",2015,filinta,Netflix
Filmworker,documentaries,2017,filmworker,Netflix
Filosofi Kopi The Movie,"dramas, international movies",2015,filosofi kopi the movie,Netflix
Final Destination,"cult movies, horror movies, thrillers",2000,final destination,Netflix
Final Destination 2,"horror movies, thrillers",2003,final destination 2,Netflix
Final Destination 3,horror movies,2006,final destination 3,Netflix
Fire at Sea,"documentaries, international movies",2016,fire at sea,Netflix
Fireflies,"dramas, independent movies, international movies",2013,fireflies,Netflix
First Impression,"comedies, romantic movies",2018,first impression,Netflix
First Kill,action & adventure,2017,first kill,Netflix
FirstBorn,"horror movies, international movies",2016,firstborn,Netflix
Fishpeople,"documentaries, sports movies",2017,fishpeople,Netflix
Fishtail,documentaries,2015,fishtail,Netflix
Fit for Fashion,"international tv shows, reality tv",2015,fit for fashion,Netflix
Fittest in Dubai,"documentaries, international movies, sports movies",2019,fittest in dubai,Netflix
Five Elements Ninjas,"action & adventure, international movies",1982,five elements ninjas,Netflix
Fix It and Finish It,reality tv,2014,fix it and finish it,Netflix
Flash of Genius,dramas,2008,flash of genius,Netflix
Flimflam,"comedies, international movies",2016,flimflam,Netflix
Flock of Four,"dramas, independent movies, music & musicals",2018,flock of four,Netflix
Flowering Heart,"kids' tv, korean tv shows",2016,flowering heart,Netflix
Flying Guillotine 2,"action & adventure, international movies",1978,flying guillotine 2,Netflix
Follow Me,"documentaries, international movies",2017,follow me,Netflix
Food: Delicious Science,"docuseries, science & nature tv",2017,food delicious science,Netflix
Footprints in the Sand,"international tv shows, tv dramas",2011,footprints in the sand,Netflix
Footprints: The Path of Your Life,"documentaries, faith & spirituality, international movies",2015,footprints the path of your life,Netflix
For Colored Girls,dramas,2010,for colored girls,Netflix
For Grace,documentaries,2015,for grace,Netflix
For Greater Glory,"dramas, international movies",2012,for greater glory,Netflix
For Love or Money,comedies,2019,for love or money,Netflix
For the Birds,documentaries,2018,for the birds,Netflix
For the Love of Benji,children & family movies,1977,for the love of benji,Netflix
For the Win,reality tv,2017,for the win,Netflix
Forbidden Games: The Justin Fashanu Story,"documentaries, international movies, lgbtq movies",2017,forbidden games the justin fashanu story,Netflix
Forbidden Planet,"action & adventure, classic movies, sci-fi & fantasy",1956,forbidden planet,Netflix
Forces of Nature,"british tv shows, docuseries, science & nature tv",2016,forces of nature,Netflix
Forever Chape,"documentaries, international movies, sports movies",2018,forever chape,Netflix
Forever Pure,"documentaries, international movies, sports movies",2016,forever pure,Netflix
Forget Me Not,"international tv shows, tv dramas",2011,forget me not,Netflix
Forks Over Knives,documentaries,2011,forks over knives,Netflix
Four Christmases,"comedies, romantic movies",2008,four christmases,Netflix
Four Seasons in Havana,"crime tv shows, international tv shows, spanish-language tv shows",2016,four seasons in havana,Netflix
Four Weddings and a Funeral,"classic movies, comedies, international movies",1994,four weddings and a funeral,Netflix
Fracture,"dramas, thrillers",2007,fracture,Netflix
Frances Ha,"comedies, dramas, independent movies",2012,frances ha,Netflix
Frasier,"classic & cult tv, tv comedies",2003,frasier,Netflix
Freak Show,"comedies, dramas, independent movies",2018,freak show,Netflix
Fred Claus,"children & family movies, comedies",2007,fred claus,Netflix
Free Willy,"children & family movies, dramas",1993,free willy,Netflix
Freeway: Crack in the System,documentaries,2015,freeway crack in the system,Netflix
Freezer's Campaign,"comedies, international movies",2016,freezers campaign,Netflix
French Dirty,"dramas, independent movies",2015,french dirty,Netflix
Freshman Year,"dramas, faith & spirituality",2019,freshman year,Netflix
Friday Night Tykes,"docuseries, reality tv",2017,friday night tykes,Netflix
Friday the 13th,horror movies,2009,friday the 13th,Netflix
Friend Request,"horror movies, international movies",2016,friend request,Netflix
Friends,"classic & cult tv, tv comedies",2003,friends,Netflix
From Japan to Egypt,"children & family movies, comedies, dramas",2017,from japan to egypt,Netflix
From Paris with Love,"action & adventure, international movies",2010,from paris with love,Netflix
Froning: The Fittest Man in History,"documentaries, international movies, sports movies",2016,froning the fittest man in history,Netflix
Frozen Planet,"british tv shows, docuseries, international tv shows",2011,frozen planet,Netflix
Frozen Planet: On Thin Ice,movies,2011,frozen planet on thin ice,Netflix
Frozen Planet: The Epic Journey,movies,2011,frozen planet the epic journey,Netflix
Frozen River,"dramas, independent movies",2008,frozen river,Netflix
Full Out,"children & family movies, dramas, sports movies",2015,full out,Netflix
Functional Fitness,documentaries,2016,functional fitness,Netflix
Furie,"action & adventure, dramas, international movies",2019,furie,Netflix
Furthest Witness,"dramas, thrillers",2017,furthest witness,Netflix
G-Force,"children & family movies, comedies",2009,gforce,Netflix
Gabriel and the Mountain,"dramas, independent movies, international movies",2017,gabriel and the mountain,Netflix
Gabru: Hip Hop Revolution,"international tv shows, tv dramas",2018,gabru hip hop revolution,Netflix
Gagarin: First in Space,"dramas, international movies",2013,gagarin first in space,Netflix
Galavant,"tv action & adventure, tv comedies",2016,galavant,Netflix
Galih dan Ratna,"dramas, international movies, romantic movies",2017,galih dan ratna,Netflix
Game Winning Hit,"international tv shows, tv comedies, tv dramas",2009,game winning hit,Netflix
Gangs of Hassepur,"international tv shows, stand-up comedy & talk shows, tv comedies",2014,gangs of hassepur,Netflix
Gangs of New York,dramas,2002,gangs of new york,Netflix
Gargantia on the Verdurous Planet,"anime series, international tv shows",2013,gargantia on the verdurous planet,Netflix
Garuda Di Dadaku,"children & family movies, dramas, sports movies",2009,garuda di dadaku,Netflix
Garuda in My Heart 2,"children & family movies, dramas, sports movies",2011,garuda in my heart 2,Netflix
Gehenna: Where Death Lives,"horror movies, thrillers",2016,gehenna where death lives,Netflix
Gelo,"dramas, international movies",2016,gelo,Netflix
Gemini,dramas,2018,gemini,Netflix
Gender Revolution: A Journey with Katie Couric,"documentaries, lgbtq movies",2017,gender revolution a journey with katie couric,Netflix
Genius of the Ancient World,"british tv shows, docuseries, international tv shows",2015,genius of the ancient world,Netflix
Genius of the Modern World,"british tv shows, docuseries, international tv shows",2016,genius of the modern world,Netflix
Gentlemen and Gangsters,"crime tv shows, international tv shows, romantic tv shows",2016,gentlemen and gangsters,Netflix
George of the Jungle 2,"children & family movies, comedies",2003,george of the jungle 2,Netflix
Geronimo Stilton,"kids' tv, tv comedies",2011,geronimo stilton,Netflix
Get Him to the Greek,"comedies, music & musicals",2010,get him to the greek,Netflix
Get Santa,"children & family movies, comedies",2014,get santa,Netflix
Get Shorty,"crime tv shows, tv comedies, tv dramas",2017,get shorty,Netflix
Get Smart,"action & adventure, comedies",2008,get smart,Netflix
Getting Played,"comedies, romantic movies",2005,getting played,Netflix
Ghayal,"action & adventure, dramas, international movies",1990,ghayal,Netflix
Ghost House,horror movies,2017,ghost house,Netflix
Ghost Pain,"action & adventure, anime features, international movies",2013,ghost pain,Netflix
Ghost Rider,"action & adventure, sci-fi & fantasy",2007,ghost rider,Netflix
Ghost Tears,"action & adventure, anime features, international movies",2014,ghost tears,Netflix
Ghost Town Gold,reality tv,2012,ghost town gold,Netflix
Ghost Whispers,"action & adventure, anime features, international movies",2013,ghost whispers,Netflix
Ghulam-E-Musthafa,"action & adventure, dramas, international movies",1997,ghulamemusthafa,Netflix
Gie,"dramas, international movies",2005,gie,Netflix
Gigi,"classic movies, comedies, music & musicals",1958,gigi,Netflix
Ginger & Rosa,"dramas, independent movies",2012,ginger  rosa,Netflix
"Girl, Boy, Bakla, Tomboy","comedies, international movies",2013,girl boy bakla tomboy,Netflix
GLOW: The Story of the Gorgeous Ladies of Wrestling,"documentaries, sports movies",2012,glow the story of the gorgeous ladies of wrestling,Netflix
Glowing Embers,"international tv shows, tv dramas",2010,glowing embers,Netflix
God Bless the Broken Road,"children & family movies, dramas, faith & spirituality",2018,god bless the broken road,Netflix
God Knows Where I Am,documentaries,2016,god knows where i am,Netflix
God of War,"action & adventure, international movies",2017,god of war,Netflix
God's Not Dead,"dramas, faith & spirituality",2014,gods not dead,Netflix
God's Not Dead: A Light in Darkness,"dramas, faith & spirituality",2018,gods not dead a light in darkness,Netflix
God's Own Country,"dramas, independent movies, international movies",2017,gods own country,Netflix
Gol Maal,"classic movies, comedies, international movies",1979,gol maal,Netflix
Golden Time,"international movies, sci-fi & fantasy",2013,golden time,Netflix
GoldenEye,action & adventure,1995,goldeneye,Netflix
Goldie,dramas,2019,goldie,Netflix
Goldie & Bear,kids' tv,2017,goldie  bear,Netflix
Goldstone,thrillers,2016,goldstone,Netflix
Golmaal: Fun Unlimited,"comedies, international movies",2006,golmaal fun unlimited,Netflix
Gomorrah,"crime tv shows, international tv shows, tv dramas",2016,gomorrah,Netflix
Gone are the Days,independent movies,2018,gone are the days,Netflix
Gonul,"international tv shows, tv dramas, tv thrillers",2015,gonul,Netflix
Good Kids,"comedies, independent movies",2016,good kids,Netflix
Good Kill,dramas,2014,good kill,Netflix
Good Kisser,"comedies, dramas, independent movies",2019,good kisser,Netflix
Good Luck,"dramas, international movies",2012,good luck,Netflix
"Good Night, and Good Luck",dramas,2005,good night and good luck,Netflix
Good People,"action & adventure, thrillers",2014,good people,Netflix
GoodFellas,"classic movies, dramas",1990,goodfellas,Netflix
Gook,"dramas, independent movies",2017,gook,Netflix
Goon,"comedies, sports movies",2011,goon,Netflix
Goosebumps 2: Haunted Halloween,"children & family movies, comedies",2018,goosebumps 2 haunted halloween,Netflix
Gosford Park,"comedies, dramas, international movies",2001,gosford park,Netflix
Gossip Girl,"tv dramas, teen tv shows",2012,gossip girl,Netflix
Gothika,"horror movies, thrillers",2003,gothika,Netflix
Gour Hari Dastaan: The Freedom File,"dramas, independent movies, international movies",2015,gour hari dastaan the freedom file,Netflix
Gran Torino,dramas,2008,gran torino,Netflix
Grand Designs,"british tv shows, international tv shows, reality tv",2017,grand designs,Netflix
Grand Hotel,"international tv shows, romantic tv shows, spanish-language tv shows",2013,grand hotel,Netflix
Grand Masti,"comedies, international movies, music & musicals",2013,grand masti,Netflix
Grass,"comedies, independent movies",2017,grass,Netflix
Grease,"classic movies, comedies, music & musicals",1978,grease,Netflix
Great Interior Design Challenge,"british tv shows, international tv shows, reality tv",2016,great interior design challenge,Netflix
Great Yellowstone Thaw,"docuseries, science & nature tv",2017,great yellowstone thaw,Netflix
Green Room,"horror movies, thrillers",2015,green room,Netflix
Green White Green (And All the Beautiful Colours in My Mosaic of Madness),"comedies, independent movies, international movies",2016,green white green and all the beautiful colours in my mosaic of madness,Netflix
Gringo: The Dangerous Life of John McAfee,documentaries,2016,gringo the dangerous life of john mcafee,Netflix
Growing Up Coy,"documentaries, lgbtq movies",2016,growing up coy,Netflix
Gun Runners,"documentaries, international movies, sports movies",2015,gun runners,Netflix
Gunslinger Girl,"anime series, crime tv shows",2008,gunslinger girl,Netflix
Guy Martin: Last Flight of the Vulcan Bomber,"documentaries, international movies",2015,guy martin last flight of the vulcan bomber,Netflix
Héroes,"comedies, international movies",2015,hroes,Netflix
Hükümet Kadin,"comedies, international movies",2013,hkmet kadin,Netflix
Hükümet Kadin 2,"comedies, international movies",2013,hkmet kadin 2,Netflix
Ha Unlimited,"international tv shows, tv comedies",2016,ha unlimited,Netflix
Haapus,"comedies, dramas, international movies",2010,haapus,Netflix
Hadi İnşallah,"comedies, international movies, romantic movies",2014,hadi inallah,Netflix
Hairspray,"children & family movies, comedies, music & musicals",2007,hairspray,Netflix
HALO Legends,"action & adventure, anime features, sci-fi & fantasy",2009,halo legends,Netflix
Halo: The Fall of Reach,"action & adventure, sci-fi & fantasy",2015,halo the fall of reach,Netflix
Hamara Dil Aapke Paas Hai,"dramas, international movies, music & musicals",2000,hamara dil aapke paas hai,Netflix
Hamburger Hill,"action & adventure, dramas",1987,hamburger hill,Netflix
Hamza's Suitcase,"comedies, international movies",2017,hamzas suitcase,Netflix
Hangman,thrillers,2017,hangman,Netflix
Hank: Five Years from the Brink,documentaries,2013,hank five years from the brink,Netflix
Hannibal,"tv horror, tv mysteries, tv thrillers",2015,hannibal,Netflix
Hans Zimmer: Live in Prague,"international movies, music & musicals",2017,hans zimmer live in prague,Netflix
Happy 300 Days,"international tv shows, romantic tv shows, tv comedies",2013,happy 300 days,Netflix
Happy Hunting,"horror movies, independent movies",2017,happy hunting,Netflix
Happy Times,"comedies, international movies, romantic movies",2014,happy times,Netflix
Happy Valley,"british tv shows, crime tv shows, international tv shows",2016,happy valley,Netflix
Happyish,"tv comedies, tv dramas",2015,happyish,Netflix
Hard Tide,"dramas, independent movies",2015,hard tide,Netflix
Hardcore Henry,"action & adventure, international movies, sci-fi & fantasy",2015,hardcore henry,Netflix
Harlem Globetrotters: The Team That Changed the World,"documentaries, sports movies",2005,harlem globetrotters the team that changed the world,Netflix
Harold & Kumar Escape from Guantanamo Bay,"comedies, cult movies",2008,harold  kumar escape from guantanamo bay,Netflix
Harold & Kumar Go to White Castle,"comedies, cult movies",2004,harold  kumar go to white castle,Netflix
Harold and Lillian: A Hollywood Love Story,documentaries,2015,harold and lillian a hollywood love story,Netflix
Harold Shipman - Driven to Kill,"british tv shows, crime tv shows, docuseries",2014,harold shipman  driven to kill,Netflix
Harriet the Spy: Blog Wars,"children & family movies, comedies",2010,harriet the spy blog wars,Netflix
Harry & Bunnie,"kids' tv, tv comedies",2017,harry  bunnie,Netflix
Harry and Snowman,"documentaries, sports movies",2015,harry and snowman,Netflix
Harry Benson: Shoot First,documentaries,2016,harry benson shoot first,Netflix
Hart of Dixie,"tv comedies, tv dramas",2014,hart of dixie,Netflix
Haseena Maan Jaayegi,"action & adventure, comedies, dramas",1999,haseena maan jaayegi,Netflix
Hati Perempuan,"international tv shows, romantic tv shows, tv dramas",2015,hati perempuan,Netflix
Haunters: The Art of the Scare,"documentaries, horror movies",2017,haunters the art of the scare,Netflix
Haunting on Fraternity Row,"horror movies, independent movies",2018,haunting on fraternity row,Netflix
Have You Seen the Listers?,"documentaries, international movies",2017,have you seen the listers,Netflix
Haven,"classic & cult tv, tv horror, tv mysteries",2015,haven,Netflix
Havenhurst,"horror movies, thrillers",2016,havenhurst,Netflix
Haywire,action & adventure,2011,haywire,Netflix
He Named Me Malala,documentaries,2015,he named me malala,Netflix
He's Out There,"horror movies, thrillers",2018,hes out there,Netflix
Head Count,"horror movies, independent movies",2018,head count,Netflix
Head On,"dramas, independent movies, lgbtq movies",1998,head on,Netflix
Heal,documentaries,2017,heal,Netflix
Heartbreakers,"comedies, romantic movies",2001,heartbreakers,Netflix
Heartthrob,thrillers,2017,heartthrob,Netflix
Heavy Rescue: 401,"international tv shows, reality tv",2018,heavy rescue 401,Netflix
Hedgehogs,children & family movies,2016,hedgehogs,Netflix
Helix,"tv horror, tv mysteries, tv sci-fi & fantasy",2015,helix,Netflix
Hell and Back,"action & adventure, comedies, independent movies",2015,hell and back,Netflix
Hell on Wheels,"crime tv shows, tv action & adventure",2016,hell on wheels,Netflix
Hell or High Water,"dramas, independent movies",2016,hell or high water,Netflix
Hellboy,"action & adventure, cult movies, sci-fi & fantasy",2004,hellboy,Netflix
Her,"dramas, romantic movies, sci-fi & fantasy",2013,her,Netflix
Her Only Choice,dramas,2018,her only choice,Netflix
Hera Pheri,"action & adventure, comedies, dramas",1976,hera pheri,Netflix
Here Alone,horror movies,2016,here alone,Netflix
Hero,"action & adventure, international movies",1997,hero,Netflix
Herrens veje,"international tv shows, tv dramas",2018,herrens veje,Netflix
Hickok,action & adventure,2017,hickok,Netflix
Hidden Singer,"international tv shows, korean tv shows, reality tv",2015,hidden singer,Netflix
Hide & Seek,"horror movies, international movies, thrillers",2010,hide  seek,Netflix
Hide and Seek,"international movies, thrillers",2016,hide and seek,Netflix
Highly Strung,"documentaries, international movies, music & musicals",2015,highly strung,Netflix
Highway Thru Hell,reality tv,2016,highway thru hell,Netflix
Highway to Heaven,tv dramas,1988,highway to heaven,Netflix
Hinterland,"british tv shows, crime tv shows, international tv shows",2016,hinterland,Netflix
Hiroshima: The Real History,documentaries,2015,hiroshima the real history,Netflix
Hisss,"horror movies, international movies, thrillers",2010,hisss,Netflix
Historia de un clan,"crime tv shows, international tv shows, spanish-language tv shows",2015,historia de un clan,Netflix
History of Joy,"dramas, international movies",2017,history of joy,Netflix
History's Greatest Hoaxes,"british tv shows, docuseries",2016,historys greatest hoaxes,Netflix
Hitch,"comedies, romantic movies",2005,hitch,Netflix
Hitler's Olympics,"documentaries, sports movies",2016,hitlers olympics,Netflix
Hitler's Steel Beast,"documentaries, international movies",2017,hitlers steel beast,Netflix
Ho Mann Jahaan,"dramas, international movies, romantic movies",2015,ho mann jahaan,Netflix
Hogie the Globehopper,kids' tv,2016,hogie the globehopper,Netflix
Hokkabaz,"comedies, dramas, international movies",2006,hokkabaz,Netflix
Holding the Man,"dramas, international movies, lgbtq movies",2015,holding the man,Netflix
Holidays,"comedies, horror movies",2016,holidays,Netflix
Holy Hell,documentaries,2016,holy hell,Netflix
Holy Man 2,"comedies, faith & spirituality, international movies",2008,holy man 2,Netflix
Holy Man 3,"comedies, faith & spirituality, international movies",2010,holy man 3,Netflix
Hombanna,"dramas, international movies",2017,hombanna,Netflix
Homeland,"dramas, independent movies, international movies",2019,homeland,Netflix
Honey 2,"dramas, romantic movies",2011,honey 2,Netflix
Honey: Rise Up and Dance,dramas,2018,honey rise up and dance,Netflix
Hoodwinked Too! Hood vs. Evil,"children & family movies, comedies",2011,hoodwinked too hood vs evil,Netflix
Hope Aur Hum,"children & family movies, comedies, dramas",2018,hope aur hum,Netflix
Hope Springs Eternal,dramas,2018,hope springs eternal,Netflix
Hope: One in a Billion,"documentaries, international movies, sports movies",2017,hope one in a billion,Netflix
Hormones,"international tv shows, romantic tv shows, tv dramas",2015,hormones,Netflix
Horns,"dramas, horror movies, sci-fi & fantasy",2013,horns,Netflix
Horror Homes,"british tv shows, docuseries, international tv shows",2016,horror homes,Netflix
Horror Story,"horror movies, international movies",2013,horror story,Netflix
Hostage to the Devil,"documentaries, international movies",2016,hostage to the devil,Netflix
Hostages,"documentaries, international movies",2017,hostages,Netflix
Hostiles,dramas,2017,hostiles,Netflix
Hot Bot,comedies,2016,hot bot,Netflix
Hot Property,"comedies, independent movies",2016,hot property,Netflix
Hot Rod,"comedies, sports movies",2007,hot rod,Netflix
Hotel Beau Séjour,"crime tv shows, international tv shows, tv dramas",2017,hotel beau sjour,Netflix
Hotel Pacific,"classic movies, dramas, international movies",1975,hotel pacific,Netflix
Hotel Transylvania 3: Summer Vacation,"children & family movies, comedies",2018,hotel transylvania 3 summer vacation,Netflix
House at the End of the Street,"horror movies, thrillers",2012,house at the end of the street,Netflix
House of Z,documentaries,2016,house of z,Netflix
"Houston, We Have a Problem!","comedies, independent movies, international movies",2016,houston we have a problem,Netflix
How the Beatles Changed the World,"documentaries, music & musicals",2017,how the beatles changed the world,Netflix
How the Grinch Stole Christmas,"children & family movies, comedies",2000,how the grinch stole christmas,Netflix
How to Be a Latin Lover,comedies,2017,how to be a latin lover,Netflix
How to Be a Player,comedies,1997,how to be a player,Netflix
How to Change the World,"documentaries, international movies",2015,how to change the world,Netflix
How to Live Mortgage Free with Sarah Beeny,"british tv shows, international tv shows, reality tv",2018,how to live mortgage free with sarah beeny,Netflix
How to Make an American Quilt,"dramas, romantic movies",1995,how to make an american quilt,Netflix
How to Win the US Presidency,documentaries,2016,how to win the us presidency,Netflix
Hridaynath,"dramas, international movies",2012,hridaynath,Netflix
Hulk Vs.,"action & adventure, sci-fi & fantasy",2009,hulk vs,Netflix
Hum Saath-Saath Hain,"dramas, international movies, music & musicals",1999,hum saathsaath hain,Netflix
Humko Deewana Kar Gaye,"international movies, music & musicals, romantic movies",2006,humko deewana kar gaye,Netflix
Humsafar,"international tv shows, romantic tv shows, tv dramas",2011,humsafar,Netflix
Hungerford,"horror movies, independent movies, international movies",2014,hungerford,Netflix
Hunt to Kill,action & adventure,2010,hunt to kill,Netflix
Hunter's Prayer,"action & adventure, independent movies",2015,hunters prayer,Netflix
Hunters of the South Seas,"british tv shows, docuseries",2015,hunters of the south seas,Netflix
Huntik: Secrets and Seekers,kids' tv,2011,huntik secrets and seekers,Netflix
Hurricane Bianca,"comedies, independent movies, lgbtq movies",2016,hurricane bianca,Netflix
Hurricane Bianca: From Russia With Hate,"comedies, independent movies, lgbtq movies",2018,hurricane bianca from russia with hate,Netflix
Hustle & Flow,"dramas, independent movies, music & musicals",2005,hustle  flow,Netflix
Hyori's Bed & Breakfast,"international tv shows, korean tv shows, reality tv",2018,hyoris bed  breakfast,Netflix
Hypersomnia,"horror movies, international movies, thrillers",2016,hypersomnia,Netflix
I Am,"dramas, independent movies, international movies",2010,i am,Netflix
I Am Bolt,"documentaries, sports movies",2016,i am bolt,Netflix
I Am Jane Doe,documentaries,2017,i am jane doe,Netflix
I Am Maris,documentaries,2018,i am maris,Netflix
I Am Me!,"international tv shows, spanish-language tv shows, tv comedies",2016,i am me,Netflix
I Am Not Madame Bovary,"comedies, dramas, international movies",2016,i am not madame bovary,Netflix
I Am Sun Mu,"documentaries, international movies",2015,i am sun mu,Netflix
I Am Vengeance,action & adventure,2018,i am vengeance,Netflix
I Am Wrath,"action & adventure, dramas",2016,i am wrath,Netflix
I Don't Know How She Does It,comedies,2011,i dont know how she does it,Netflix
I Dream Of Dance,"children & family movies, documentaries",2017,i dream of dance,Netflix
I Fine... Thank You... Love You,"comedies, international movies, romantic movies",2014,i fine thank you love you,Netflix
"I, Daniel Blake","dramas, independent movies",2016,i daniel blake,Netflix
I'll See You in My Dreams,"comedies, dramas, independent movies",2015,ill see you in my dreams,Netflix
I'm in Love with a Church Girl,"dramas, faith & spirituality, romantic movies",2013,im in love with a church girl,Netflix
I'm Sorry,tv comedies,2019,im sorry,Netflix
Ice Guardians,"documentaries, international movies, sports movies",2016,ice guardians,Netflix
Iceman,"action & adventure, international movies, sci-fi & fantasy",2014,iceman,Netflix
Ideachi Kalpana,"comedies, international movies, romantic movies",2010,ideachi kalpana,Netflix
Idiotest,"reality tv, tv comedies",2014,idiotest,Netflix
Igor,children & family movies,2008,igor,Netflix
Iliza Shlesinger: War Paint,stand-up comedy,2013,iliza shlesinger war paint,Netflix
Imagine That,"children & family movies, comedies, sci-fi & fantasy",2009,imagine that,Netflix
Immoral Tales,"dramas, international movies, romantic movies",1974,immoral tales,Netflix
In Between,"international tv shows, romantic tv shows, tv comedies",2012,in between,Netflix
In Search of Fellini,"action & adventure, dramas",2017,in search of fellini,Netflix
In The Deep,"horror movies, international movies, thrillers",2017,in the deep,Netflix
Incir Receli 2,"dramas, international movies, romantic movies",2014,incir receli 2,Netflix
Incoming,"action & adventure, sci-fi & fantasy",2019,incoming,Netflix
Incomplete,"dramas, international movies, romantic movies",2017,incomplete,Netflix
Inconceivable,thrillers,2017,inconceivable,Netflix
Incorruptible,documentaries,2015,incorruptible,Netflix
Incredibles 2 (Spanish Version),"children & family movies, comedies",2018,incredibles 2 spanish version,Netflix
INDIA,"dramas, independent movies, international movies",2014,india,Netflix
India: Nature's Wonderland,"british tv shows, docuseries, science & nature tv",2015,india natures wonderland,Netflix
Indiana Jones and the Kingdom of the Crystal Skull,"action & adventure, children & family movies, sci-fi & fantasy",2008,indiana jones and the kingdom of the crystal skull,Netflix
Indiana Jones and the Last Crusade,"action & adventure, children & family movies, classic movies",1989,indiana jones and the last crusade,Netflix
Indiana Jones and the Raiders of the Lost Ark,"action & adventure, children & family movies, classic movies",1981,indiana jones and the raiders of the lost ark,Netflix
Indiana Jones and the Temple of Doom,"action & adventure, children & family movies, classic movies",1984,indiana jones and the temple of doom,Netflix
Indiscretion,"dramas, thrillers",2016,indiscretion,Netflix
Inequality for All,documentaries,2013,inequality for all,Netflix
Influx,"documentaries, international movies",2016,influx,Netflix
Inglourious Basterds,action & adventure,2009,inglourious basterds,Netflix
Inkheart,"action & adventure, children & family movies, sci-fi & fantasy",2008,inkheart,Netflix
Insan,"action & adventure, dramas, international movies",2005,insan,Netflix
Inside The Freemasons,"british tv shows, docuseries, international tv shows",2017,inside the freemasons,Netflix
Inside the Mind of a Serial Killer,"crime tv shows, docuseries",2015,inside the mind of a serial killer,Netflix
Inside the Mossad,"docuseries, international tv shows",2017,inside the mossad,Netflix
Inst@famous,reality tv,2018,instfamous,Netflix
Instructions Not Included,"comedies, dramas, international movies",2013,instructions not included,Netflix
Intelligence,"crime tv shows, tv dramas",2007,intelligence,Netflix
Internet Famous,comedies,2016,internet famous,Netflix
Into the Forest,"dramas, international movies, sci-fi & fantasy",2015,into the forest,Netflix
Inuyasha the Movie - L'isola del fuoco scarlatto,"action & adventure, anime features, international movies",2004,inuyasha the movie  lisola del fuoco scarlatto,Netflix
Inuyasha the Movie - La spada del dominatore del mondo,"action & adventure, anime features, international movies",2003,inuyasha the movie  la spada del dominatore del mondo,Netflix
Invictus,"dramas, sports movies",2009,invictus,Netflix
Invisible Essence: The Little Prince,documentaries,2018,invisible essence the little prince,Netflix
Inxeba,"dramas, independent movies, international movies",2017,inxeba,Netflix
Iqbal,"dramas, independent movies, international movies",2006,iqbal,Netflix
Irada Pakka,"comedies, dramas, international movies",2010,irada pakka,Netflix
Iron Cowboy: The Story of the 50.50.50,"documentaries, sports movies",2018,iron cowboy the story of the 505050,Netflix
Iron Man & Captain America: Heroes United,"children & family movies, sci-fi & fantasy",2014,iron man  captain america heroes united,Netflix
Iron Man: Armored Adventures,kids' tv,2011,iron man armored adventures,Netflix
Ishqedarriyaan,"dramas, international movies, romantic movies",2015,ishqedarriyaan,Netflix
Islands of the Future,"docuseries, international tv shows, science & nature tv",2014,islands of the future,Netflix
Issaq,"dramas, international movies, music & musicals",2013,issaq,Netflix
It Takes Two,"children & family movies, comedies",1995,it takes two,Netflix
It's Fine,"comedies, international movies, music & musicals",2012,its fine,Netflix
It's Now or Never,"comedies, international movies, romantic movies",2015,its now or never,Netflix
"It's Okay, Buddy","comedies, international movies, music & musicals",2017,its okay buddy,Netflix
Iverson,"documentaries, sports movies",2014,iverson,Netflix
Jaan-E-Mann: Let's Fall in Love... Again,"dramas, international movies, romantic movies",2006,jaanemann lets fall in love again,Netflix
Jack and the Cuckoo-Clock Heart,"children & family movies, music & musicals",2013,jack and the cuckooclock heart,Netflix
Jack of all Trades,"documentaries, sports movies",2018,jack of all trades,Netflix
Jack Taylor,"crime tv shows, international tv shows, tv dramas",2016,jack taylor,Netflix
Jackie Brown,"dramas, thrillers",1997,jackie brown,Netflix
Jackpot,"comedies, dramas, international movies",2015,jackpot,Netflix
Jail,"dramas, international movies",2009,jail,Netflix
Jake's Buccaneer Blast,movies,2014,jakes buccaneer blast,Netflix
Jal,"dramas, independent movies, international movies",2013,jal,Netflix
Jalpari: The Desert Mermaid,"dramas, independent movies, international movies",2012,jalpari the desert mermaid,Netflix
Janaan,"comedies, dramas, international movies",2016,janaan,Netflix
Japanese Style Originator,"international tv shows, stand-up comedy & talk shows",2008,japanese style originator,Netflix
Jay and Silent Bob Strike Back,"comedies, cult movies",2001,jay and silent bob strike back,Netflix
Jealousy and medicine,"dramas, international movies, romantic movies",1973,jealousy and medicine,Netflix
Jeopardy!,reality tv,2019,jeopardy,Netflix
Jeremy Scott: The People's Designer,documentaries,2015,jeremy scott the peoples designer,Netflix
Jericho,"classic & cult tv, tv action & adventure, tv dramas",2008,jericho,Netflix
Jersey Boys,"dramas, music & musicals",2014,jersey boys,Netflix
Jesus: Countdown to Calvary,"documentaries, faith & spirituality",2018,jesus countdown to calvary,Netflix
Jewel's Catch One,"documentaries, lgbtq movies",2016,jewels catch one,Netflix
Jhansi Ki Rani,"international tv shows, tv dramas",2009,jhansi ki rani,Netflix
Jimi Hendrix,"documentaries, music & musicals",1973,jimi hendrix,Netflix
JingleKids,kids' tv,2017,jinglekids,Netflix
Jiro Dreams of Sushi,documentaries,2011,jiro dreams of sushi,Netflix
Jis Desh Men Ganga Behti Hai,"action & adventure, dramas, international movies",1960,jis desh men ganga behti hai,Netflix
Joe Cocker: Mad Dog with Soul,"documentaries, international movies, music & musicals",2017,joe cocker mad dog with soul,Netflix
John & Jane,"documentaries, international movies",2005,john  jane,Netflix
John Carter,"action & adventure, sci-fi & fantasy",2012,john carter,Netflix
John Day,"international movies, thrillers",2013,john day,Netflix
John Mellencamp: Plain Spoken,"documentaries, music & musicals",2017,john mellencamp plain spoken,Netflix
Jonathan,"dramas, independent movies, sci-fi & fantasy",2018,jonathan,Netflix
Jonathan Strange & Mr Norrell,"british tv shows, tv dramas, tv sci-fi & fantasy",2015,jonathan strange  mr norrell,Netflix
Jora 10 Numbaria,"action & adventure, international movies",2017,jora 10 numbaria,Netflix
Juana Brava,"international tv shows, spanish-language tv shows, tv dramas",2015,juana brava,Netflix
Juana Inés,"international tv shows, spanish-language tv shows, tv dramas",2016,juana ins,Netflix
Judwaa,"comedies, international movies, romantic movies",1997,judwaa,Netflix
Judy Moody and the Not Bummer Summer,"children & family movies, comedies",2011,judy moody and the not bummer summer,Netflix
Jugaad,documentaries,2017,jugaad,Netflix
Julie & Julia,"comedies, dramas",2009,julie  julia,Netflix
Julius Jr.,kids' tv,2014,julius jr,Netflix
Jumping the Broom,"comedies, romantic movies",2011,jumping the broom,Netflix
Junebug,"comedies, dramas, independent movies",2005,junebug,Netflix
Jupiter Ascending,"action & adventure, sci-fi & fantasy",2015,jupiter ascending,Netflix
Just Friends,"comedies, romantic movies",2005,just friends,Netflix
"Justice, My Foot!","action & adventure, comedies, international movies",1992,justice my foot,Netflix
Justin Bieber: Never Say Never,"documentaries, music & musicals",2011,justin bieber never say never,Netflix
K,"anime series, crime tv shows, international tv shows",2012,k,Netflix
K-19: The Widowmaker,"action & adventure, dramas",2002,k19 the widowmaker,Netflix
Kaçak,"crime tv shows, international tv shows, tv action & adventure",2013,kaak,Netflix
Kaabil,"dramas, international movies",2017,kaabil,Netflix
Kaakan,"dramas, international movies, romantic movies",2015,kaakan,Netflix
Kaalia,"action & adventure, dramas, international movies",1981,kaalia,Netflix
Kaaliyan,"dramas, international movies",2017,kaaliyan,Netflix
Kabali (Hindi Version),"action & adventure, dramas, international movies",2016,kabali hindi version,Netflix
Kacche Dhaagey,"dramas, international movies, romantic movies",2016,kacche dhaagey,Netflix
Kahlil Gibran's The Prophet,"children & family movies, dramas",2014,kahlil gibrans the prophet,Netflix
Kajraare,"dramas, international movies, music & musicals",2010,kajraare,Netflix
Kaleidoscope,thrillers,2016,kaleidoscope,Netflix
Kalki,"dramas, independent movies, international movies",2017,kalki,Netflix
Kanika,"horror movies, international movies, thrillers",2017,kanika,Netflix
Karzzzz,"international movies, music & musicals, romantic movies",2008,karzzzz,Netflix
Kate & Leopold,"comedies, romantic movies",2001,kate  leopold,Netflix
Katha,"comedies, dramas, independent movies",1982,katha,Netflix
Katt Williams: Live,stand-up comedy,2006,katt williams live,Netflix
Kaviyude Osyath,"dramas, international movies",2017,kaviyude osyath,Netflix
Kay Dyache Bola,"comedies, dramas, international movies",2005,kay dyache bola,Netflix
Ken Burns: The Civil War,docuseries,1990,ken burns the civil war,Netflix
Ken Burns: The Roosevelts: An Intimate History,docuseries,2014,ken burns the roosevelts an intimate history,Netflix
Ken Burns: The West,docuseries,1996,ken burns the west,Netflix
Kevin Hart: Laugh at My Pain,stand-up comedy,2011,kevin hart laugh at my pain,Netflix
Kevin Hart: Let Me Explain,stand-up comedy,2013,kevin hart let me explain,Netflix
Kevin Hart: Seriously Funny,stand-up comedy,2010,kevin hart seriously funny,Netflix
Kevyn Aucoin: Beauty & the Beast in Me,"documentaries, lgbtq movies",2017,kevyn aucoin beauty  the beast in me,Netflix
Khaani,"crime tv shows, international tv shows, romantic tv shows",2017,khaani,Netflix
Khalnayak,"action & adventure, dramas, international movies",1993,khalnayak,Netflix
Khan: No. 1 Crime Hunter,"crime tv shows, international tv shows, tv comedies",2018,khan no 1 crime hunter,Netflix
Khelti Hai Zindagi Aankh Micholi,"international tv shows, tv dramas",2013,khelti hai zindagi aankh micholi,Netflix
Khosla Ka Ghosla,"comedies, dramas, international movies",2006,khosla ka ghosla,Netflix
Khotey Sikkey,"crime tv shows, international tv shows, tv dramas",2011,khotey sikkey,Netflix
Khubsoorat,"classic movies, comedies, dramas",1980,khubsoorat,Netflix
Khushi,"comedies, international movies, music & musicals",2003,khushi,Netflix
Kia and Cosmos,"dramas, independent movies, international movies",2018,kia and cosmos,Netflix
Kickboxer: Retaliation,action & adventure,2017,kickboxer retaliation,Netflix
Kickboxer: Vengeance,action & adventure,2016,kickboxer vengeance,Netflix
Kicking and Screaming,"comedies, independent movies, romantic movies",1995,kicking and screaming,Netflix
Kid Kulafu,"dramas, international movies, sports movies",2015,kid kulafu,Netflix
Kidnapping Mr. Heineken,"action & adventure, dramas, international movies",2015,kidnapping mr heineken,Netflix
Kikoriki,kids' tv,2010,kikoriki,Netflix
Kill Bill: Vol. 1,action & adventure,2003,kill bill vol 1,Netflix
Kill Bill: Vol. 2,action & adventure,2004,kill bill vol 2,Netflix
Kill Command,"action & adventure, independent movies, sci-fi & fantasy",2016,kill command,Netflix
Kill Hitler! The Luck of the Devil,"documentaries, international movies",2015,kill hitler the luck of the devil,Netflix
Kill Ratio,action & adventure,2016,kill ratio,Netflix
Kill the Irishman,"action & adventure, dramas, independent movies",2011,kill the irishman,Netflix
Killer Klowns from Outer Space,"comedies, cult movies, horror movies",1988,killer klowns from outer space,Netflix
Killers,"action & adventure, comedies, romantic movies",2010,killers,Netflix
Kills on Wheels,"action & adventure, dramas, international movies",2016,kills on wheels,Netflix
Kilo Two Bravo,"dramas, independent movies, thrillers",2014,kilo two bravo,Netflix
King Jack,"dramas, independent movies",2015,king jack,Netflix
King's Ransom,"action & adventure, comedies",2005,kings ransom,Netflix
Kingdoms of the Sky,"british tv shows, docuseries, science & nature tv",2018,kingdoms of the sky,Netflix
Kingpin,"comedies, cult movies, sports movies",1996,kingpin,Netflix
Kings,dramas,2017,kings,Netflix
Kis Kisko Pyaar Karoon,"comedies, international movies",2015,kis kisko pyaar karoon,Netflix
Kiss the Girls,thrillers,1997,kiss the girls,Netflix
Kiss The Series,"international tv shows, romantic tv shows, tv dramas",2016,kiss the series,Netflix
Kitten Rescuers,"british tv shows, international tv shows, reality tv",2017,kitten rescuers,Netflix
KL Zombi,"comedies, horror movies, international movies",2013,kl zombi,Netflix
Knights of Sidonia,"anime series, international tv shows",2015,knights of sidonia,Netflix
Knock Knock,"horror movies, thrillers",2015,knock knock,Netflix
Know Your Enemy - Japan,"classic movies, documentaries",1945,know your enemy  japan,Netflix
Knowing,"sci-fi & fantasy, thrillers",2009,knowing,Netflix
Koko: The Gorilla Who Talks,documentaries,2016,koko the gorilla who talks,Netflix
Kon Kon Kon,"docuseries, international tv shows",2014,kon kon kon,Netflix
Kon-Tiki,"action & adventure, dramas, international movies",2012,kontiki,Netflix
Koshish,"international movies, romantic movies",1972,koshish,Netflix
Kraftidioten,"comedies, international movies, thrillers",2014,kraftidioten,Netflix
Krish Trish and Baltiboy,children & family movies,2009,krish trish and baltiboy,Netflix
Krish Trish and Baltiboy: Battle of Wits,children & family movies,2013,krish trish and baltiboy battle of wits,Netflix
Krish Trish and Baltiboy: Best Friends Forever,children & family movies,2016,krish trish and baltiboy best friends forever,Netflix
Krish Trish and Baltiboy: Comics of India,children & family movies,2012,krish trish and baltiboy comics of india,Netflix
Krish Trish and Baltiboy: Face Your Fears,children & family movies,2017,krish trish and baltiboy face your fears,Netflix
Krish Trish and Baltiboy: Oversmartness Never Pays,children & family movies,2017,krish trish and baltiboy oversmartness never pays,Netflix
Krish Trish and Baltiboy: Part II,children & family movies,2010,krish trish and baltiboy part ii,Netflix
Krish Trish and Baltiboy: The Greatest Trick,children & family movies,2013,krish trish and baltiboy the greatest trick,Netflix
Krisha,"dramas, independent movies",2015,krisha,Netflix
Krishna Balram,kids' tv,2019,krishna balram,Netflix
Kristy,horror movies,2013,kristy,Netflix
Krystal,"comedies, dramas",2017,krystal,Netflix
Kuldip Patwal: I Didn't Do It!,"dramas, independent movies, international movies",2017,kuldip patwal i didnt do it,Netflix
Kung Fu Hustle,"action & adventure, comedies, cult movies",2004,kung fu hustle,Netflix
Kung Fu Magoo,"children & family movies, comedies",2010,kung fu magoo,Netflix
Kung Fu Panda: Holiday,"children & family movies, comedies",2010,kung fu panda holiday,Netflix
Kung Fu Yoga,"action & adventure, comedies, international movies",2017,kung fu yoga,Netflix
Kuppivala,"dramas, international movies, romantic movies",2017,kuppivala,Netflix
Kurt & Courtney,"documentaries, music & musicals",1998,kurt  courtney,Netflix
Kurt Seyit & Sura,"international tv shows, romantic tv shows, tv dramas",2014,kurt seyit  sura,Netflix
Kurtulus Son Durak,"comedies, dramas, international movies",2012,kurtulus son durak,Netflix
Kya Kehna,"dramas, international movies, romantic movies",2000,kya kehna,Netflix
Kygo: Live at the Hollywood Bowl,music & musicals,2017,kygo live at the hollywood bowl,Netflix
Kyun! Ho Gaya Na,"international movies, romantic movies",2004,kyun ho gaya na,Netflix
La Última Fiesta,"comedies, international movies",2016,la ltima fiesta,Netflix
LA 92,documentaries,2017,la 92,Netflix
La Bamba,"classic movies, dramas, music & musicals",1987,la bamba,Netflix
La Coppia dei Campioni,"comedies, international movies",2016,la coppia dei campioni,Netflix
La Familia P. Luche,"international tv shows, spanish-language tv shows, tv comedies",2012,la familia p luche,Netflix
La Femme,"international tv shows, tv dramas",2016,la femme,Netflix
La Piloto,"crime tv shows, international tv shows, spanish-language tv shows",2017,la piloto,Netflix
La Rosa de Guadalupe,"classic & cult tv, crime tv shows, international tv shows",2010,la rosa de guadalupe,Netflix
La Viuda Negra,"crime tv shows, international tv shows, spanish-language tv shows",2016,la viuda negra,Netflix
Laal Rang,"dramas, international movies, thrillers",2016,laal rang,Netflix
Laddaland,"horror movies, international movies",2011,laddaland,Netflix
Lady Bloodfight,action & adventure,2016,lady bloodfight,Netflix
Lady in the Water,"sci-fi & fantasy, thrillers",2006,lady in the water,Netflix
Lady-Like,"comedies, independent movies",2018,ladylike,Netflix
"Lady, la vendedora de rosas","international tv shows, spanish-language tv shows, tv dramas",2015,lady la vendedora de rosas,Netflix
Lalbaug Parel: Zali Mumbai Sonyachi,"dramas, international movies",2010,lalbaug parel zali mumbai sonyachi,Netflix
Land Girls,"british tv shows, international tv shows, tv dramas",2011,land girls,Netflix
Larceny,action & adventure,2017,larceny,Netflix
Last,"crime tv shows, international tv shows, korean tv shows",2015,last,Netflix
Last Ferry,"dramas, independent movies, lgbtq movies",2019,last ferry,Netflix
Last Knights,action & adventure,2015,last knights,Netflix
Last Night,"dramas, independent movies, romantic movies",2010,last night,Netflix
Le K Benzema,"documentaries, international movies, sports movies",2017,le k benzema,Netflix
Le serment des Hitler,"documentaries, international movies",2014,le serment des hitler,Netflix
Leap Year,"comedies, romantic movies",2010,leap year,Netflix
LeapFrog: Letter Factory,children & family movies,2003,leapfrog letter factory,Netflix
LeapFrog: Numberland,movies,2011,leapfrog numberland,Netflix
LeapFrog: Phonics Farm,movies,2011,leapfrog phonics farm,Netflix
"LeapFrog: Sing-along, Read-along",children & family movies,2011,leapfrog singalong readalong,Netflix
Learning Time with Timmy,"british tv shows, kids' tv",2018,learning time with timmy,Netflix
Lechmi,"comedies, horror movies, international movies",2017,lechmi,Netflix
Left Behind,"action & adventure, faith & spirituality, sci-fi & fantasy",2014,left behind,Netflix
Legend of the Guardians: The Owls of Ga'Hoole,children & family movies,2010,legend of the guardians the owls of gahoole,Netflix
Legend of the Naga Pearls,"action & adventure, international movies, sci-fi & fantasy",2017,legend of the naga pearls,Netflix
Legendary Weapons of China,"action & adventure, cult movies, international movies",1982,legendary weapons of china,Netflix
Legends of Strength,docuseries,2017,legends of strength,Netflix
Legion,"action & adventure, horror movies, sci-fi & fantasy",2010,legion,Netflix
Lego Friends,kids' tv,2017,lego friends,Netflix
Lego Friends: Girls on a Mission,kids' tv,2018,lego friends girls on a mission,Netflix
LEGO House - Home of the Brick,"documentaries, international movies",2018,lego house  home of the brick,Netflix
LEGO Ninjago: Masters of Spinjitzu: Day of the Departed,"action & adventure, children & family movies",2016,lego ninjago masters of spinjitzu day of the departed,Netflix
Leo & Tig,kids' tv,2017,leo  tig,Netflix
Leo the Lion,"children & family movies, comedies",2013,leo the lion,Netflix
"Les Bleus - Une autre histoire de France, 1996-2016","documentaries, international movies, sports movies",2016,les bleus  une autre histoire de france 19962016,Netflix
Let There Be Light,"classic movies, documentaries",1946,let there be light,Netflix
Leyla and Mecnun,"international tv shows, romantic tv shows, tv comedies",2014,leyla and mecnun,Netflix
Lez Bomb,"comedies, lgbtq movies",2018,lez bomb,Netflix
License to Drill: Louisiana,reality tv,2014,license to drill louisiana,Netflix
Life After Beth,"comedies, horror movies, independent movies",2014,life after beth,Netflix
Life in the Doghouse,"documentaries, lgbtq movies",2018,life in the doghouse,Netflix
Life on Location,"british tv shows, docuseries, science & nature tv",2009,life on location,Netflix
Life Story,"british tv shows, docuseries, science & nature tv",2014,life story,Netflix
Lifechanger,"horror movies, independent movies, thrillers",2018,lifechanger,Netflix
Lifeline,"action & adventure, international movies",1997,lifeline,Netflix
Like Arrows,"dramas, faith & spirituality",2018,like arrows,Netflix
Like Water for Chocolate,"classic movies, dramas, international movies",1992,like water for chocolate,Netflix
Lila & Eve,"dramas, thrillers",2015,lila  eve,Netflix
Limmy's Show!,"british tv shows, tv comedies",2012,limmys show,Netflix
Lincoln,dramas,2012,lincoln,Netflix
Lion's Heart,"action & adventure, international movies",2013,lions heart,Netflix
Listen Up! The Lives of Quincy Jones,"documentaries, music & musicals",1990,listen up the lives of quincy jones,Netflix
Little Dragon Maiden,"action & adventure, international movies, romantic movies",1983,little dragon maiden,Netflix
Little Lunch,"kids' tv, tv comedies",2015,little lunch,Netflix
Little Lunch: The Halloween Horror Story,"children & family movies, comedies",2016,little lunch the halloween horror story,Netflix
Little Lunch: The Nightmare Before Graduation,"children & family movies, comedies",2016,little lunch the nightmare before graduation,Netflix
Little Men,"dramas, independent movies",2016,little men,Netflix
Little Nicky,comedies,2000,little nicky,Netflix
Little Singham aur Kaal ka Mahajaal,"children & family movies, comedies",2018,little singham aur kaal ka mahajaal,Netflix
Little Singham Bandarpur Mein Hu Ha Hu,"children & family movies, comedies",2019,little singham bandarpur mein hu ha hu,Netflix
Little Singham in London,"children & family movies, comedies",2019,little singham in london,Netflix
Little Sister,"comedies, dramas, independent movies",2016,little sister,Netflix
Liv and Maddie,"kids' tv, tv comedies",2017,liv and maddie,Netflix
Lizzie Borden Took an Ax,thrillers,2014,lizzie borden took an ax,Netflix
Lo and Behold: Reveries of the Connected World,documentaries,2016,lo and behold reveries of the connected world,Netflix
Lo que la verdad esconde: El caso Asunta (Operacion Nenúfar),"crime tv shows, docuseries, international tv shows",2017,lo que la verdad esconde el caso asunta operacion nenfar,Netflix
Lo que la vida me robó,"crime tv shows, international tv shows, romantic tv shows",2013,lo que la vida me rob,Netflix
"Lock, Stock and Two Smoking Barrels","action & adventure, comedies, independent movies",1998,lock stock and two smoking barrels,Netflix
Locke,"dramas, independent movies",2013,locke,Netflix
Lockout,"action & adventure, international movies, sci-fi & fantasy",2012,lockout,Netflix
Loco Love,"dramas, independent movies, international movies",2017,loco love,Netflix
Logan's Run,"action & adventure, classic movies, cult movies",1976,logans run,Netflix
LoliRock,kids' tv,2016,lolirock,Netflix
Lolita,"classic movies, dramas, romantic movies",1962,lolita,Netflix
London Spy,"british tv shows, crime tv shows, international tv shows",2015,london spy,Netflix
Long Time Running,"documentaries, international movies, music & musicals",2017,long time running,Netflix
"Look Out, Officer","action & adventure, comedies, international movies",1990,look out officer,Netflix
Look Who's Back,"comedies, international movies",2015,look whos back,Netflix
Lorai: Play to Live,"dramas, international movies, sports movies",2015,lorai play to live,Netflix
Los 10 años de Peter Capusotto,"international tv shows, spanish-language tv shows, tv comedies",2015,los 10 aos de peter capusotto,Netflix
Los Niños Héroes de Chapultepec,"documentaries, international movies",2017,los nios hroes de chapultepec,Netflix
Los tiempos de Pablo Escobar,"crime tv shows, docuseries, international tv shows",2012,los tiempos de pablo escobar,Netflix
Losing Sight of Shore,"documentaries, sports movies",2017,losing sight of shore,Netflix
Lost Girl,"tv dramas, tv horror, tv mysteries",2015,lost girl,Netflix
Love Cuisine,"international tv shows, romantic tv shows, tv comedies",2015,love cuisine,Netflix
Love Dot Com: The Social Experiment,"comedies, romantic movies",2019,love dot com the social experiment,Netflix
Love Ni Bhavai,"comedies, international movies, romantic movies",2017,love ni bhavai,Netflix
Love on Delivery,"action & adventure, comedies, international movies",1994,love on delivery,Netflix
Love Rain,"international tv shows, korean tv shows, romantic tv shows",2012,love rain,Netflix
Love Rhythms - Accidental Daddy,"international tv shows, tv comedies, tv dramas",2016,love rhythms  accidental daddy,Netflix
Love Shot,"dramas, thrillers",2018,love shot,Netflix
Love Station,"comedies, international movies, romantic movies",2011,love station,Netflix
Love You... Love You Not,"comedies, international movies, romantic movies",2015,love you love you not,Netflix
Love Your Garden,"british tv shows, international tv shows, reality tv",2013,love your garden,Netflix
"Love, Rosie","comedies, international movies, romantic movies",2014,love rosie,Netflix
LoveTrue,documentaries,2016,lovetrue,Netflix
Loving Annabelle,"dramas, independent movies, lgbtq movies",2006,loving annabelle,Netflix
Loving You,"dramas, international movies",1995,loving you,Netflix
Lucha: Playing the Impossible,"documentaries, international movies, sports movies",2016,lucha playing the impossible,Netflix
Lucky Days,"international tv shows, romantic tv shows, tv comedies",2010,lucky days,Netflix
Lucky: No Time for Love,"dramas, international movies, romantic movies",2005,lucky no time for love,Netflix
Lupt,"horror movies, international movies, thrillers",2018,lupt,Netflix
Lusers,"comedies, international movies, sports movies",2015,lusers,Netflix
Ma Chu Ka,"international movies, thrillers",2017,ma chu ka,Netflix
Maacher Jhol,"dramas, international movies",2017,maacher jhol,Netflix
Mac & Devin Go to High School,comedies,2012,mac  devin go to high school,Netflix
Macchli Jal Ki Rani Hai,"horror movies, international movies",2014,macchli jal ki rani hai,Netflix
Mad Max,"action & adventure, classic movies, cult movies",1979,mad max,Netflix
Mad Men,tv dramas,2014,mad men,Netflix
Mad Money,comedies,2008,mad money,Netflix
Mad Ron's Prevues from Hell,"cult movies, horror movies",1987,mad rons prevues from hell,Netflix
Mad World,"dramas, international movies",2016,mad world,Netflix
Madaari,"dramas, independent movies, international movies",2016,madaari,Netflix
Maddman: The Steve Madden Story,documentaries,2017,maddman the steve madden story,Netflix
Madre,"international movies, thrillers",2016,madre,Netflix
Maggie & Bianca: Fashion Friends,"kids' tv, tv comedies",2017,maggie  bianca fashion friends,Netflix
Magi: Adventure of Sinbad,"anime series, international tv shows",2016,magi adventure of sinbad,Netflix
Magic Snowflake,children & family movies,2013,magic snowflake,Netflix
Magnetic,"action & adventure, documentaries, international movies",2018,magnetic,Netflix
Magnus,"children & family movies, documentaries, international movies",2016,magnus,Netflix
Mahabharat,"action & adventure, dramas, international movies",2013,mahabharat,Netflix
Maharakshak Devi,"international tv shows, tv action & adventure, tv sci-fi & fantasy",2015,maharakshak devi,Netflix
Maharakshak: Aryan,"international tv shows, tv action & adventure, tv sci-fi & fantasy",2014,maharakshak aryan,Netflix
Mahi Way,"international tv shows, tv comedies",2010,mahi way,Netflix
Mahjong Heroes,"comedies, international movies",1981,mahjong heroes,Netflix
Mahmut & Meryem,"international tv shows, romantic tv shows, tv dramas",2013,mahmut  meryem,Netflix
Maine Pyaar Kyun Kiya,"comedies, international movies, music & musicals",2005,maine pyaar kyun kiya,Netflix
Maine Pyar Kiya,"dramas, international movies, music & musicals",1989,maine pyar kiya,Netflix
Mala Kahich Problem Nahi,"dramas, international movies",2017,mala kahich problem nahi,Netflix
Malicious,horror movies,2018,malicious,Netflix
Man of Tai Chi,"action & adventure, dramas",2013,man of tai chi,Netflix
Man Up,"comedies, international movies, romantic movies",2015,man up,Netflix
Man vs Wild with Sunny Leone,"international tv shows, reality tv, tv action & adventure",2018,man vs wild with sunny leone,Netflix
Mandi,"dramas, independent movies, international movies",1983,mandi,Netflix
Mandobasar Galpo,"dramas, international movies, romantic movies",2017,mandobasar galpo,Netflix
Manglehorn,"dramas, independent movies",2014,manglehorn,Netflix
Mango Dreams,"dramas, independent movies",2016,mango dreams,Netflix
Manhattan Romance,"comedies, independent movies, romantic movies",2014,manhattan romance,Netflix
Manolo: The Boy Who Made Shoes for Lizards,"documentaries, international movies",2017,manolo the boy who made shoes for lizards,Netflix
Mansfield Park,"comedies, dramas, international movies",1999,mansfield park,Netflix
Mantostaan,"dramas, independent movies, international movies",2017,mantostaan,Netflix
Mantra,"dramas, independent movies, international movies",2017,mantra,Netflix
Mara,"horror movies, thrillers",2017,mara,Netflix
Marauders,action & adventure,2016,marauders,Netflix
Marching Orders,docuseries,2018,marching orders,Netflix
Mark Gatiss: A Study in Sherlock,movies,2016,mark gatiss a study in sherlock,Netflix
Maron,tv comedies,2016,maron,Netflix
Maroon,"dramas, independent movies, international movies",2016,maroon,Netflix
Married at First Sight,"reality tv, romantic tv shows",2019,married at first sight,Netflix
Mars,"docuseries, science & nature tv, tv dramas",2018,mars,Netflix
Martial Arts of Shaolin,"action & adventure, international movies",1986,martial arts of shaolin,Netflix
Martin Lawrence Live: Runteldat,stand-up comedy,2002,martin lawrence live runteldat,Netflix
Martin Luther: The Idea that Changed the World,"documentaries, faith & spirituality",2017,martin luther the idea that changed the world,Netflix
Martyrs of Marriage,"documentaries, international movies",2016,martyrs of marriage,Netflix
Marvel & ESPN Films Present: 1 of 1: Genesis,"documentaries, sports movies",2014,marvel  espn films present 1 of 1 genesis,Netflix
Marvel's Iron Man & Hulk: Heroes United,"action & adventure, sci-fi & fantasy",2013,marvels iron man  hulk heroes united,Netflix
Mary and the Witch's Flower,"anime features, children & family movies",2017,mary and the witchs flower,Netflix
Mary Poppins Returns,"children & family movies, music & musicals",2018,mary poppins returns,Netflix
Mary Portas: Secret Shopper,"british tv shows, international tv shows, reality tv",2016,mary portas secret shopper,Netflix
Masoom,"dramas, independent movies, international movies",1983,masoom,Netflix
Master,"action & adventure, international movies",2016,master,Netflix
Mater,"dramas, independent movies, international movies",2017,mater,Netflix
Matichya Chuli,"comedies, dramas, international movies",2006,matichya chuli,Netflix
Max Rose,"dramas, independent movies",2013,max rose,Netflix
May We Chat,"dramas, international movies",2014,may we chat,Netflix
May You Prosper,"comedies, international movies, music & musicals",2017,may you prosper,Netflix
Maya Angelou: And Still I Rise,documentaries,2016,maya angelou and still i rise,Netflix
Maynard,documentaries,2017,maynard,Netflix
Maza Pati Karodpati,"comedies, international movies, romantic movies",1988,maza pati karodpati,Netflix
Me and the Alien,"comedies, dramas, international movies",2016,me and the alien,Netflix
Mean Dreams,"dramas, independent movies, thrillers",2016,mean dreams,Netflix
Mean Streets,"classic movies, dramas, independent movies",1973,mean streets,Netflix
Meditation Park,dramas,2017,meditation park,Netflix
Medium,"horror movies, international movies, thrillers",1985,medium,Netflix
Meet the Trumps: From Immigrant to President,documentaries,2017,meet the trumps from immigrant to president,Netflix
Mega Food,"british tv shows, docuseries, international tv shows",2013,mega food,Netflix
MegaTruckers,reality tv,2012,megatruckers,Netflix
Melle,"dramas, international movies, romantic movies",2017,melle,Netflix
Melodies of Life - Born This Way,"international tv shows, romantic tv shows, tv comedies",2016,melodies of life  born this way,Netflix
Melvin Goes to Dinner,"comedies, dramas, independent movies",2003,melvin goes to dinner,Netflix
Memoir of a Murderer,"dramas, international movies, thrillers",2017,memoir of a murderer,Netflix
Memory Games,documentaries,2018,memory games,Netflix
Men in Black,"action & adventure, comedies, sci-fi & fantasy",1997,men in black,Netflix
Men in Black II,"action & adventure, comedies, sci-fi & fantasy",2002,men in black ii,Netflix
Menorca,"dramas, independent movies",2016,menorca,Netflix
Merantau,"action & adventure, dramas, international movies",2009,merantau,Netflix
Mere Papa Hero Hiralal,"international tv shows, tv dramas",2018,mere papa hero hiralal,Netflix
Merlí,"international tv shows, tv dramas, teen tv shows",2015,merl,Netflix
Merry Men: The Real Yoruba Demons,"comedies, international movies",2018,merry men the real yoruba demons,Netflix
Mexico Diseña,"international tv shows, reality tv, spanish-language tv shows",2016,mexico disea,Netflix
Mi Shivajiraje Bhosale Boltoy,"comedies, international movies, sci-fi & fantasy",2009,mi shivajiraje bhosale boltoy,Netflix
MI-5,"action & adventure, dramas, international movies",2015,mi5,Netflix
Middle School: The Worst Years of My Life,"children & family movies, comedies",2016,middle school the worst years of my life,Netflix
Midnight Misadventures With Mallika Dua,"international tv shows, stand-up comedy & talk shows, tv comedies",2018,midnight misadventures with mallika dua,Netflix
Midnight Special,"action & adventure, sci-fi & fantasy",2016,midnight special,Netflix
Mighty Morphin Alien Rangers,kids' tv,1996,mighty morphin alien rangers,Netflix
Milk,"dramas, independent movies, lgbtq movies",2008,milk,Netflix
Mini Wolf,kids' tv,2014,mini wolf,Netflix
Minnaminugu the FireFly,"dramas, international movies",2017,minnaminugu the firefly,Netflix
Minute to Win It,reality tv,2013,minute to win it,Netflix
Miracle,"children & family movies, dramas, sports movies",2004,miracle,Netflix
Mirror Mirror,"children & family movies, comedies",2012,mirror mirror,Netflix
Mirzya,"dramas, international movies, music & musicals",2016,mirzya,Netflix
Miss Dynamite,"crime tv shows, international tv shows, spanish-language tv shows",2015,miss dynamite,Netflix
Miss Hokusai,anime features,2015,miss hokusai,Netflix
Miss Julie,"dramas, international movies",2014,miss julie,Netflix
Miss Me This Christmas,romantic movies,2017,miss me this christmas,Netflix
Miss Representation,documentaries,2011,miss representation,Netflix
Miss Rose,"international tv shows, romantic tv shows, tv comedies",2015,miss rose,Netflix
Miss Sharon Jones!,"documentaries, music & musicals",2015,miss sharon jones,Netflix
Miss Stevens,"dramas, independent movies",2016,miss stevens,Netflix
Mission Control: The Unsung Heroes of Apollo,documentaries,2017,mission control the unsung heroes of apollo,Netflix
Mission of Honor,"action & adventure, dramas",2018,mission of honor,Netflix
Mission: Destroy Love,"comedies, international movies, romantic movies",2014,mission destroy love,Netflix
Mississippi Grind,"dramas, independent movies",2015,mississippi grind,Netflix
Moh Maya Money,"dramas, independent movies, international movies",2016,moh maya money,Netflix
Mohawk,"action & adventure, horror movies, independent movies",2017,mohawk,Netflix
Mojave,"dramas, independent movies, thrillers",2015,mojave,Netflix
Mokalik (Mechanic),"dramas, international movies",2019,mokalik mechanic,Netflix
Molly's Game,dramas,2017,mollys game,Netflix
Momo Salon,"international tv shows, korean tv shows, romantic tv shows",2014,momo salon,Netflix
Mona Lisa Smile,dramas,2003,mona lisa smile,Netflix
Money,thrillers,2016,money,Netflix
Money for Nothing,"british tv shows, international tv shows, reality tv",2015,money for nothing,Netflix
Money Talks,"action & adventure, comedies",1997,money talks,Netflix
Monkey Planet,"british tv shows, docuseries, science & nature tv",2014,monkey planet,Netflix
Monkey Up,"children & family movies, comedies",2016,monkey up,Netflix
Monopoly (The Bank Of Luck),"comedies, international movies",2017,monopoly the bank of luck,Netflix
Monster Family,children & family movies,2017,monster family,Netflix
Monster High 13 Wishes,children & family movies,2013,monster high 13 wishes,Netflix
"Monster High: Boo York, Boo York","children & family movies, music & musicals",2015,monster high boo york boo york,Netflix
Monster High: Escape from Skull Shores,children & family movies,2012,monster high escape from skull shores,Netflix
Monster High: Freaky Fusion,children & family movies,2014,monster high freaky fusion,Netflix
Monster High: Friday Night Frights,children & family movies,2013,monster high friday night frights,Netflix
Monster High: Fright On!,children & family movies,2011,monster high fright on,Netflix
"Monster High: Frights, Camera, Action!",children & family movies,2014,monster high frights camera action,Netflix
Monster High: Ghouls Rule,children & family movies,2012,monster high ghouls rule,Netflix
Monster High: Great Scarrier Reef,children & family movies,2016,monster high great scarrier reef,Netflix
Monster High: Haunted,children & family movies,2015,monster high haunted,Netflix
Monster High: New Ghoul at School,children & family movies,2010,monster high new ghoul at school,Netflix
"Monster High: Scaris, City of Frights",children & family movies,2013,monster high scaris city of frights,Netflix
Monster High: Why Do Ghouls Fall in Love?,children & family movies,2013,monster high why do ghouls fall in love,Netflix
Monster Math Squad,kids' tv,2012,monster math squad,Netflix
Monster-in-Law,"comedies, romantic movies",2005,monsterinlaw,Netflix
Monty Don's French Gardens,"british tv shows, docuseries, international tv shows",2013,monty dons french gardens,Netflix
Monty Don's Italian Gardens,"british tv shows, docuseries, international tv shows",2011,monty dons italian gardens,Netflix
Moon,"dramas, independent movies, sci-fi & fantasy",2009,moon,Netflix
Moonlight,"dramas, independent movies, lgbtq movies",2016,moonlight,Netflix
Moonwalkers,"action & adventure, comedies, international movies",2015,moonwalkers,Netflix
Moor,"dramas, independent movies, international movies",2015,moor,Netflix
Morris from America,"dramas, independent movies, international movies",2016,morris from america,Netflix
Mortified Nation,documentaries,2013,mortified nation,Netflix
Morya,"dramas, international movies",2011,morya,Netflix
Motu Patlu: King of Kings,"children & family movies, comedies",2016,motu patlu king of kings,Netflix
Mountain,"action & adventure, documentaries, international movies",2017,mountain,Netflix
Movie 43,comedies,2013,movie 43,Netflix
Mr. Church,dramas,2016,mr church,Netflix
Mr. Deeds,"comedies, romantic movies",2002,mr deeds,Netflix
Mr. Gaga: A True Story of Love and Dance,"documentaries, international movies",2015,mr gaga a true story of love and dance,Netflix
Mr. Virgin,"comedies, dramas, international movies",1984,mr virgin,Netflix
Mr. Woodcock,comedies,2007,mr woodcock,Netflix
Mr. Young,"kids' tv, tv comedies",2013,mr young,Netflix
Ms. Mammy,"comedies, international movies",2012,ms mammy,Netflix
Mud,"dramas, independent movies",2012,mud,Netflix
Mujhse Shaadi Karogi,"comedies, international movies, romantic movies",2004,mujhse shaadi karogi,Netflix
Mune: Guardian of the Moon,children & family movies,2014,mune guardian of the moon,Netflix
Muppets Most Wanted,"children & family movies, comedies",2014,muppets most wanted,Netflix
Murder Party,"comedies, cult movies, horror movies",2007,murder party,Netflix
Murderous Affairs,"crime tv shows, docuseries",2017,murderous affairs,Netflix
Mutant Busters,"kids' tv, tv comedies",2017,mutant busters,Netflix
Mutiny on the Bounty,"action & adventure, classic movies, dramas",1962,mutiny on the bounty,Netflix
My Babysitter's a Vampire: The Movie,"children & family movies, comedies",2010,my babysitters a vampire the movie,Netflix
My Brother ... Nikhil,"dramas, independent movies, international movies",2005,my brother  nikhil,Netflix
My Daddy is in Heaven,"dramas, faith & spirituality",2017,my daddy is in heaven,Netflix
My Dog is My Guide,"comedies, international movies",2013,my dog is my guide,Netflix
My Entire High School Sinking Into the Sea,"comedies, independent movies",2016,my entire high school sinking into the sea,Netflix
My Ex-Ex,"comedies, romantic movies",2015,my exex,Netflix
My Honor Was Loyalty,dramas,2015,my honor was loyalty,Netflix
My Hotter Half,"british tv shows, international tv shows, reality tv",2017,my hotter half,Netflix
My Life as a Zucchini,"comedies, dramas, international movies",2016,my life as a zucchini,Netflix
My Life My Story,"international tv shows, stand-up comedy & talk shows",2017,my life my story,Netflix
My Little Pony Equestria Girls: Friendship Games,"children & family movies, comedies",2015,my little pony equestria girls friendship games,Netflix
My Little Pony Equestria Girls: Rainbow Rocks,"children & family movies, comedies",2014,my little pony equestria girls rainbow rocks,Netflix
My Only Mother,"comedies, dramas, international movies",2013,my only mother,Netflix
"My Schoolmate, the Barbarian","action & adventure, comedies, international movies",2001,my schoolmate the barbarian,Netflix
My Scientology Movie,documentaries,2015,my scientology movie,Netflix
My Sister's Keeper,dramas,2009,my sisters keeper,Netflix
My Tattoo Addiction,"british tv shows, docuseries",2013,my tattoo addiction,Netflix
My True Friend,"action & adventure, dramas, international movies",2012,my true friend,Netflix
My Week with Marilyn,"dramas, romantic movies",2011,my week with marilyn,Netflix
My Wife and My Wifey,"comedies, international movies",2014,my wife and my wifey,Netflix
Mystery Science Theater 3000,"tv comedies, tv sci-fi & fantasy",1999,mystery science theater 3000,Netflix
Mythily Veendum Varunnu,"horror movies, international movies",2017,mythily veendum varunnu,Netflix
Nacho Libre,"comedies, sports movies",2006,nacho libre,Netflix
Naga The Eternal Yogi,"documentaries, international movies",2016,naga the eternal yogi,Netflix
Nails,horror movies,2017,nails,Netflix
Naledi: A Baby Elephant's Tale,documentaries,2016,naledi a baby elephants tale,Netflix
Namak Halaal,"action & adventure, comedies, international movies",1982,namak halaal,Netflix
Namour,"dramas, independent movies",2016,namour,Netflix
Naruto Shippuden : Blood Prison,"action & adventure, anime features, international movies",2011,naruto shippuden  blood prison,Netflix
Natalia Valdebenito: Gritona,stand-up comedy,2017,natalia valdebenito gritona,Netflix
National Bird,documentaries,2016,national bird,Netflix
National Lampoon's Loaded Weapon 1,"action & adventure, comedies, independent movies",1993,national lampoons loaded weapon 1,Netflix
National Parks Adventure,documentaries,2016,national parks adventure,Netflix
National Treasure,"action & adventure, children & family movies",2004,national treasure,Netflix
Natsamrat - Asa Nat Hone Nahi,"dramas, international movies",2016,natsamrat  asa nat hone nahi,Netflix
Natural Born Pranksters,comedies,2016,natural born pranksters,Netflix
Natural Selection,"dramas, independent movies",2015,natural selection,Netflix
Nature: Animals With Cameras,"docuseries, science & nature tv",2018,nature animals with cameras,Netflix
NATURE: Natural Born Hustlers,"docuseries, science & nature tv",2016,nature natural born hustlers,Netflix
Nature: Raising the Dinosaur Giant,documentaries,2016,nature raising the dinosaur giant,Netflix
Nature's Great Events (2009),"british tv shows, docuseries, science & nature tv",2009,natures great events,Netflix
Nature's Great Events: Diaries,"british tv shows, docuseries, science & nature tv",2009,natures great events diaries,Netflix
Nature's Great Race,"british tv shows, docuseries, science & nature tv",2016,natures great race,Netflix
Nature's Weirdest Events,"british tv shows, docuseries, science & nature tv",2015,natures weirdest events,Netflix
Nazi Concentration Camps,"classic movies, documentaries",1945,nazi concentration camps,Netflix
Nazi Mega Weapons,docuseries,2016,nazi mega weapons,Netflix
Neruda,"dramas, international movies",2016,neruda,Netflix
Never Heard,"dramas, faith & spirituality",2018,never heard,Netflix
New York Minute,"children & family movies, comedies",2004,new york minute,Netflix
Newtown,documentaries,2016,newtown,Netflix
Next,"action & adventure, sci-fi & fantasy",2007,next,Netflix
Nibunan,"action & adventure, dramas, international movies",2017,nibunan,Netflix
Night Comes On,"dramas, independent movies",2018,night comes on,Netflix
Night Moves,"dramas, independent movies, thrillers",2013,night moves,Netflix
Nightcrawler,"dramas, independent movies, thrillers",2014,nightcrawler,Netflix
"Nightmare Tenants, Slum Landlords","british tv shows, international tv shows, reality tv",2016,nightmare tenants slum landlords,Netflix
Nights in Rodanthe,"dramas, romantic movies",2008,nights in rodanthe,Netflix
Ninja Hattori,"anime series, kids' tv",1981,ninja hattori,Netflix
Ninja Turtles: The Next Mutation,"kids' tv, tv comedies",1997,ninja turtles the next mutation,Netflix
No Entry,"comedies, international movies",2005,no entry,Netflix
No Estoy Loca,"comedies, dramas, international movies",2018,no estoy loca,Netflix
No Reservations,"comedies, romantic movies",2007,no reservations,Netflix
Nobel,"international tv shows, tv dramas, tv thrillers",2016,nobel,Netflix
Norm of the North: Family Vacation,children & family movies,2020,norm of the north family vacation,Netflix
Norm of the North: Keys to the Kingdom,children & family movies,2019,norm of the north keys to the kingdom,Netflix
Norm of the North: King Sized Adventure,"children & family movies, comedies",2019,norm of the north king sized adventure,Netflix
North & South,"british tv shows, romantic tv shows, tv dramas",2004,north  south,Netflix
Not Alone,documentaries,2017,not alone,Netflix
NOVA: Bird Brain,"children & family movies, documentaries",2017,nova bird brain,Netflix
NOVA: Black Hole Apocalypse,documentaries,2018,nova black hole apocalypse,Netflix
NOVA: Building Chernobyl's MegaTomb,documentaries,2017,nova building chernobyls megatomb,Netflix
NOVA: Chinese Chariot Revealed,documentaries,2017,nova chinese chariot revealed,Netflix
NOVA: Day the Dinosaurs Died,documentaries,2017,nova day the dinosaurs died,Netflix
NOVA: Death Dive to Saturn,documentaries,2017,nova death dive to saturn,Netflix
NOVA: Decoding the Weather Machine,documentaries,2018,nova decoding the weather machine,Netflix
NOVA: Eclipse Over America,documentaries,2017,nova eclipse over america,Netflix
NOVA: Extreme Animal Weapons,documentaries,2017,nova extreme animal weapons,Netflix
NOVA: First Face of America,documentaries,2018,nova first face of america,Netflix
NOVA: Holocaust Escape Tunnel,documentaries,2017,nova holocaust escape tunnel,Netflix
NOVA: Killer Floods,documentaries,2017,nova killer floods,Netflix
NOVA: Killer Hurricanes,documentaries,2017,nova killer hurricanes,Netflix
NOVA: Killer Volcanoes,documentaries,2017,nova killer volcanoes,Netflix
NOVA: Poisoned Water,documentaries,2017,nova poisoned water,Netflix
NOVA: Prediction by the Numbers,documentaries,2018,nova prediction by the numbers,Netflix
NOVA: Secrets of the Shining Knight,documentaries,2017,nova secrets of the shining knight,Netflix
NOVA: Thai Cave Rescue,documentaries,2018,nova thai cave rescue,Netflix
NOVA: The Impossible Flight,documentaries,2018,nova the impossible flight,Netflix
Nova: Ultimate Mars Challenge,movies,2012,nova ultimate mars challenge,Netflix
November Criminals,"dramas, thrillers",2017,november criminals,Netflix
Now and Then,dramas,1995,now and then,Netflix
Now More Than Ever: The History of Chicago,"documentaries, music & musicals",2016,now more than ever the history of chicago,Netflix
Nowhere Boy,dramas,2009,nowhere boy,Netflix
NSU German History X,"crime tv shows, international tv shows, tv dramas",2016,nsu german history x,Netflix
Nuestra Lucha Libre,"docuseries, international tv shows, spanish-language tv shows",2018,nuestra lucha libre,Netflix
Numbered,"documentaries, international movies",2012,numbered,Netflix
Numero Zero. The Roots of Italian Rap,"documentaries, international movies, music & musicals",2015,numero zero the roots of italian rap,Netflix
Nura: Rise of the Yokai Clan: Demon Capital,"anime series, crime tv shows",2011,nura rise of the yokai clan demon capital,Netflix
Nurse Jackie,"tv comedies, tv dramas",2015,nurse jackie,Netflix
Nurses Who Kill,"british tv shows, crime tv shows, docuseries",2016,nurses who kill,Netflix
Nymphomaniac: Volume 1,"dramas, independent movies, international movies",2013,nymphomaniac volume 1,Netflix
Nymphomaniac: Volume II,"dramas, independent movies, international movies",2013,nymphomaniac volume ii,Netflix
"O-Negative, Love Can’t Be Designed","international tv shows, romantic tv shows, tv dramas",2016,onegative love cant be designed,Netflix
Oasis: Supersonic,"documentaries, international movies, music & musicals",2016,oasis supersonic,Netflix
Obvious Child,"comedies, dramas, independent movies",2014,obvious child,Netflix
Océans,"documentaries, international movies",2009,ocans,Netflix
Occupation,"action & adventure, sci-fi & fantasy",2018,occupation,Netflix
Ocean's Eleven,"action & adventure, classic movies, comedies",1960,oceans eleven,Netflix
Ocean's Thirteen,"action & adventure, comedies",2007,oceans thirteen,Netflix
Ocean's Twelve,"action & adventure, comedies",2004,oceans twelve,Netflix
OCTB,"crime tv shows, international tv shows, tv dramas",2017,octb,Netflix
Off Course,"comedies, international movies",2015,off course,Netflix
Officer Downe,action & adventure,2016,officer downe,Netflix
Oh My Ghost 2,"comedies, horror movies, international movies",2011,oh my ghost 2,Netflix
Oh My Ghost 3,"comedies, horror movies, international movies",2012,oh my ghost 3,Netflix
Oh My Ghost 4,"comedies, horror movies, international movies",2015,oh my ghost 4,Netflix
Oh No! It's an Alien Invasion,"kids' tv, tv action & adventure, tv sci-fi & fantasy",2014,oh no its an alien invasion,Netflix
Oklahoma City,documentaries,2017,oklahoma city,Netflix
Oliver Stone's Untold History of the United States,docuseries,2013,oliver stones untold history of the united states,Netflix
Ollie & Moon,kids' tv,2018,ollie  moon,Netflix
Omar and Salma 3,"comedies, international movies, romantic movies",2012,omar and salma 3,Netflix
On the Wrong Track,"action & adventure, international movies",1983,on the wrong track,Netflix
On Yoga The Architecture of Peace,"documentaries, faith & spirituality",2017,on yoga the architecture of peace,Netflix
Onaatah,"dramas, international movies",2016,onaatah,Netflix
Once In A Lifetime Sessions with Moby,"documentaries, music & musicals",2018,once in a lifetime sessions with moby,Netflix
Once In A Lifetime Sessions with Nile Rodgers,"documentaries, music & musicals",2018,once in a lifetime sessions with nile rodgers,Netflix
Once In A Lifetime Sessions with Noel Gallagher,"documentaries, music & musicals",2018,once in a lifetime sessions with noel gallagher,Netflix
Once In A Lifetime Sessions with TLC,"documentaries, music & musicals",2018,once in a lifetime sessions with tlc,Netflix
Once Upon a Time in London,"dramas, international movies",2019,once upon a time in london,Netflix
Once Upon a Time in the West,"action & adventure, classic movies, international movies",1968,once upon a time in the west,Netflix
One Day,"dramas, international movies, romantic movies",2016,one day,Netflix
One Direction: This Is Us,"documentaries, music & musicals",2013,one direction this is us,Netflix
One Heart: The A.R. Rahman Concert Film,"documentaries, international movies, music & musicals",2017,one heart the ar rahman concert film,Netflix
One Last Thing,dramas,2018,one last thing,Netflix
One More Shot,documentaries,2017,one more shot,Netflix
One Night Stand,"dramas, international movies, music & musicals",2016,one night stand,Netflix
One Strange Rock,"docuseries, science & nature tv",2018,one strange rock,Netflix
Only God Forgives,"cult movies, independent movies, thrillers",2013,only god forgives,Netflix
Only the Dead,"documentaries, international movies",2015,only the dead,Netflix
Open Season,"children & family movies, comedies",2006,open season,Netflix
Operation Chromite,"action & adventure, dramas, international movies",2016,operation chromite,Netflix
Operation Gold Rush,"british tv shows, reality tv",2016,operation gold rush,Netflix
Operation Mekong,"action & adventure, international movies",2016,operation mekong,Netflix
Operation Odessa,documentaries,2018,operation odessa,Netflix
Operation Ouch!,"british tv shows, kids' tv, tv comedies",2012,operation ouch,Netflix
Operation Proposal,"international tv shows, korean tv shows, romantic tv shows",2012,operation proposal,Netflix
Operation Red Sea,"action & adventure, international movies",2018,operation red sea,Netflix
Operator,"comedies, dramas, independent movies",2016,operator,Netflix
Opium and the Kung Fu Master,"action & adventure, international movies",1984,opium and the kung fu master,Netflix
Origins Collection,docuseries,2018,origins collection,Netflix
Oru Vishsheshapetta Biryani Kissa,"comedies, dramas, international movies",2017,oru vishsheshapetta biryani kissa,Netflix
OtherLife,"dramas, independent movies, international movies",2017,otherlife,Netflix
Ottaal,"dramas, international movies",2014,ottaal,Netflix
Our Godfather,"documentaries, international movies",2019,our godfather,Netflix
Our House,"horror movies, thrillers",2018,our house,Netflix
Our Shining Days,"comedies, dramas, international movies",2017,our shining days,Netflix
Outlawed,action & adventure,2018,outlawed,Netflix
P,"horror movies, international movies",2006,p,Netflix
P Se PM Tak,"comedies, independent movies, international movies",2015,p se pm tak,Netflix
P. King Duckling,"kids' tv, tv comedies",2016,p king duckling,Netflix
P.S. I Love You,"dramas, romantic movies",2007,ps i love you,Netflix
Paathi,"dramas, international movies",2017,paathi,Netflix
Pablo Escobar: Angel or Demon?,"documentaries, international movies",2007,pablo escobar angel or demon,Netflix
Pacific Heat,"crime tv shows, tv comedies",2016,pacific heat,Netflix
Pahuyut Fighting Beat,"action & adventure, international movies",2007,pahuyut fighting beat,Netflix
Paid in Full,"action & adventure, dramas",2002,paid in full,Netflix
Paint It Black,dramas,2016,paint it black,Netflix
Painted Faces,"dramas, international movies",1988,painted faces,Netflix
Pajanimals,kids' tv,2011,pajanimals,Netflix
Palio,"documentaries, international movies, sports movies",2015,palio,Netflix
Palm Trees in the Snow,"dramas, international movies, romantic movies",2015,palm trees in the snow,Netflix
Panic Room,thrillers,2002,panic room,Netflix
Papa the Great,"comedies, dramas, international movies",2000,papa the great,Netflix
Paper Year,"dramas, independent movies, romantic movies",2018,paper year,Netflix
Paranormal Activity,"horror movies, thrillers",2007,paranormal activity,Netflix
Paranormal Survivor,docuseries,2016,paranormal survivor,Netflix
Pardes,"dramas, international movies, romantic movies",1997,pardes,Netflix
Pareeth Pandaari,"dramas, independent movies, international movies",2017,pareeth pandaari,Netflix
Paris Is Burning,"classic movies, cult movies, documentaries",1990,paris is burning,Netflix
Parks and Recreation,tv comedies,2015,parks and recreation,Netflix
Pasión de Gavilanes,"international tv shows, romantic tv shows, spanish-language tv shows",2003,pasin de gavilanes,Netflix
Passenger 57,action & adventure,1992,passenger 57,Netflix
Patiala House,"dramas, international movies, sports movies",2011,patiala house,Netflix
Patient Seventeen,documentaries,2017,patient seventeen,Netflix
Patriot Games,action & adventure,1992,patriot games,Netflix
Patron Mutlu Son Istiyor,"comedies, international movies, romantic movies",2014,patron mutlu son istiyor,Netflix
Paul Blart: Mall Cop,"action & adventure, comedies",2009,paul blart mall cop,Netflix
Paulettante Veedu,"dramas, international movies",2016,paulettante veedu,Netflix
Pawn Stars,reality tv,2010,pawn stars,Netflix
Paying Guests,"comedies, international movies",2009,paying guests,Netflix
Pee Mak,"comedies, horror movies, international movies",2013,pee mak,Netflix
Pee-wee's Playhouse,"classic & cult tv, kids' tv, tv comedies",1990,peewees playhouse,Netflix
Pee-wee's Playhouse: Christmas Special,movies,1988,peewees playhouse christmas special,Netflix
Pekak,"dramas, international movies",2016,pekak,Netflix
Penelope,"children & family movies, comedies, romantic movies",2006,penelope,Netflix
Penny Dreadful,"tv dramas, tv horror, tv mysteries",2016,penny dreadful,Netflix
People You May Know,"dramas, lgbtq movies",2016,people you may know,Netflix
Perfect Bid: The Contestant Who Knew Too Much,documentaries,2017,perfect bid the contestant who knew too much,Netflix
Perfect Stranger,thrillers,2007,perfect stranger,Netflix
Person of Interest,"crime tv shows, tv action & adventure, tv dramas",2016,person of interest,Netflix
Personal Shopper,"dramas, international movies, thrillers",2016,personal shopper,Netflix
Peter and the Farm,documentaries,2016,peter and the farm,Netflix
Peter Rabbit,"children & family movies, comedies",2018,peter rabbit,Netflix
Phamous,"dramas, international movies, thrillers",2018,phamous,Netflix
Phantom Boy,"action & adventure, dramas, international movies",2015,phantom boy,Netflix
Philadelphia,"classic movies, dramas, lgbtq movies",1993,philadelphia,Netflix
Phir Se,"international movies, romantic movies",2015,phir se,Netflix
Phobia 2,"horror movies, international movies",2009,phobia 2,Netflix
Phone Swap,"comedies, international movies, romantic movies",2012,phone swap,Netflix
Phullu,"dramas, independent movies, international movies",2017,phullu,Netflix
Pick of the Litter,"children & family movies, documentaries",2018,pick of the litter,Netflix
Pierre Jackson,romantic movies,2018,pierre jackson,Netflix
Pimpal,"dramas, independent movies, international movies",2017,pimpal,Netflix
Pioneers of African-American Cinema,tv shows,1946,pioneers of africanamerican cinema,Netflix
Pitaah,"dramas, international movies, music & musicals",2002,pitaah,Netflix
"Pizza, birra, faso","dramas, international movies",1998,pizza birra faso,Netflix
"Plaire, aimer et courir vite","dramas, independent movies, international movies",2018,plaire aimer et courir vite,Netflix
Planet Earth II,"british tv shows, docuseries, science & nature tv",2016,planet earth ii,Netflix
Planet Earth: The Complete Collection,"british tv shows, docuseries, international tv shows",2006,planet earth the complete collection,Netflix
Planet Hulk,"action & adventure, sci-fi & fantasy",2010,planet hulk,Netflix
Planetarium,"dramas, international movies",2016,planetarium,Netflix
Platoon,"action & adventure, classic movies, dramas",1986,platoon,Netflix
Playing for Time,dramas,1980,playing for time,Netflix
Playing Hard,"documentaries, international movies",2018,playing hard,Netflix
Pope Francis: A Man of His Word,"documentaries, faith & spirituality, international movies",2018,pope francis a man of his word,Netflix
Popeye,"action & adventure, children & family movies, comedies",1980,popeye,Netflix
Portlandia,tv comedies,2018,portlandia,Netflix
Porto,"dramas, independent movies, romantic movies",2016,porto,Netflix
Postcards from London,"dramas, independent movies, lgbtq movies",2018,postcards from london,Netflix
Powder,"crime tv shows, international tv shows, tv dramas",2010,powder,Netflix
Power Battle Watch Car,"kids' tv, korean tv shows",2016,power battle watch car,Netflix
Power Rangers Dino Charge,kids' tv,2015,power rangers dino charge,Netflix
Power Rangers Dino Super Charge,kids' tv,2016,power rangers dino super charge,Netflix
Power Rangers Dino Thunder,kids' tv,2004,power rangers dino thunder,Netflix
Power Rangers in Space,kids' tv,1998,power rangers in space,Netflix
Power Rangers Jungle Fury,kids' tv,2008,power rangers jungle fury,Netflix
Power Rangers Lightspeed Rescue,kids' tv,2000,power rangers lightspeed rescue,Netflix
Power Rangers Lost Galaxy,kids' tv,1999,power rangers lost galaxy,Netflix
Power Rangers Mystic Force,kids' tv,2006,power rangers mystic force,Netflix
Power Rangers Ninja Storm,kids' tv,2003,power rangers ninja storm,Netflix
Power Rangers Operation Overdrive,kids' tv,2007,power rangers operation overdrive,Netflix
Power Rangers RPM,kids' tv,2009,power rangers rpm,Netflix
Power Rangers S.P.D.,kids' tv,2005,power rangers spd,Netflix
Power Rangers Samurai,kids' tv,2011,power rangers samurai,Netflix
"Power Rangers Samurai: Christmas Together, Friends Forever (Christmas Special)",movies,2011,power rangers samurai christmas together friends forever christmas special,Netflix
Power Rangers Samurai: Clash of the Red Rangers,children & family movies,2011,power rangers samurai clash of the red rangers,Netflix
Power Rangers Samurai: Party Monsters (Halloween Special),movies,2011,power rangers samurai party monsters halloween special,Netflix
Power Rangers Super Megaforce,kids' tv,2014,power rangers super megaforce,Netflix
Power Rangers Super Megaforce: The Legendary Battle (Extended),movies,2014,power rangers super megaforce the legendary battle extended,Netflix
Power Rangers Super Samurai,kids' tv,2012,power rangers super samurai,Netflix
Power Rangers Super Samurai: Stuck on Christmas,"children & family movies, sci-fi & fantasy",2012,power rangers super samurai stuck on christmas,Netflix
Power Rangers Super Samurai: Trickster Treat,movies,2012,power rangers super samurai trickster treat,Netflix
Power Rangers Time Force,kids' tv,2001,power rangers time force,Netflix
Power Rangers Turbo,kids' tv,1997,power rangers turbo,Netflix
Power Rangers Wild Force,kids' tv,2002,power rangers wild force,Netflix
Power Rangers Zeo,kids' tv,1996,power rangers zeo,Netflix
Power Rangers: Megaforce,kids' tv,2013,power rangers megaforce,Netflix
Power Rangers: Megaforce: Raising Spirits,children & family movies,2013,power rangers megaforce raising spirits,Netflix
Power Rangers: Megaforce: The Robo Knight Before Christmas,children & family movies,2013,power rangers megaforce the robo knight before christmas,Netflix
Prague,"dramas, independent movies, international movies",2013,prague,Netflix
Prelude to War,"classic movies, documentaries",1942,prelude to war,Netflix
Premachi Goshta,"international movies, romantic movies",2013,premachi goshta,Netflix
Prescription Thugs,documentaries,2015,prescription thugs,Netflix
Primal Fear,"dramas, thrillers",1996,primal fear,Netflix
Prince Charming,"comedies, international movies, romantic movies",1984,prince charming,Netflix
Prince Jai Aur Dumdaar Viru,"kids' tv, tv comedies",2017,prince jai aur dumdaar viru,Netflix
Princess Cyd,"dramas, independent movies, lgbtq movies",2017,princess cyd,Netflix
Professor Mack,"comedies, romantic movies",2018,professor mack,Netflix
Prohibition: A Film by Ken Burns and Lynn Novick,"crime tv shows, docuseries",2011,prohibition a film by ken burns and lynn novick,Netflix
Prosecuting Evil: The Extraordinary World of Ben Ferencz,documentaries,2019,prosecuting evil the extraordinary world of ben ferencz,Netflix
Psiconautas,"international tv shows, spanish-language tv shows, tv comedies",2016,psiconautas,Netflix
Pukar,"action & adventure, dramas, international movies",2000,pukar,Netflix
Pulp Fiction,"classic movies, cult movies, dramas",1994,pulp fiction,Netflix
Punjab 1984,"dramas, international movies",2014,punjab 1984,Netflix
Pusher,action & adventure,2012,pusher,Netflix
Pyaar Ka Punchnama,"comedies, dramas, international movies",2011,pyaar ka punchnama,Netflix
Pyaar Tune Kya Kiya,"international tv shows, romantic tv shows, tv dramas",2014,pyaar tune kya kiya,Netflix
Q Ball,"documentaries, sports movies",2019,q ball,Netflix
Qué pena tu serie,"international tv shows, romantic tv shows, spanish-language tv shows",2015,qu pena tu serie,Netflix
Quantum of Solace,action & adventure,2008,quantum of solace,Netflix
Queen of No Marriage,"international tv shows, romantic tv shows, tv comedies",2009,queen of no marriage,Netflix
Queen of the Desert,dramas,2015,queen of the desert,Netflix
Queens of Comedy,"international tv shows, stand-up comedy & talk shows, tv comedies",2017,queens of comedy,Netflix
Queens vs. Kings,"stand-up comedy & talk shows, tv comedies",2018,queens vs kings,Netflix
R.L. Stine's Mostly Ghostly,"children & family movies, comedies",2008,rl stines mostly ghostly,Netflix
Rab Se Sohna Isshq,"international tv shows, romantic tv shows, tv dramas",2012,rab se sohna isshq,Netflix
Race to Witch Mountain,children & family movies,2009,race to witch mountain,Netflix
Rachel Getting Married,"dramas, independent movies",2008,rachel getting married,Netflix
Radical: the Controversial Saga of Dada Figueiredo,"documentaries, international movies, sports movies",2013,radical the controversial saga of dada figueiredo,Netflix
Radiopetti,"dramas, international movies",2015,radiopetti,Netflix
Raging Bull,"classic movies, dramas, sports movies",1980,raging bull,Netflix
Rahasya,"dramas, international movies",2015,rahasya,Netflix
Raiders!: The Story of the Greatest Fan Film Ever Made,documentaries,2015,raiders the story of the greatest fan film ever made,Netflix
Railroad Tigers,"action & adventure, comedies, international movies",2016,railroad tigers,Netflix
Raja Hindustani,"dramas, international movies, romantic movies",1996,raja hindustani,Netflix
Rajnigandha,"comedies, dramas, independent movies",1974,rajnigandha,Netflix
Ralph Breaks the Internet: Wreck-It Ralph 2,"children & family movies, comedies",2018,ralph breaks the internet wreckit ralph 2,Netflix
Ram Teri Ganga Maili,"classic movies, dramas, international movies",1985,ram teri ganga maili,Netflix
Ramayan,"international tv shows, tv dramas",2012,ramayan,Netflix
Ramen Shop,"dramas, international movies",2018,ramen shop,Netflix
Ramji Londonwaley,"comedies, dramas, international movies",2005,ramji londonwaley,Netflix
Rampant,"action & adventure, horror movies, international movies",2018,rampant,Netflix
Ranbhool,"horror movies, international movies, thrillers",2010,ranbhool,Netflix
Rangreza,"dramas, international movies, music & musicals",2017,rangreza,Netflix
Rats,documentaries,2016,rats,Netflix
Razia Sultan,"international tv shows, romantic tv shows, tv dramas",2015,razia sultan,Netflix
Reaction,"dramas, international movies",2011,reaction,Netflix
Ready,"comedies, international movies, romantic movies",2011,ready,Netflix
Reality of Dream,"international tv shows, romantic tv shows, tv dramas",2015,reality of dream,Netflix
Rebel Without a Cause,"classic movies, dramas",1955,rebel without a cause,Netflix
Rebelde,"international tv shows, romantic tv shows, spanish-language tv shows",2004,rebelde,Netflix
Recall,dramas,2018,recall,Netflix
Rectify,"crime tv shows, tv dramas, tv mysteries",2016,rectify,Netflix
Red Christmas,horror movies,2016,red christmas,Netflix
Red Dawn,"action & adventure, cult movies",1984,red dawn,Netflix
Red Oleanders Raktokarobi,"dramas, international movies",2017,red oleanders raktokarobi,Netflix
Red Trees,"documentaries, international movies",2017,red trees,Netflix
Red vs. Blue,"tv action & adventure, tv comedies, tv sci-fi & fantasy",2015,red vs blue,Netflix
Refugee,documentaries,2016,refugee,Netflix
Regatta,"action & adventure, dramas, international movies",2015,regatta,Netflix
Reggie Yates Outside Man,"british tv shows, docuseries, international tv shows",2017,reggie yates outside man,Netflix
Reincarnated,"documentaries, music & musicals",2012,reincarnated,Netflix
Rembat,"action & adventure, comedies, international movies",2015,rembat,Netflix
Remember,"action & adventure, dramas",2015,remember,Netflix
Remember Me,"dramas, romantic movies",2010,remember me,Netflix
Rememory,"dramas, sci-fi & fantasy",2017,rememory,Netflix
Republic of Doyle,"crime tv shows, tv comedies, tv dramas",2014,republic of doyle,Netflix
Resident Evil: Afterlife,"action & adventure, horror movies, sci-fi & fantasy",2010,resident evil afterlife,Netflix
Residente,"documentaries, music & musicals",2017,residente,Netflix
Restless Creature: Wendy Whelan,documentaries,2016,restless creature wendy whelan,Netflix
Return To The 36th Chamber,"action & adventure, comedies, international movies",1980,return to the 36th chamber,Netflix
Revelations,"dramas, international movies",2016,revelations,Netflix
Revenge,"crime tv shows, international tv shows, tv dramas",2017,revenge,Netflix
Revenge of the Green Dragons,"action & adventure, dramas, independent movies",2014,revenge of the green dragons,Netflix
Revolting Rhymes,"british tv shows, kids' tv",2017,revolting rhymes,Netflix
Revolutionary Road,"dramas, romantic movies",2008,revolutionary road,Netflix
Rezeta,"dramas, independent movies, international movies",2012,rezeta,Netflix
"Rica, Famosa, Latina","international tv shows, reality tv, spanish-language tv shows",2016,rica famosa latina,Netflix
Righteous Kill,"dramas, thrillers",2008,righteous kill,Netflix
Ringan,"dramas, international movies",2015,ringan,Netflix
Ripper Street,"british tv shows, crime tv shows, tv dramas",2017,ripper street,Netflix
Rise of the Zombie,"horror movies, international movies",2013,rise of the zombie,Netflix
Rishta.com,"international tv shows, romantic tv shows, tv comedies",2010,rishtacom,Netflix
Rivaaz,"dramas, independent movies, international movies",2011,rivaaz,Netflix
Road to Sangam,"dramas, independent movies, international movies",2010,road to sangam,Netflix
Road to Yesterday,"dramas, international movies",2015,road to yesterday,Netflix
Roberto Saviano: Writing Under Police Protection,"documentaries, international movies",2016,roberto saviano writing under police protection,Netflix
Robin Hood: The Rebellion,"action & adventure, independent movies, international movies",2018,robin hood the rebellion,Netflix
Robotech,anime series,1985,robotech,Netflix
Rocky,"action & adventure, classic movies, dramas",1976,rocky,Netflix
Rocky II,"dramas, sports movies",1979,rocky ii,Netflix
Rocky III,"dramas, sports movies",1982,rocky iii,Netflix
Rocky IV,"dramas, sports movies",1985,rocky iv,Netflix
Rocky V,"dramas, sports movies",1990,rocky v,Netflix
Roger Corman's Death Race 2050,"action & adventure, sci-fi & fantasy",2017,roger cormans death race 2050,Netflix
Roh's Beauty,"dramas, international movies",2014,rohs beauty,Netflix
Roll Red Roll,documentaries,2018,roll red roll,Netflix
Rolling Papers,documentaries,2015,rolling papers,Netflix
Romeo Ranjha,"action & adventure, comedies, music & musicals",2014,romeo ranjha,Netflix
Room,"dramas, independent movies",2015,room,Netflix
Room for Rent,"comedies, independent movies",2017,room for rent,Netflix
Room on the Broom,"children & family movies, independent movies",2012,room on the broom,Netflix
Roonpi Secret Love,"international tv shows, romantic tv shows, teen tv shows",2016,roonpi secret love,Netflix
Roots,"documentaries, international movies, music & musicals",2016,roots,Netflix
Rosemary's Baby,"classic movies, horror movies, thrillers",1968,rosemarys baby,Netflix
Rounders,dramas,1998,rounders,Netflix
Royal Pains,"tv comedies, tv dramas",2016,royal pains,Netflix
Rubi,"international tv shows, romantic tv shows, spanish-language tv shows",2004,rubi,Netflix
Rukh,"dramas, independent movies, international movies",2017,rukh,Netflix
Rumble,"action & adventure, independent movies",2016,rumble,Netflix
Rumble in the Bronx,"action & adventure, comedies, international movies",1995,rumble in the bronx,Netflix
Rumor Has It,"comedies, romantic movies",2005,rumor has it,Netflix
Run,"action & adventure, international movies, music & musicals",2004,run,Netflix
Runaway Bride,"comedies, romantic movies",1999,runaway bride,Netflix
Running for Grace,"dramas, romantic movies",2018,running for grace,Netflix
Running Out Of Time,thrillers,2018,running out of time,Netflix
Rurouni Kenshin,"anime series, international tv shows",1998,rurouni kenshin,Netflix
Russell Madness,"children & family movies, comedies, sports movies",2015,russell madness,Netflix
Russell Peters vs. the World,"docuseries, stand-up comedy & talk shows",2013,russell peters vs the world,Netflix
Russell Peters: Notorious,stand-up comedy,2013,russell peters notorious,Netflix
Rustom,"dramas, international movies",2016,rustom,Netflix
S Is for Stanley,"documentaries, international movies",2016,s is for stanley,Netflix
S.W.A.T.,action & adventure,2003,swat,Netflix
Saath Saath,"dramas, independent movies, international movies",1982,saath saath,Netflix
Sacro GRA,"documentaries, international movies",2013,sacro gra,Netflix
Sadece Sen,"dramas, international movies, romantic movies",2014,sadece sen,Netflix
Sadie's Last Days on Earth,"comedies, sci-fi & fantasy",2016,sadies last days on earth,Netflix
Sadma,"dramas, international movies, romantic movies",1983,sadma,Netflix
Sadqay Tumhare,"international tv shows, romantic tv shows, tv dramas",2014,sadqay tumhare,Netflix
Saeed Mirza: The Leftist Sufi,"documentaries, international movies",2016,saeed mirza the leftist sufi,Netflix
Safety Not Guaranteed,"comedies, independent movies, romantic movies",2012,safety not guaranteed,Netflix
Saheb Bibi Golaam,"dramas, international movies",2016,saheb bibi golaam,Netflix
Sairat,"dramas, international movies, romantic movies",2016,sairat,Netflix
Sakhi,"dramas, international movies, music & musicals",2007,sakhi,Netflix
Salem: His Sister's Father,"dramas, international movies",2014,salem his sisters father,Netflix
Samantaral,"dramas, international movies",2017,samantaral,Netflix
Samarppanam,"dramas, international movies",2017,samarppanam,Netflix
Sameer Abu Alneel,"comedies, international movies",2013,sameer abu alneel,Netflix
Samson,"action & adventure, dramas, faith & spirituality",2018,samson,Netflix
Samudri Lootere,children & family movies,2018,samudri lootere,Netflix
San Pietro,"classic movies, documentaries",1945,san pietro,Netflix
Sanai Choughade,"comedies, dramas, international movies",2008,sanai choughade,Netflix
Sangam,"classic movies, dramas, international movies",1964,sangam,Netflix
Santa Claws,"children & family movies, comedies",2014,santa claws,Netflix
Santa's Apprentice,children & family movies,2010,santas apprentice,Netflix
Sarah's Key,"dramas, international movies",2010,sarahs key,Netflix
Sardaar ji,"comedies, international movies, music & musicals",2015,sardaar ji,Netflix
Sardaarji 2,"action & adventure, comedies, international movies",2016,sardaarji 2,Netflix
Sarivar Sari,"dramas, international movies",2005,sarivar sari,Netflix
Sarvopari Palakkaran,"dramas, international movies",2017,sarvopari palakkaran,Netflix
Sat Sri Akal,"dramas, faith & spirituality, international movies",2008,sat sri akal,Netflix
Satan & Adam,"documentaries, music & musicals",2018,satan  adam,Netflix
Satrangi,"docuseries, international tv shows",2014,satrangi,Netflix
Satrangi Re,"dramas, international movies, music & musicals",2012,satrangi re,Netflix
Satte Pe Satta,"comedies, cult movies, dramas",1982,satte pe satta,Netflix
Saturday Church,"dramas, lgbtq movies",2017,saturday church,Netflix
Savage Dog,"action & adventure, independent movies",2017,savage dog,Netflix
Savage Raghda,"comedies, international movies, romantic movies",2018,savage raghda,Netflix
Save Our Shelter,reality tv,2015,save our shelter,Netflix
Saving Mr. Banks,"comedies, dramas",2013,saving mr banks,Netflix
Saving Zoë,dramas,2019,saving zo,Netflix
Say When,"comedies, dramas, independent movies",2014,say when,Netflix
Scales: Mermaids Are Real,children & family movies,2017,scales mermaids are real,Netflix
Scandal,"crime tv shows, tv dramas",2018,scandal,Netflix
Scandal in Sorrento,"classic movies, comedies, independent movies",1955,scandal in sorrento,Netflix
Scary Movie,"comedies, horror movies",2000,scary movie,Netflix
Scary Movie 5,"comedies, horror movies",2013,scary movie 5,Netflix
Schindler's List,"classic movies, dramas",1993,schindlers list,Netflix
School Daze,"comedies, dramas",1988,school daze,Netflix
Scooby-Doo on Zombie Island,children & family movies,1998,scoobydoo on zombie island,Netflix
Scott Pilgrim vs. the World,"action & adventure, comedies, cult movies",2010,scott pilgrim vs the world,Netflix
Scream 2,horror movies,1997,scream 2,Netflix
Scream 3,horror movies,2000,scream 3,Netflix
Seal Team Six: The Raid on Osama Bin Laden,action & adventure,2012,seal team six the raid on osama bin laden,Netflix
Searching for Bobby Fischer,"children & family movies, classic movies, dramas",1993,searching for bobby fischer,Netflix
Searching for Sugar Man,"documentaries, international movies, music & musicals",2012,searching for sugar man,Netflix
Season of the Witch,"action & adventure, sci-fi & fantasy",2011,season of the witch,Netflix
Secret,"dramas, international movies, music & musicals",2007,secret,Netflix
Secret Affair,"international tv shows, korean tv shows, romantic tv shows",2014,secret affair,Netflix
Secret in Their Eyes,"dramas, thrillers",2015,secret in their eyes,Netflix
Secrets of Althorp - The Spencers,"documentaries, international movies",2013,secrets of althorp  the spencers,Netflix
Secrets of Chatsworth,"documentaries, international movies",2013,secrets of chatsworth,Netflix
Secrets of Henry VIII's Palace: Hampton Court,"documentaries, international movies",2013,secrets of henry viiis palace hampton court,Netflix
Secrets of Her Majesty's Secret Service,"documentaries, international movies",2014,secrets of her majestys secret service,Netflix
Secrets of Highclere Castle,"documentaries, international movies",2013,secrets of highclere castle,Netflix
Secrets of Scotland Yard,documentaries,2013,secrets of scotland yard,Netflix
Secrets of Selfridges,documentaries,2014,secrets of selfridges,Netflix
Secrets of the Tower of London,documentaries,2013,secrets of the tower of london,Netflix
Secrets of Underground London,"documentaries, international movies",2014,secrets of underground london,Netflix
Secrets of Westminster,"documentaries, international movies",2014,secrets of westminster,Netflix
Sen Kimsin?,"comedies, international movies",2012,sen kimsin,Netflix
Senna,"documentaries, international movies, sports movies",2010,senna,Netflix
Sensitive Skin,tv comedies,2016,sensitive skin,Netflix
"Septiembre, un llanto en silencio","dramas, independent movies, international movies",2017,septiembre un llanto en silencio,Netflix
Servant of the People,"international tv shows, tv comedies",2015,servant of the people,Netflix
Set Up,action & adventure,2011,set up,Netflix
Sex and the City 2,"comedies, dramas, romantic movies",2010,sex and the city 2,Netflix
Sex and the City: The Movie,"comedies, dramas, romantic movies",2008,sex and the city the movie,Netflix
Sex Doll,"dramas, international movies, romantic movies",2016,sex doll,Netflix
"Sexo, Pudor y Lagrimas","comedies, dramas, international movies",1999,sexo pudor y lagrimas,Netflix
SGT. Will Gardner,dramas,2019,sgt will gardner,Netflix
Shadow of Truth,"crime tv shows, docuseries, international tv shows",2016,shadow of truth,Netflix
Shahanpan Dega Deva,"comedies, international movies",2011,shahanpan dega deva,Netflix
Shaka Zulu,tv dramas,1986,shaka zulu,Netflix
Shakti: The Power,"dramas, international movies, thrillers",2002,shakti the power,Netflix
Shanghai,"dramas, independent movies, international movies",2012,shanghai,Netflix
Shararat,"comedies, international movies, music & musicals",2002,shararat,Netflix
Shark Busters,"dramas, international movies",2002,shark busters,Netflix
Shark Night,horror movies,2011,shark night,Netflix
Shaurya: It Takes Courage to Make Right... Right,"dramas, international movies",2008,shaurya it takes courage to make right right,Netflix
She Did That,documentaries,2019,she did that,Netflix
Shelter,"horror movies, thrillers",2010,shelter,Netflix
Sherlock,"british tv shows, crime tv shows, international tv shows",2017,sherlock,Netflix
Sherlock Holmes,"action & adventure, comedies",2009,sherlock holmes,Netflix
Shiva,"action & adventure, dramas, international movies",1990,shiva,Netflix
Shopkins: Chef Club,movies,2016,shopkins chef club,Netflix
Shopkins: Wild,movies,2018,shopkins wild,Netflix
Shopkins: World Vacation,movies,2017,shopkins world vacation,Netflix
Shorgul,"dramas, international movies",2016,shorgul,Netflix
Short Term 12,"dramas, independent movies",2013,short term 12,Netflix
Shorts,"children & family movies, comedies",2009,shorts,Netflix
SHOT! The Psycho-Spiritual Mantra of Rock,"documentaries, music & musicals",2016,shot the psychospiritual mantra of rock,Netflix
Shuddhi,"dramas, international movies, thrillers",2017,shuddhi,Netflix
Shutter,"horror movies, international movies",2004,shutter,Netflix
Sicilian Ghost Story,"dramas, international movies, thrillers",2017,sicilian ghost story,Netflix
Sid the Science Kid,kids' tv,2008,sid the science kid,Netflix
Siddhant,"dramas, independent movies, international movies",2014,siddhant,Netflix
Silencer,"action & adventure, independent movies",2018,silencer,Netflix
Silent Hill: Revelation,horror movies,2012,silent hill revelation,Netflix
Silicon Cowboys,documentaries,2016,silicon cowboys,Netflix
Silver Spoon,"crime tv shows, international tv shows, tv action & adventure",2015,silver spoon,Netflix
Sin senos no hay paraíso,"international tv shows, spanish-language tv shows, tv dramas",2008,sin senos no hay paraso,Netflix
Singh Saab the Great,"action & adventure, dramas, international movies",2013,singh saab the great,Netflix
Single,"comedies, international movies, romantic movies",2015,single,Netflix
Singularity,"action & adventure, dramas, sci-fi & fantasy",2017,singularity,Netflix
Sinister Circle,"horror movies, international movies",2017,sinister circle,Netflix
Siren,horror movies,2016,siren,Netflix
Sister Code,"comedies, dramas, romantic movies",2015,sister code,Netflix
Skin Trade,action & adventure,2014,skin trade,Netflix
Skin Wars,reality tv,2016,skin wars,Netflix
Skin Wars: Fresh Paint,reality tv,2016,skin wars fresh paint,Netflix
Skiptrace,"action & adventure, comedies",2016,skiptrace,Netflix
Sky on Fire,"action & adventure, international movies",2016,sky on fire,Netflix
Skydancers,"documentaries, sports movies",2014,skydancers,Netflix
Skyline,"action & adventure, sci-fi & fantasy",2010,skyline,Netflix
Sleeping with Other People,"comedies, dramas, independent movies",2015,sleeping with other people,Netflix
Sleepover,"comedies, romantic movies",2004,sleepover,Netflix
Sling Blade,"dramas, independent movies",1996,sling blade,Netflix
Sliver,thrillers,1993,sliver,Netflix
Slobby's World,reality tv,2018,slobbys world,Netflix
Slow West,"action & adventure, dramas, international movies",2015,slow west,Netflix
Small Soldiers,"action & adventure, comedies, sci-fi & fantasy",1998,small soldiers,Netflix
Smart People,"comedies, dramas, independent movies",2008,smart people,Netflix
Smash: Motorized Mayhem,"documentaries, sports movies",2017,smash motorized mayhem,Netflix
SMOSH: The Movie,comedies,2015,smosh the movie,Netflix
Sniper: Special Ops,"action & adventure, dramas",2016,sniper special ops,Netflix
Socha Na Tha,"comedies, international movies, romantic movies",2005,socha na tha,Netflix
Social Animals,documentaries,2018,social animals,Netflix
Soekarno,"dramas, international movies",2013,soekarno,Netflix
Solo Con Tu Pareja,"comedies, independent movies, international movies",1991,solo con tu pareja,Netflix
Solo: A Star Wars Story,"action & adventure, children & family movies, sci-fi & fantasy",2018,solo a star wars story,Netflix
Solo: A Star Wars Story (Spanish Version),"action & adventure, children & family movies, sci-fi & fantasy",2018,solo a star wars story spanish version,Netflix
Solomon Kane,"action & adventure, international movies, sci-fi & fantasy",2009,solomon kane,Netflix
Some Freaks,"dramas, romantic movies",2017,some freaks,Netflix
Something's Gotta Give,"comedies, romantic movies",2003,somethings gotta give,Netflix
Son of a Gun,"action & adventure, dramas, independent movies",2014,son of a gun,Netflix
Sons of Ben,"documentaries, sports movies",2016,sons of ben,Netflix
Sotus The Series,"international tv shows, romantic tv shows, tv dramas",2016,sotus the series,Netflix
Soul Surfer,"dramas, faith & spirituality, sports movies",2011,soul surfer,Netflix
Soul to Keep,"horror movies, independent movies",2019,soul to keep,Netflix
Sour Grapes,documentaries,2016,sour grapes,Netflix
Space Racers,kids' tv,2014,space racers,Netflix
Sparkle,"dramas, music & musicals",1976,sparkle,Netflix
Spartacus,"tv action & adventure, tv dramas",2013,spartacus,Netflix
Speech & Debate,"comedies, dramas, independent movies",2017,speech  debate,Netflix
Speed Is My Need,"documentaries, sports movies",2019,speed is my need,Netflix
Spider-Man 3,"action & adventure, sci-fi & fantasy",2007,spiderman 3,Netflix
Spider-Man: Into the Spider-Verse,"action & adventure, comedies",2018,spiderman into the spiderverse,Netflix
Spitfire: The Plane that Saved the World,documentaries,2018,spitfire the plane that saved the world,Netflix
Splash and Bubbles,kids' tv,2018,splash and bubbles,Netflix
Spotlight,"dramas, independent movies",2015,spotlight,Netflix
Spring Breakers,"comedies, cult movies, dramas",2012,spring breakers,Netflix
Sprinter,"dramas, international movies, sports movies",2018,sprinter,Netflix
Spy Kids,"children & family movies, comedies",2001,spy kids,Netflix
Spy Kids 2: The Island of Lost Dreams,"children & family movies, comedies",2002,spy kids 2 the island of lost dreams,Netflix
Spy Kids 3: Game Over,"children & family movies, comedies",2003,spy kids 3 game over,Netflix
Spy Time,"action & adventure, comedies, international movies",2015,spy time,Netflix
St. Agatha,"horror movies, independent movies",2018,st agatha,Netflix
Staged Killer,thrillers,2019,staged killer,Netflix
Standoff,action & adventure,2015,standoff,Netflix
Star Men,documentaries,2015,star men,Netflix
Star Wars: Episode VIII: The Last Jedi,"action & adventure, children & family movies, sci-fi & fantasy",2017,star wars episode viii the last jedi,Netflix
Star-Crossed,"romantic tv shows, tv dramas, tv sci-fi & fantasy",2014,starcrossed,Netflix
Starred Up,"dramas, independent movies, international movies",2013,starred up,Netflix
Station Horizon,"international tv shows, tv comedies, tv dramas",2015,station horizon,Netflix
Stealing History,"documentaries, international movies",2006,stealing history,Netflix
Step Brothers,comedies,2008,step brothers,Netflix
Step Outside,"comedies, international movies",2018,step outside,Netflix
Stephanie,horror movies,2017,stephanie,Netflix
Sthaniya Sambaad,"dramas, international movies",2010,sthaniya sambaad,Netflix
Still,"horror movies, international movies",2010,still,Netflix
Stink!,documentaries,2015,stink,Netflix
Stoked,kids' tv,2010,stoked,Netflix
Stone Age,"kids' tv, korean tv shows",2017,stone age,Netflix
Stonehearst Asylum,"horror movies, thrillers",2014,stonehearst asylum,Netflix
Stop at Nothing: The Lance Armstrong Story,"documentaries, international movies, sports movies",2014,stop at nothing the lance armstrong story,Netflix
Storage Wars: Northern Treasures,"international tv shows, reality tv",2015,storage wars northern treasures,Netflix
Story of an Egg,"comedies, international movies, romantic movies",2017,story of an egg,Netflix
Straight Up,"comedies, independent movies, lgbtq movies",2020,straight up,Netflix
Strange but True,"dramas, thrillers",2019,strange but true,Netflix
Stranger than Fiction,"comedies, romantic movies",2006,stranger than fiction,Netflix
Strawberry Shortcake: Berry Bitty Adventures,kids' tv,2015,strawberry shortcake berry bitty adventures,Netflix
Strictly Ballroom,"classic movies, comedies, romantic movies",1992,strictly ballroom,Netflix
Strike a Pose,"documentaries, international movies, lgbtq movies",2016,strike a pose,Netflix
Stripes,"classic movies, comedies, cult movies",1981,stripes,Netflix
Striptease,"comedies, dramas",1996,striptease,Netflix
Strong Girl Bong-soon,"crime tv shows, international tv shows, korean tv shows",2017,strong girl bongsoon,Netflix
Stronger Than the World,"action & adventure, dramas, international movies",2016,stronger than the world,Netflix
Strongland,"docuseries, international tv shows",2018,strongland,Netflix
Stuart Little 2,"children & family movies, comedies",2002,stuart little 2,Netflix
Submission,"action & adventure, dramas",2019,submission,Netflix
Suburra,"dramas, international movies, thrillers",2015,suburra,Netflix
Suckseed,"comedies, international movies, music & musicals",2011,suckseed,Netflix
Sudani from Nigeria,"comedies, dramas, international movies",2018,sudani from nigeria,Netflix
Suicide (Hitabdut),"international movies, thrillers",2014,suicide hitabdut,Netflix
Suite Française,"dramas, international movies, romantic movies",2014,suite franaise,Netflix
Suits,"international tv shows, korean tv shows, tv comedies",2018,suits,Netflix
Summer Night,"comedies, dramas, romantic movies",2019,summer night,Netflix
Summer of '92,"dramas, international movies, sports movies",2015,summer of 92,Netflix
Sunrise,"dramas, independent movies, international movies",2014,sunrise,Netflix
Super Bheem,kids' tv,2019,super bheem,Netflix
Super Bheem Bana Vajraveer,children & family movies,2018,super bheem bana vajraveer,Netflix
Super Dark Times,"dramas, independent movies, thrillers",2017,super dark times,Netflix
Super Nani,"comedies, dramas, international movies",2014,super nani,Netflix
Super Wings,"kids' tv, korean tv shows",2020,super wings,Netflix
Superbad,"comedies, cult movies",2007,superbad,Netflix
Superfly,"action & adventure, classic movies, dramas",1972,superfly,Netflix
Superman Returns,"action & adventure, sci-fi & fantasy",2006,superman returns,Netflix
SuperNature: Wild Flyers,"british tv shows, docuseries, science & nature tv",2016,supernature wild flyers,Netflix
Superstar,comedies,1999,superstar,Netflix
Surat Dari Praha,"dramas, international movies, romantic movies",2016,surat dari praha,Netflix
Surviving R. Kelly Part II: The Reckoning,"crime tv shows, docuseries",2020,surviving r kelly part ii the reckoning,Netflix
Survivors Guide to Prison,documentaries,2017,survivors guide to prison,Netflix
Susanne Bartsch: On Top,"documentaries, lgbtq movies",2017,susanne bartsch on top,Netflix
Sustainable,documentaries,2016,sustainable,Netflix
Swami,"dramas, independent movies, international movies",1977,swami,Netflix
Swami Baba Ramdev: The Untold Story,"international tv shows, tv dramas",2018,swami baba ramdev the untold story,Netflix
Sweeney Todd: The Demon Barber of Fleet Street,"dramas, horror movies, music & musicals",2007,sweeney todd the demon barber of fleet street,Netflix
Sweet Virginia,"dramas, independent movies, thrillers",2017,sweet virginia,Netflix
Swiss Army Man,"comedies, dramas, independent movies",2016,swiss army man,Netflix
Sword Master,"action & adventure, dramas, international movies",2016,sword master,Netflix
Sword Masters: Two Champions of Shaolin,"action & adventure, international movies",1980,sword masters two champions of shaolin,Netflix
Sym-Bionic Titan,kids' tv,2010,symbionic titan,Netflix
Taal,"dramas, international movies, music & musicals",1999,taal,Netflix
Tahaan,"dramas, international movies",2008,tahaan,Netflix
Take Me Home Tonight,"comedies, romantic movies",2011,take me home tonight,Netflix
Taken,"crime tv shows, tv action & adventure, tv thrillers",2018,taken,Netflix
Tamanchey,"action & adventure, international movies, romantic movies",2014,tamanchey,Netflix
Tarif de nuit,"international movies, thrillers",2015,tarif de nuit,Netflix
Tarzan,children & family movies,1999,tarzan,Netflix
Tarzan 2,children & family movies,2005,tarzan 2,Netflix
Tattah,"comedies, international movies",2013,tattah,Netflix
Tayo the Little Bus Movie: Mission Ace,children & family movies,2016,tayo the little bus movie mission ace,Netflix
Teach Us All,documentaries,2017,teach us all,Netflix
Teen Patti,"dramas, international movies, thrillers",2010,teen patti,Netflix
Teenage Cocktail,"dramas, independent movies, lgbtq movies",2016,teenage cocktail,Netflix
Teenage Mutant Ninja Turtles,"children & family movies, comedies",2007,teenage mutant ninja turtles,Netflix
Teenage Mutant Ninja Turtles II: The Secret of the Ooze,"children & family movies, comedies",1991,teenage mutant ninja turtles ii the secret of the ooze,Netflix
Teenage Mutant Ninja Turtles: The Movie,"action & adventure, comedies",1990,teenage mutant ninja turtles the movie,Netflix
Tees Maar Khan,"comedies, international movies, music & musicals",2010,tees maar khan,Netflix
Tellur Aliens,children & family movies,2016,tellur aliens,Netflix
Temporada de Caza,"dramas, international movies",2017,temporada de caza,Netflix
Ten Years,"dramas, independent movies, international movies",2015,ten years,Netflix
Teresa,"international tv shows, romantic tv shows, spanish-language tv shows",2010,teresa,Netflix
Terminator 3: Rise of the Machines,"action & adventure, sci-fi & fantasy",2003,terminator 3 rise of the machines,Netflix
Terminator Salvation,"action & adventure, sci-fi & fantasy",2009,terminator salvation,Netflix
Terra,"documentaries, international movies",2015,terra,Netflix
Terrifier,"horror movies, independent movies, thrillers",2017,terrifier,Netflix
Teshan,"comedies, international movies, romantic movies",2016,teshan,Netflix
Tezz,"action & adventure, international movies, music & musicals",2012,tezz,Netflix
Th Eena Meena Deeka Chase Comedy Show,"kids' tv, tv comedies",2015,th eena meena deeka chase comedy show,Netflix
Thackeray,tv shows,2019,thackeray,Netflix
That '70s Show,tv comedies,2005,that 70s show,Netflix
The 2000s,docuseries,2018,the 2000s,Netflix
The 24 Hour War,"documentaries, sports movies",2016,the 24 hour war,Netflix
The 4th Company,"action & adventure, dramas, international movies",2016,the 4th company,Netflix
The Accountant of Auschwitz,"documentaries, international movies",2018,the accountant of auschwitz,Netflix
The Adderall Diaries,"dramas, thrillers",2015,the adderall diaries,Netflix
The Adjusters,"international tv shows, tv dramas",2010,the adjusters,Netflix
The Adventure Club,children & family movies,2016,the adventure club,Netflix
The Adventures of Figaro Pho,"kids' tv, tv comedies",2015,the adventures of figaro pho,Netflix
The Adventures of Sharkboy and Lavagirl,children & family movies,2005,the adventures of sharkboy and lavagirl,Netflix
The Adventures of Tintin,children & family movies,2011,the adventures of tintin,Netflix
The Aerial,"dramas, international movies, sci-fi & fantasy",2007,the aerial,Netflix
The Age of Shadows,"action & adventure, dramas, international movies",2016,the age of shadows,Netflix
The American President,"comedies, dramas, romantic movies",1995,the american president,Netflix
The Amityville Horror,horror movies,2005,the amityville horror,Netflix
The Andy Griffith Show,"classic & cult tv, tv comedies",1967,the andy griffith show,Netflix
The Angry Birds Movie 2,"children & family movies, comedies",2019,the angry birds movie 2,Netflix
The Animal People,documentaries,2019,the animal people,Netflix
The Ant's Scream,"comedies, dramas, international movies",2010,the ants scream,Netflix
The Apartment,"international tv shows, reality tv",2014,the apartment,Netflix
The Apostate,"comedies, dramas, international movies",2015,the apostate,Netflix
The Art of the Steal,"action & adventure, comedies, independent movies",2013,the art of the steal,Netflix
The Art of War,action & adventure,2000,the art of war,Netflix
The Assignment,action & adventure,2016,the assignment,Netflix
The Autopsy of Jane Doe,"horror movies, independent movies, thrillers",2016,the autopsy of jane doe,Netflix
The Bachelor,"reality tv, romantic tv shows",2009,the bachelor,Netflix
The Bachelors,dramas,2017,the bachelors,Netflix
The Bad Education Movie,comedies,2015,the bad education movie,Netflix
The Bad Kids,documentaries,2016,the bad kids,Netflix
The Bare-Footed Kid,"action & adventure, international movies",1993,the barefooted kid,Netflix
The Basement,"horror movies, thrillers",2018,the basement,Netflix
The Battle of Midway,"classic movies, documentaries",1942,the battle of midway,Netflix
The Beat,"international tv shows, tv dramas",2012,the beat,Netflix
The Beginning of Life: The Series,"docuseries, international tv shows, science & nature tv",2016,the beginning of life the series,Netflix
The Bible's Buried Secrets,"british tv shows, docuseries, science & nature tv",2011,the bibles buried secrets,Netflix
The Big Catch,"british tv shows, reality tv",2015,the big catch,Netflix
The Bill Murray Stories: Life Lessons Learned From a Mythical Man,documentaries,2018,the bill murray stories life lessons learned from a mythical man,Netflix
The Black Room,horror movies,2016,the black room,Netflix
The Blackcoat's Daughter,"horror movies, independent movies, thrillers",2015,the blackcoats daughter,Netflix
The Bleeder,"dramas, sports movies",2016,the bleeder,Netflix
The Blue Planet: A Natural History of the Oceans,"british tv shows, docuseries, international tv shows",2001,the blue planet a natural history of the oceans,Netflix
The Bomb,documentaries,2016,the bomb,Netflix
The Bomb Squad,"british tv shows, docuseries",2011,the bomb squad,Netflix
The Book of Eli,"action & adventure, sci-fi & fantasy",2010,the book of eli,Netflix
The Boss's Daughter,"dramas, international movies, romantic movies",2015,the bosss daughter,Netflix
The Bounty Hunter,"action & adventure, comedies, romantic movies",2010,the bounty hunter,Netflix
The Box,"sci-fi & fantasy, thrillers",2009,the box,Netflix
The Boy,"horror movies, independent movies, thrillers",2016,the boy,Netflix
The Boy in the Striped Pajamas,"dramas, independent movies, international movies",2008,the boy in the striped pajamas,Netflix
The Brave One,"dramas, thrillers",2007,the brave one,Netflix
The Brawler,"dramas, independent movies, sports movies",2019,the brawler,Netflix
The Breadwinner,"children & family movies, dramas, international movies",2017,the breadwinner,Netflix
The Break-Up,"comedies, dramas, romantic movies",2006,the breakup,Netflix
The Bridge,"dramas, international movies, romantic movies",2017,the bridge,Netflix
The Brothers Grimm,"action & adventure, sci-fi & fantasy",2005,the brothers grimm,Netflix
The Bucket List,"comedies, dramas",2007,the bucket list,Netflix
The Bulbul's Nest,"comedies, international movies",2013,the bulbuls nest,Netflix
The Bund,"action & adventure, dramas, international movies",1983,the bund,Netflix
The Bye Bye Man,"horror movies, thrillers",2017,the bye bye man,Netflix
The Bygone,"independent movies, thrillers",2019,the bygone,Netflix
The Cakemaker,"dramas, independent movies, international movies",2017,the cakemaker,Netflix
The Calling,"international tv shows, reality tv",2018,the calling,Netflix
The Captive,"dramas, thrillers",2014,the captive,Netflix
The Car,"cult movies, horror movies",1977,the car,Netflix
The Carter Effect,"documentaries, sports movies",2017,the carter effect,Netflix
The Case for Christ,"dramas, faith & spirituality",2017,the case for christ,Netflix
The Cell,"action & adventure, dramas, international movies",2017,the cell,Netflix
The CEO,"dramas, international movies, thrillers",2016,the ceo,Netflix
The Charnel House,"horror movies, thrillers",2016,the charnel house,Netflix
The Chefs' Line,"international tv shows, reality tv",2017,the chefs line,Netflix
The Chord,"dramas, international movies, music & musicals",2010,the chord,Netflix
The Chosen,"dramas, international movies, thrillers",2016,the chosen,Netflix
The Chosen Ones,"dramas, independent movies, international movies",2015,the chosen ones,Netflix
The Christmas Candle,"dramas, faith & spirituality",2013,the christmas candle,Netflix
The Christmas Project,"children & family movies, comedies",2016,the christmas project,Netflix
The Cincinnati Kid,"classic movies, dramas",1965,the cincinnati kid,Netflix
The Code,"british tv shows, docuseries, international tv shows",2011,the code,Netflix
The Company Men,"dramas, independent movies",2010,the company men,Netflix
The Competition,"comedies, romantic movies",2018,the competition,Netflix
The Confirmation,"comedies, dramas, independent movies",2016,the confirmation,Netflix
The Congress,"dramas, international movies, sci-fi & fantasy",2013,the congress,Netflix
The Consul's Son,"comedies, international movies, thrillers",2011,the consuls son,Netflix
The Craft,"horror movies, thrillers",1996,the craft,Netflix
The Cravings,"international tv shows, korean tv shows, tv comedies",2016,the cravings,Netflix
The Croods,"children & family movies, comedies",2013,the croods,Netflix
The Crow,"action & adventure, cult movies, sci-fi & fantasy",1994,the crow,Netflix
The Cruise,"comedies, cult movies, international movies",1970,the cruise,Netflix
The Crying Game,"classic movies, independent movies, thrillers",1992,the crying game,Netflix
The Curse of Oak Island,"docuseries, science & nature tv",2016,the curse of oak island,Netflix
The D Train,comedies,2015,the d train,Netflix
The Damned Rain,"dramas, international movies",2009,the damned rain,Netflix
The Dancer,"dramas, international movies, romantic movies",2011,the dancer,Netflix
The Dark Crystal,children & family movies,1982,the dark crystal,Netflix
The Dark Side of Life: Mumbai City,"dramas, international movies",2018,the dark side of life mumbai city,Netflix
The Darkest Dawn,"action & adventure, independent movies, international movies",2016,the darkest dawn,Netflix
The Daughter,dramas,2015,the daughter,Netflix
The Dawn Wall,"documentaries, sports movies",2017,the dawn wall,Netflix
The Day My Butt Went Psycho!,"kids' tv, tv comedies",2015,the day my butt went psycho,Netflix
The Desert Bride,"dramas, international movies",2017,the desert bride,Netflix
The Detained,"horror movies, thrillers",2017,the detained,Netflix
The Devil and Father Amorth,"documentaries, horror movies",2017,the devil and father amorth,Netflix
The Devil Inside,"horror movies, thrillers",2012,the devil inside,Netflix
The Devil Is a Part-Timer!,anime series,2013,the devil is a parttimer,Netflix
The Devil We Know,documentaries,2018,the devil we know,Netflix
The Diabolical,"horror movies, sci-fi & fantasy, thrillers",2015,the diabolical,Netflix
The Dreamer,"dramas, international movies",2009,the dreamer,Netflix
The Drowning,thrillers,2016,the drowning,Netflix
The Drunk and on Drugs Happy Funtime Hour,"international tv shows, tv comedies",2011,the drunk and on drugs happy funtime hour,Netflix
The Duel,dramas,2016,the duel,Netflix
The Dukes of Hazzard,"action & adventure, comedies",2005,the dukes of hazzard,Netflix
The Dukes of Hazzard: The Beginning,"action & adventure, comedies",2007,the dukes of hazzard the beginning,Netflix
The Eichmann Show,"dramas, international movies",2015,the eichmann show,Netflix
The Eighties,docuseries,2016,the eighties,Netflix
The End of the Tour,"dramas, independent movies",2015,the end of the tour,Netflix
The Endless,"independent movies, sci-fi & fantasy, thrillers",2017,the endless,Netflix
The Evil Dead,"classic movies, cult movies, horror movies",1981,the evil dead,Netflix
The Exception,"dramas, romantic movies",2016,the exception,Netflix
The Eyes of My Mother,"horror movies, independent movies",2016,the eyes of my mother,Netflix
The Fear,"british tv shows, crime tv shows, tv dramas",2012,the fear,Netflix
The Fear of 13,"documentaries, international movies",2015,the fear of 13,Netflix
The Feels,"comedies, independent movies, lgbtq movies",2018,the feels,Netflix
The Fighter,"dramas, sports movies",2010,the fighter,Netflix
The Figurine (Araromire),"horror movies, international movies, thrillers",2009,the figurine araromire,Netflix
The Final Destination,horror movies,2009,the final destination,Netflix
The First Line,"dramas, independent movies",2014,the first line,Netflix
The First Temptation of Christ,"comedies, international movies",2019,the first temptation of christ,Netflix
The First Wives Club,comedies,1996,the first wives club,Netflix
The Five,"british tv shows, crime tv shows, tv dramas",2016,the five,Netflix
The Five Venoms,"action & adventure, cult movies, international movies",1978,the five venoms,Netflix
The Flintstones,"children & family movies, comedies",1994,the flintstones,Netflix
The Flintstones in Viva Rock Vegas,"children & family movies, comedies, romantic movies",2000,the flintstones in viva rock vegas,Netflix
The Flying Guillotine,"action & adventure, dramas, international movies",1975,the flying guillotine,Netflix
The Forbidden Kingdom,"action & adventure, sci-fi & fantasy",2008,the forbidden kingdom,Netflix
The Force,documentaries,2017,the force,Netflix
The Foreigner,"action & adventure, international movies",2017,the foreigner,Netflix
The Forgotten,horror movies,2014,the forgotten,Netflix
The Fosters,tv dramas,2017,the fosters,Netflix
The Founder,dramas,2016,the founder,Netflix
The Free Man,"documentaries, sports movies",2016,the free man,Netflix
The Frozen Ground,"dramas, thrillers",2013,the frozen ground,Netflix
The Furchester Hotel,"british tv shows, kids' tv",2015,the furchester hotel,Netflix
The Future of Water,"docuseries, international tv shows, science & nature tv",2007,the future of water,Netflix
The Gathering,"comedies, dramas, international movies",2003,the gathering,Netflix
The Gentleman Driver,"documentaries, sports movies",2018,the gentleman driver,Netflix
The Ghost Who Walks,"dramas, independent movies, thrillers",2019,the ghost who walks,Netflix
The Girl with the Dragon Tattoo,"dramas, thrillers",2011,the girl with the dragon tattoo,Netflix
The Golden Years with Javed Akhtar,"docuseries, international tv shows",2016,the golden years with javed akhtar,Netflix
The Golem,"horror movies, independent movies, international movies",2018,the golem,Netflix
The Good Catholic,"comedies, dramas, romantic movies",2017,the good catholic,Netflix
The Good Neighbor,"dramas, independent movies, thrillers",2016,the good neighbor,Netflix
"The Goods: Live Hard, Sell Hard",comedies,2009,the goods live hard sell hard,Netflix
The Gospel of John,"dramas, faith & spirituality",2014,the gospel of john,Netflix
The Gospel of Luke,"dramas, faith & spirituality",2015,the gospel of luke,Netflix
The Gospel of Mark,"dramas, faith & spirituality",2015,the gospel of mark,Netflix
The Gospel of Matthew,"dramas, faith & spirituality",2014,the gospel of matthew,Netflix
The Great Battle,"action & adventure, dramas, international movies",2018,the great battle,Netflix
The Great British Baking Show: Masterclass,"british tv shows, reality tv",2018,the great british baking show masterclass,Netflix
The Great Gambler,"action & adventure, classic movies, cult movies",1979,the great gambler,Netflix
The Great Raid,"action & adventure, dramas",2005,the great raid,Netflix
The Great Train Robbery,"british tv shows, crime tv shows, international tv shows",2013,the great train robbery,Netflix
The Green Hornet,"action & adventure, comedies",2011,the green hornet,Netflix
The Guild,tv comedies,2013,the guild,Netflix
The Hatred,horror movies,2017,the hatred,Netflix
The Haunting of Molly Hartley,"horror movies, thrillers",2008,the haunting of molly hartley,Netflix
The Healer,"children & family movies, dramas, faith & spirituality",2017,the healer,Netflix
The Heat: A Kitchen (R)evolution,documentaries,2018,the heat a kitchen revolution,Netflix
The Help,dramas,2011,the help,Netflix
The Heretics,horror movies,2017,the heretics,Netflix
The Heroes of Evil,"dramas, international movies",2015,the heroes of evil,Netflix
The Heyday of the Insensitive Bastards,"dramas, independent movies",2017,the heyday of the insensitive bastards,Netflix
The Hollow Point,action & adventure,2016,the hollow point,Netflix
The Holy Man,"comedies, faith & spirituality, international movies",2005,the holy man,Netflix
The Homecoming,"international tv shows, korean tv shows, reality tv",2015,the homecoming,Netflix
The House on Coco Road,documentaries,2016,the house on coco road,Netflix
The House That Made Me,"international tv shows, reality tv",2015,the house that made me,Netflix
The Human Factor: The Untold Story of the Bombay Film Orchestras,"documentaries, international movies, music & musicals",2013,the human factor the untold story of the bombay film orchestras,Netflix
The Humanity Bureau,"action & adventure, sci-fi & fantasy",2017,the humanity bureau,Netflix
The Hundred-Foot Journey,"comedies, dramas",2014,the hundredfoot journey,Netflix
The Hunt,"british tv shows, docuseries, science & nature tv",2015,the hunt,Netflix
The Hurricane Heist,action & adventure,2018,the hurricane heist,Netflix
The Hurt Business,"documentaries, sports movies",2016,the hurt business,Netflix
The Imaginarium of Doctor Parnassus,"action & adventure, sci-fi & fantasy",2009,the imaginarium of doctor parnassus,Netflix
The Inbetweeners,"british tv shows, tv comedies",2010,the inbetweeners,Netflix
The Incident,"international movies, sci-fi & fantasy, thrillers",2014,the incident,Netflix
The Incredible Story of the Giant Pear,children & family movies,2018,the incredible story of the giant pear,Netflix
The Incredibles 2,"children & family movies, comedies",2018,the incredibles 2,Netflix
The Indian in the Cupboard,"children & family movies, dramas",1995,the indian in the cupboard,Netflix
The Informant!,"comedies, dramas",2009,the informant,Netflix
The Intent,"dramas, international movies, thrillers",2016,the intent,Netflix
The Intent 2: The Come Up,"dramas, international movies",2018,the intent 2 the come up,Netflix
The Invention of Lying,"comedies, romantic movies",2009,the invention of lying,Netflix
The Investigator: A British Crime Story,"british tv shows, crime tv shows, docuseries",2018,the investigator a british crime story,Netflix
The Invitation,"horror movies, independent movies, thrillers",2015,the invitation,Netflix
The Irish Mob,"crime tv shows, docuseries",2008,the irish mob,Netflix
The Iron Lady,"dramas, international movies",2011,the iron lady,Netflix
The Jack King Affair,"documentaries, international movies",2015,the jack king affair,Netflix
The Jaime Maussan Show,"docuseries, international tv shows, spanish-language tv shows",2010,the jaime maussan show,Netflix
The Jane Austen Book Club,"comedies, dramas, romantic movies",2007,the jane austen book club,Netflix
The Jungle Book,kids' tv,2010,the jungle book,Netflix
The Jungle School,"dramas, international movies",2013,the jungle school,Netflix
The Keeping Hours,"dramas, thrillers",2017,the keeping hours,Netflix
The Kindness Diaries,reality tv,2019,the kindness diaries,Netflix
The King's Speech,"dramas, international movies",2010,the kings speech,Netflix
The L Word,"romantic tv shows, tv dramas",2009,the l word,Netflix
The Lady in Dignity,"international tv shows, korean tv shows, tv dramas",2017,the lady in dignity,Netflix
The Lake House,"dramas, romantic movies, sci-fi & fantasy",2006,the lake house,Netflix
The Lamb,"children & family movies, faith & spirituality",2017,the lamb,Netflix
The Land of the Enlightened,"documentaries, international movies",2016,the land of the enlightened,Netflix
The Last Days of Chez Nous,"classic movies, dramas",1992,the last days of chez nous,Netflix
The Last Exorcism,"horror movies, independent movies, thrillers",2010,the last exorcism,Netflix
The Last Face,dramas,2016,the last face,Netflix
The Last Hangover,"comedies, international movies",2018,the last hangover,Netflix
The Last Man on the Moon,documentaries,2014,the last man on the moon,Netflix
The Last Resort,documentaries,2018,the last resort,Netflix
The Last Whistle,"dramas, sports movies",2019,the last whistle,Netflix
The Legend of 420,documentaries,2017,the legend of 420,Netflix
The Legend of Michael Mishra,"comedies, dramas, international movies",2016,the legend of michael mishra,Netflix
The Liar,"crime tv shows, international tv shows, tv dramas",2013,the liar,Netflix
The Little Hours,"comedies, independent movies",2017,the little hours,Netflix
The Little Mermaid,"children & family movies, dramas",2018,the little mermaid,Netflix
The Little Prince,children & family movies,2015,the little prince,Netflix
The Lives of Others,"dramas, international movies, thrillers",2006,the lives of others,Netflix
The Lizzie Borden Chronicles,"crime tv shows, tv dramas, tv thrillers",2015,the lizzie borden chronicles,Netflix
The Lobster,"comedies, international movies, romantic movies",2015,the lobster,Netflix
The Lodgers,"horror movies, international movies",2017,the lodgers,Netflix
The Long Goodbye: The Kara Tippetts Story,"documentaries, faith & spirituality",2019,the long goodbye the kara tippetts story,Netflix
The Longest Yard,"classic movies, comedies, sports movies",1974,the longest yard,Netflix
The Longshots,"comedies, dramas, sports movies",2008,the longshots,Netflix
The Look of Silence,"documentaries, international movies",2014,the look of silence,Netflix
The Lord of the Rings: The Return of the King,"action & adventure, sci-fi & fantasy",2003,the lord of the rings the return of the king,Netflix
The Lord of the Rings: The Two Towers,"action & adventure, sci-fi & fantasy",2002,the lord of the rings the two towers,Netflix
The Love Guru,"comedies, sports movies",2008,the love guru,Netflix
The Lovers and the Despot,"documentaries, international movies",2016,the lovers and the despot,Netflix
The lynx,"dramas, international movies",1982,the lynx,Netflix
The Mad Monk,"comedies, international movies, sci-fi & fantasy",1993,the mad monk,Netflix
The Magic Pill,documentaries,2017,the magic pill,Netflix
The Making of Frozen Planet,"british tv shows, docuseries, science & nature tv",2012,the making of frozen planet,Netflix
The Man Who Would Be Polka King,"documentaries, music & musicals",2009,the man who would be polka king,Netflix
The Mask of Zorro,"action & adventure, romantic movies",1998,the mask of zorro,Netflix
The Matrix,"action & adventure, sci-fi & fantasy",1999,the matrix,Netflix
The Matrix Reloaded,"action & adventure, sci-fi & fantasy",2003,the matrix reloaded,Netflix
The Matrix Revolutions,"action & adventure, sci-fi & fantasy",2003,the matrix revolutions,Netflix
The Mayo Clinic,documentaries,2018,the mayo clinic,Netflix
The Mayor,"dramas, international movies",2017,the mayor,Netflix
"The Memphis Belle: A Story of a
Flying Fortress","classic movies, documentaries",1944,"the memphis belle a story of a
flying fortress",Netflix
The Men Who Stare at Goats,comedies,2009,the men who stare at goats,Netflix
The Messengers,"tv dramas, tv mysteries, tv sci-fi & fantasy",2015,the messengers,Netflix
The Mind of a Chef,docuseries,2016,the mind of a chef,Netflix
The Minimighty Kids,"kids' tv, tv comedies",2012,the minimighty kids,Netflix
The Ministry of Time,"international tv shows, spanish-language tv shows, tv action & adventure",2017,the ministry of time,Netflix
The Model,"dramas, independent movies, international movies",2016,the model,Netflix
The Monster,"horror movies, independent movies",2016,the monster,Netflix
The Monster of Mangatiti,dramas,2015,the monster of mangatiti,Netflix
The Mortified Guide,docuseries,2018,the mortified guide,Netflix
The Most Beautiful Hands of Delhi,"international tv shows, tv comedies, tv dramas",2017,the most beautiful hands of delhi,Netflix
The Muppets,"children & family movies, comedies",2011,the muppets,Netflix
The Murder Detectives,"british tv shows, crime tv shows, docuseries",2015,the murder detectives,Netflix
The Music of Silence,"dramas, international movies, music & musicals",2017,the music of silence,Netflix
The Naked Gun 2 1/2: The Smell of Fear,comedies,1991,the naked gun 2 12 the smell of fear,Netflix
The Naked Gun: From the Files of Police Squad!,"comedies, cult movies",1988,the naked gun from the files of police squad,Netflix
The Natural,"classic movies, dramas, sports movies",1984,the natural,Netflix
The Negro Soldier,"classic movies, documentaries",1944,the negro soldier,Netflix
The Netflix Afterparty,"stand-up comedy & talk shows, tv comedies",2021,the netflix afterparty,Netflix
The New Romantic,"comedies, independent movies, romantic movies",2018,the new romantic,Netflix
The Nineties,docuseries,2017,the nineties,Netflix
The NSU-Complex,"documentaries, international movies",2016,the nsucomplex,Netflix
The Nutcracker and the Four Realms,children & family movies,2018,the nutcracker and the four realms,Netflix
The Office (U.S.),tv comedies,2012,the office us,Netflix
The One I Love,"comedies, dramas, independent movies",2014,the one i love,Netflix
The Only Mother To You All,"comedies, international movies",2008,the only mother to you all,Netflix
The Other Guys,"action & adventure, comedies",2010,the other guys,Netflix
The Parole Officer,"action & adventure, comedies",2001,the parole officer,Netflix
The Pass,"dramas, independent movies, lgbtq movies",2016,the pass,Netflix
The Peacemaker,action & adventure,1997,the peacemaker,Netflix
The Pelican Brief,"dramas, thrillers",1993,the pelican brief,Netflix
The Perfect Day,"documentaries, international movies, sports movies",2018,the perfect day,Netflix
The Perks of Being a Wallflower,"comedies, dramas",2012,the perks of being a wallflower,Netflix
The Phantom of the Opera,"dramas, music & musicals, romantic movies",2004,the phantom of the opera,Netflix
The Physician,"action & adventure, dramas, international movies",2013,the physician,Netflix
The Pink Panther,"children & family movies, comedies",2006,the pink panther,Netflix
The Pirate Fairy,children & family movies,2014,the pirate fairy,Netflix
The Pirates of Somalia,dramas,2017,the pirates of somalia,Netflix
The Pirates! Band of Misfits,"children & family movies, comedies",2012,the pirates band of misfits,Netflix
The Place Beyond the Pines,"dramas, independent movies",2012,the place beyond the pines,Netflix
The Plan,"dramas, international movies, thrillers",2015,the plan,Netflix
The Player,"comedies, international movies",2012,the player,Netflix
The Polar Express,children & family movies,2004,the polar express,Netflix
The Power of Grayskull: The Definitive History of He-Man and the Masters of the Universe,documentaries,2017,the power of grayskull the definitive history of heman and the masters of the universe,Netflix
The President's Barber,"comedies, dramas, international movies",2004,the presidents barber,Netflix
The Prince,action & adventure,2014,the prince,Netflix
The Prince & Me,"comedies, romantic movies",2004,the prince  me,Netflix
The Princess and the Frog,children & family movies,2009,the princess and the frog,Netflix
The Prison,"action & adventure, dramas, international movies",2017,the prison,Netflix
The Pursuit,documentaries,2019,the pursuit,Netflix
The Pursuit of Happyness,dramas,2006,the pursuit of happyness,Netflix
The Push,"documentaries, sports movies",2018,the push,Netflix
The Pyramid Code,"docuseries, science & nature tv",2009,the pyramid code,Netflix
The Rainbow Troops,"children & family movies, dramas, international movies",2008,the rainbow troops,Netflix
The Rainmaker,"dramas, thrillers",1997,the rainmaker,Netflix
The Rap Game,reality tv,2016,the rap game,Netflix
The Rat Race,"documentaries, international movies",2010,the rat race,Netflix
The Real Football Factories,"british tv shows, docuseries, international tv shows",2006,the real football factories,Netflix
The Real Miyagi,"documentaries, sports movies",2015,the real miyagi,Netflix
The Rebound,"documentaries, sports movies",2016,the rebound,Netflix
The Redeemed and the Dominant: Fittest on Earth,"documentaries, sports movies",2017,the redeemed and the dominant fittest on earth,Netflix
The Rehearsal,"dramas, independent movies, international movies",2016,the rehearsal,Netflix
The Republic of Imbaba,"dramas, international movies",2015,the republic of imbaba,Netflix
The Returned,"international tv shows, tv dramas, tv horror",2015,the returned,Netflix
The Rezort,"horror movies, international movies",2016,the rezort,Netflix
The Rift: The Dark Side of the Moon,"horror movies, independent movies, sci-fi & fantasy",2016,the rift the dark side of the moon,Netflix
The Right One,"dramas, international movies, romantic movies",2011,the right one,Netflix
The Ring,"horror movies, thrillers",2002,the ring,Netflix
The Riot Club,"dramas, international movies",2014,the riot club,Netflix
The River Thief,"dramas, independent movies",2016,the river thief,Netflix
The River Wild,action & adventure,1994,the river wild,Netflix
The Road to Calvary,"international tv shows, tv dramas",2017,the road to calvary,Netflix
The Rolling Stones: Olé Olé Olé! A Trip Across Latin America,"documentaries, international movies, music & musicals",2016,the rolling stones ol ol ol a trip across latin america,Netflix
The Roommate,thrillers,2011,the roommate,Netflix
The Rover,"international movies, thrillers",2014,the rover,Netflix
THE RUM DIARY,"comedies, dramas",2011,the rum diary,Netflix
The Runner,"dramas, independent movies",2015,the runner,Netflix
The Salvation,"dramas, independent movies, international movies",2014,the salvation,Netflix
The Sapphires,"comedies, dramas, independent movies",2012,the sapphires,Netflix
The Score,"dramas, thrillers",2001,the score,Netflix
The Sea of Trees,dramas,2015,the sea of trees,Netflix
The Search for Life in Space,documentaries,2016,the search for life in space,Netflix
The Secret Life of Pets 2,"children & family movies, comedies",2019,the secret life of pets 2,Netflix
The Seven Five,documentaries,2014,the seven five,Netflix
The Seventies,docuseries,2015,the seventies,Netflix
The Shaukeens,"comedies, international movies, music & musicals",2014,the shaukeens,Netflix
The Show,dramas,2017,the show,Netflix
The Sign of Venus,"classic movies, comedies, independent movies",1955,the sign of venus,Netflix
The Signal,"sci-fi & fantasy, thrillers",2014,the signal,Netflix
The Similars,"horror movies, independent movies, international movies",2015,the similars,Netflix
The Sinking Of Van Der Wijck,"dramas, international movies, romantic movies",2013,the sinking of van der wijck,Netflix
The Sniffer,"crime tv shows, international tv shows, tv dramas",2017,the sniffer,Netflix
The Social Network,dramas,2010,the social network,Netflix
The Space Between Us,"action & adventure, romantic movies, sci-fi & fantasy",2016,the space between us,Netflix
The Spectacular Now,"dramas, independent movies, romantic movies",2013,the spectacular now,Netflix
The spiral,"dramas, independent movies, international movies",1978,the spiral,Netflix
The Spy Next Door,"action & adventure, children & family movies, comedies",2010,the spy next door,Netflix
The Spy Who Fell to Earth,"documentaries, international movies",2019,the spy who fell to earth,Netflix
The Stanford Prison Experiment,"dramas, independent movies, thrillers",2015,the stanford prison experiment,Netflix
The Story of God with Morgan Freeman,docuseries,2017,the story of god with morgan freeman,Netflix
The Story of Us with Morgan Freeman,docuseries,2017,the story of us with morgan freeman,Netflix
The Student,thrillers,2017,the student,Netflix
The Sunshine Makers,"documentaries, international movies",2015,the sunshine makers,Netflix
The Super,horror movies,2017,the super,Netflix
The Super Mario Bros. Super Show!,kids' tv,1989,the super mario bros super show,Netflix
The Surrounding Game,documentaries,2018,the surrounding game,Netflix
The Taking of Pelham 123,action & adventure,2009,the taking of pelham 123,Netflix
The Talented Mr. Ripley,"dramas, thrillers",1999,the talented mr ripley,Netflix
The Texas Chainsaw Massacre,"cult movies, horror movies, independent movies",1974,the texas chainsaw massacre,Netflix
The Thief and the Imbecile,"dramas, international movies",2013,the thief and the imbecile,Netflix
The Tiger Hunter,"comedies, dramas, independent movies",2016,the tiger hunter,Netflix
The Tigers of Scotland,documentaries,2017,the tigers of scotland,Netflix
The Time Machine,"action & adventure, sci-fi & fantasy",2002,the time machine,Netflix
The Time Traveler's Wife,"dramas, romantic movies, sci-fi & fantasy",2009,the time travelers wife,Netflix
The Traffickers,"crime tv shows, docuseries",2016,the traffickers,Netflix
The Tribes of Palos Verdes,"dramas, independent movies, sports movies",2017,the tribes of palos verdes,Netflix
The Trigger Effect,thrillers,1996,the trigger effect,Netflix
The Trip to Spain,comedies,2016,the trip to spain,Netflix
The Trust,thrillers,2015,the trust,Netflix
The Truth About Alcohol,"documentaries, international movies",2016,the truth about alcohol,Netflix
The Tudors,tv dramas,2010,the tudors,Netflix
The Tuxedo,"action & adventure, comedies",2002,the tuxedo,Netflix
The Twilight Zone (Original Series),"classic & cult tv, tv sci-fi & fantasy",1963,the twilight zone original series,Netflix
The Ugly Truth,"comedies, romantic movies",2009,the ugly truth,Netflix
The Unborn Child,"horror movies, international movies",2011,the unborn child,Netflix
The Underwear,"international tv shows, tv dramas, teen tv shows",2017,the underwear,Netflix
The Universe,"docuseries, science & nature tv",2009,the universe,Netflix
The Unknown Girl,"dramas, international movies",2016,the unknown girl,Netflix
The Unknown Known,documentaries,2013,the unknown known,Netflix
The Vatican Tapes,"horror movies, thrillers",2015,the vatican tapes,Netflix
The Vietnam War: A Film by Ken Burns and Lynn Novick,docuseries,2017,the vietnam war a film by ken burns and lynn novick,Netflix
The Walls of the Moon,"action & adventure, dramas, international movies",2015,the walls of the moon,Netflix
The War: A Film by Ken Burns and Lynn Novick,docuseries,2007,the war a film by ken burns and lynn novick,Netflix
The Water Diviner,"dramas, international movies",2014,the water diviner,Netflix
The Water Horse: Legend of the Deep,children & family movies,2007,the water horse legend of the deep,Netflix
The Waterboy,"comedies, sports movies",1998,the waterboy,Netflix
The Wedding Curse,"horror movies, international movies",2006,the wedding curse,Netflix
The Wedding Party 2: Destination Dubai,"comedies, international movies, romantic movies",2017,the wedding party 2 destination dubai,Netflix
The West Wing,tv dramas,2005,the west wing,Netflix
The Witch,"horror movies, independent movies",2015,the witch,Netflix
The Witch Files,"horror movies, thrillers",2018,the witch files,Netflix
The Womanizer,"international tv shows, romantic tv shows, tv comedies",2010,the womanizer,Netflix
The Women Who Kill Lions,"documentaries, international movies",2016,the women who kill lions,Netflix
The Women's Balcony,"comedies, dramas, faith & spirituality",2016,the womens balcony,Netflix
The Workshop,"dramas, international movies",2017,the workshop,Netflix
The World Is Not Enough,action & adventure,1999,the world is not enough,Netflix
The World's Most Wanted Animal,documentaries,2018,the worlds most wanted animal,Netflix
The Wrong Babysitter,thrillers,2017,the wrong babysitter,Netflix
The Year of Happiness and Love,"international tv shows, romantic tv shows, tv comedies",2009,the year of happiness and love,Netflix
The Young Offenders,"comedies, international movies",2016,the young offenders,Netflix
The Young Vagabond,"action & adventure, comedies, international movies",1985,the young vagabond,Netflix
Theater of Life,documentaries,2016,theater of life,Netflix
Theeram,"dramas, international movies, romantic movies",2017,theeram,Netflix
"Thelonious Monk: Straight, No Chaser","documentaries, music & musicals",1988,thelonious monk straight no chaser,Netflix
Theo Who Lived,documentaries,2016,theo who lived,Netflix
ThirTEEN Terrors,"international tv shows, tv horror, tv mysteries",2014,thirteen terrors,Netflix
This Is My Love,"international tv shows, korean tv shows, romantic tv shows",2015,this is my love,Netflix
This Is Not What I Expected,"comedies, international movies, romantic movies",2017,this is not what i expected,Netflix
This Was Tomorrow,"documentaries, international movies, music & musicals",2015,this was tomorrow,Netflix
Thithi,"dramas, independent movies, international movies",2015,thithi,Netflix
Thong Dee Fun Khao,"action & adventure, international movies, sports movies",2017,thong dee fun khao,Netflix
Thor: Ragnarok,"action & adventure, comedies, sci-fi & fantasy",2017,thor ragnarok,Netflix
Thor: Tales of Asgard,children & family movies,2011,thor tales of asgard,Netflix
Thorne: Scaredy Cat,"dramas, international movies",2010,thorne scaredy cat,Netflix
Thorne: Sleepyhead,"dramas, international movies",2010,thorne sleepyhead,Netflix
Three,"action & adventure, international movies",2016,three,Netflix
Three-Quarters Decent,"comedies, dramas, international movies",2010,threequarters decent,Netflix
Thumper,"dramas, thrillers",2017,thumper,Netflix
Thunderbolt,"classic movies, documentaries",1947,thunderbolt,Netflix
Tientsin Mystic,"crime tv shows, international tv shows, tv dramas",2017,tientsin mystic,Netflix
Tik Tok,"dramas, international movies, thrillers",2016,tik tok,Netflix
Tikli and Laxmi Bomb,"dramas, international movies",2017,tikli and laxmi bomb,Netflix
Time Please,"comedies, dramas, international movies",2013,time please,Netflix
Timeless Season,"international tv shows, tv dramas",2009,timeless season,Netflix
Timeline,"crime tv shows, docuseries, international tv shows",2014,timeline,Netflix
Tinker Bell and the Legend of the NeverBeast,children & family movies,2014,tinker bell and the legend of the neverbeast,Netflix
Tinker',"dramas, independent movies, sci-fi & fantasy",2018,tinker,Netflix
Tip the Mouse,kids' tv,2014,tip the mouse,Netflix
To Be a Miss,documentaries,2016,to be a miss,Netflix
"To Wong Foo, Thanks for Everything! Julie Newmar","comedies, cult movies, lgbtq movies",1995,to wong foo thanks for everything julie newmar,Netflix
Toast of London,"british tv shows, classic & cult tv, tv comedies",2015,toast of london,Netflix
Tobot,"kids' tv, korean tv shows",2018,tobot,Netflix
Tokyo Idols,"documentaries, international movies, music & musicals",2017,tokyo idols,Netflix
Tom and Jerry: The Magic Ring,"children & family movies, comedies",2001,tom and jerry the magic ring,Netflix
Tomorrow Never Dies,action & adventure,1997,tomorrow never dies,Netflix
Top 10 Secrets and Mysteries,"british tv shows, docuseries, science & nature tv",2018,top 10 secrets and mysteries,Netflix
Top Grier,reality tv,2018,top grier,Netflix
Tope: The Bait,"dramas, independent movies, international movies",2016,tope the bait,Netflix
Tortilla Soup,"comedies, dramas, romantic movies",2001,tortilla soup,Netflix
Total Frat Movie,comedies,2016,total frat movie,Netflix
Towies,"international tv shows, reality tv",2016,towies,Netflix
Tracers,action & adventure,2015,tracers,Netflix
Traffic Signal,"dramas, independent movies, international movies",2007,traffic signal,Netflix
Train of the Dead,"horror movies, international movies",2007,train of the dead,Netflix
Train to Busan,"action & adventure, horror movies, international movies",2016,train to busan,Netflix
Trainspotting,"comedies, cult movies, dramas",1996,trainspotting,Netflix
Traitor,"dramas, thrillers",2008,traitor,Netflix
Transcendence,"sci-fi & fantasy, thrillers",2014,transcendence,Netflix
Trash,"dramas, independent movies, thrillers",2014,trash,Netflix
Trash Fire,"comedies, dramas, independent movies",2016,trash fire,Netflix
Treasures from the Wreck of the Unbelievable,"documentaries, dramas, international movies",2017,treasures from the wreck of the unbelievable,Netflix
Tree Man,documentaries,2015,tree man,Netflix
Tremors,"comedies, cult movies, horror movies",1990,tremors,Netflix
Tremors 2: Aftershocks,"comedies, horror movies, sci-fi & fantasy",1995,tremors 2 aftershocks,Netflix
Tremors 3: Back to Perfection,"comedies, horror movies, sci-fi & fantasy",2001,tremors 3 back to perfection,Netflix
Tremors 4: The Legend Begins,"comedies, horror movies, sci-fi & fantasy",2004,tremors 4 the legend begins,Netflix
Tremors 5:  Bloodline,"comedies, horror movies, sci-fi & fantasy",2015,tremors 5  bloodline,Netflix
Tremors 6: A Cold Day in Hell,"action & adventure, comedies, horror movies",2018,tremors 6 a cold day in hell,Netflix
Trespass Against Us,dramas,2016,trespass against us,Netflix
"Trikal (Past, Present, Future)","comedies, dramas, independent movies",1985,trikal past present future,Netflix
Trimurti,"action & adventure, dramas, international movies",1995,trimurti,Netflix
Trip to Bhangarh: Asia's Most Haunted Place,"international movies, thrillers",2014,trip to bhangarh asias most haunted place,Netflix
Trixie Mattel: Moving Parts,"documentaries, music & musicals",2019,trixie mattel moving parts,Netflix
Trophy,"documentaries, international movies",2017,trophy,Netflix
Trotsky,"international tv shows, tv dramas",2017,trotsky,Netflix
Troy: The Odyssey,action & adventure,2017,troy the odyssey,Netflix
True Grit,"classic movies, dramas",1969,true grit,Netflix
True to the Game,dramas,2017,true to the game,Netflix
Trumbo,"dramas, independent movies",2015,trumbo,Netflix
Tucker and Dale vs. Evil,"comedies, horror movies, independent movies",2010,tucker and dale vs evil,Netflix
Tukaram,"dramas, faith & spirituality, international movies",2012,tukaram,Netflix
Tunisian Victory,"classic movies, documentaries",1944,tunisian victory,Netflix
Turbo,"children & family movies, comedies",2013,turbo,Netflix
Tusk,horror movies,2014,tusk,Netflix
Twice,"documentaries, international movies",2010,twice,Netflix
Twin Peaks,"classic & cult tv, crime tv shows, tv dramas",1990,twin peaks,Netflix
Twinsanity,"horror movies, independent movies, thrillers",2018,twinsanity,Netflix
Twirlywoos,"british tv shows, kids' tv",2018,twirlywoos,Netflix
"Twisted Trunk, Big Fat Body","dramas, international movies",2015,twisted trunk big fat body,Netflix
Two Graves,thrillers,2018,two graves,Netflix
Two Lovers and a Bear,"dramas, independent movies, romantic movies",2016,two lovers and a bear,Netflix
Tyke Elephant Outlaw,"documentaries, international movies",2015,tyke elephant outlaw,Netflix
Tyson,"documentaries, sports movies",2008,tyson,Netflix
Ugly,"dramas, international movies, thrillers",2013,ugly,Netflix
Ugly Duckling,"international tv shows, romantic tv shows, tv dramas",2015,ugly duckling,Netflix
Una,"dramas, international movies",2016,una,Netflix
Unaccompanied Minors,"children & family movies, comedies",2006,unaccompanied minors,Netflix
Unacknowledged,documentaries,2017,unacknowledged,Netflix
Under an Arctic Sky,"action & adventure, documentaries, sports movies",2017,under an arctic sky,Netflix
Under The Skin,"dramas, independent movies, international movies",2013,under the skin,Netflix
Undercover Grandpa,"action & adventure, children & family movies, comedies",2016,undercover grandpa,Netflix
Undercover: How to Operate Behind Enemy Lines,"classic movies, documentaries",1943,undercover how to operate behind enemy lines,Netflix
Unfinished Song,"comedies, dramas, independent movies",2012,unfinished song,Netflix
Union Leader,"dramas, independent movies, international movies",2017,union leader,Netflix
Unruly Friends,"international movies, thrillers",2011,unruly friends,Netflix
Up in the Air,"comedies, dramas, romantic movies",2009,up in the air,Netflix
Urvi,"dramas, independent movies, international movies",2017,urvi,Netflix
Used Goods,"action & adventure, comedies, international movies",2018,used goods,Netflix
USS Indianapolis: Men of Courage,action & adventure,2016,uss indianapolis men of courage,Netflix
V.R. Troopers,kids' tv,1995,vr troopers,Netflix
Vantage Point,action & adventure,2008,vantage point,Netflix
Veerappan,"action & adventure, dramas, international movies",2016,veerappan,Netflix
Veerey Ki Wedding,"comedies, dramas, international movies",2018,veerey ki wedding,Netflix
Vegas Baby,documentaries,2016,vegas baby,Netflix
Viceroy's House,dramas,2017,viceroys house,Netflix
Victor,dramas,2015,victor,Netflix
Viking Destiny,"action & adventure, sci-fi & fantasy",2018,viking destiny,Netflix
Vikings Unearthed,documentaries,2016,vikings unearthed,Netflix
Vincent N Roxxy,"dramas, thrillers",2016,vincent n roxxy,Netflix
ViR: The Robot Boy,kids' tv,2013,vir the robot boy,Netflix
Viswasapoorvam Mansoor,"dramas, international movies",2017,viswasapoorvam mansoor,Netflix
Vitti Dandu,"dramas, international movies",2014,vitti dandu,Netflix
Vizontele Tuuba,"comedies, dramas, international movies",2004,vizontele tuuba,Netflix
Vodka Diaries,"dramas, international movies, thrillers",2018,vodka diaries,Netflix
Vroomiz,"kids' tv, korean tv shows",2016,vroomiz,Netflix
VS.,dramas,2018,vs,Netflix
Waar,"action & adventure, international movies",2013,waar,Netflix
Waarrior Savitri,"action & adventure, international movies, sci-fi & fantasy",2016,waarrior savitri,Netflix
Waiting,"dramas, international movies",2015,waiting,Netflix
Wake Up,"international tv shows, tv dramas",2017,wake up,Netflix
Wakefield,dramas,2016,wakefield,Netflix
Walk with Me,documentaries,2017,walk with me,Netflix
Walking Out,"dramas, independent movies, thrillers",2017,walking out,Netflix
War,action & adventure,2007,war,Netflix
War Chhod Na Yaar,"comedies, dramas, international movies",2013,war chhod na yaar,Netflix
War Horse,dramas,2011,war horse,Netflix
War on Everyone,"action & adventure, comedies",2016,war on everyone,Netflix
Warda,"horror movies, independent movies, international movies",2014,warda,Netflix
Warehoused,"comedies, dramas, international movies",2015,warehoused,Netflix
Wartime Portraits,"docuseries, international tv shows",2014,wartime portraits,Netflix
Water & Power: A California Heist,documentaries,2017,water  power a california heist,Netflix
Waterschool,documentaries,2018,waterschool,Netflix
We Are Your Friends,"dramas, independent movies, music & musicals",2015,we are your friends,Netflix
We Belong Together,thrillers,2018,we belong together,Netflix
We Need to Talk,"comedies, international movies, romantic movies",2016,we need to talk,Netflix
We the Animals,"dramas, independent movies",2018,we the animals,Netflix
"We, the Marines","documentaries, international movies",2017,we the marines,Netflix
We're No Animals,"comedies, dramas, independent movies",2015,were no animals,Netflix
Weather forecast,"dramas, international movies",1983,weather forecast,Netflix
Weeds,"tv comedies, tv dramas",2012,weeds,Netflix
Weeds on Fire,"dramas, independent movies, international movies",2016,weeds on fire,Netflix
Weird Wonders of the World,"british tv shows, docuseries, science & nature tv",2016,weird wonders of the world,Netflix
Welcome 2 Karachi,"comedies, international movies",2015,welcome 2 karachi,Netflix
Welcome to Monster High: The Origin Story,children & family movies,2016,welcome to monster high the origin story,Netflix
Welcome to New York,"dramas, independent movies",2014,welcome to new york,Netflix
Welcome to Willits,"comedies, horror movies, independent movies",2017,welcome to willits,Netflix
Westerplatte Resists,"classic movies, dramas, international movies",1967,westerplatte resists,Netflix
Westside vs. the World,"documentaries, sports movies",2019,westside vs the world,Netflix
What a Wonderful Family!,"comedies, dramas, international movies",2017,what a wonderful family,Netflix
What Happens to My Family,"international tv shows, tv comedies, tv dramas",2016,what happens to my family,Netflix
What Is Love?,"international tv shows, romantic tv shows, tv comedies",2012,what is love,Netflix
What Lies Beneath,"horror movies, thrillers",2000,what lies beneath,Netflix
What Makes a Psychopath?,documentaries,2017,what makes a psychopath,Netflix
What Still Remains,"dramas, thrillers",2018,what still remains,Netflix
What's Up With Love?,"dramas, international movies, romantic movies",2002,whats up with love,Netflix
When Calls the Heart,tv dramas,2017,when calls the heart,Netflix
When Hari Got Married,"documentaries, international movies",2013,when hari got married,Netflix
When Two Worlds Collide,"documentaries, international movies",2016,when two worlds collide,Netflix
Where the Money Is,"action & adventure, comedies, dramas",2000,where the money is,Netflix
Where's the Money,comedies,2017,wheres the money,Netflix
While We're Young,"comedies, dramas, independent movies",2015,while were young,Netflix
White Chamber,"sci-fi & fantasy, thrillers",2018,white chamber,Netflix
White Island,"comedies, independent movies, thrillers",2016,white island,Netflix
Who the F**k Is That Guy?,"documentaries, lgbtq movies, music & musicals",2017,who the fk is that guy,Netflix
Who's That Knocking at My Door?,"classic movies, dramas, independent movies",1967,whos that knocking at my door,Netflix
Who's the One,"international tv shows, romantic tv shows, tv comedies",2011,whos the one,Netflix
Why Are We Getting So Fat?,documentaries,2016,why are we getting so fat,Netflix
Why Knot,documentaries,2016,why knot,Netflix
Why We Fight: The Battle of Russia,documentaries,1943,why we fight the battle of russia,Netflix
Wild Alaska,"british tv shows, docuseries, science & nature tv",2015,wild alaska,Netflix
Wild Arabia,"british tv shows, docuseries, science & nature tv",2013,wild arabia,Netflix
Wild Wild West,"action & adventure, comedies, sci-fi & fantasy",1999,wild wild west,Netflix
Wildlife,"dramas, independent movies",2018,wildlife,Netflix
Williams,"documentaries, international movies, sports movies",2017,williams,Netflix
Willy Wonka & the Chocolate Factory,"children & family movies, classic movies, comedies",1971,willy wonka  the chocolate factory,Netflix
Winnie,"documentaries, international movies",2017,winnie,Netflix
Winsanity,reality tv,2016,winsanity,Netflix
Winter of Our Dreams,"classic movies, dramas",1981,winter of our dreams,Netflix
Winter Sun,"international tv shows, tv dramas, tv thrillers",2014,winter sun,Netflix
Winter's Bone,"dramas, independent movies",2010,winters bone,Netflix
Wish I Was Here,"comedies, dramas, independent movies",2014,wish i was here,Netflix
Wish Man,"children & family movies, dramas",2019,wish man,Netflix
Withdrawn,"dramas, independent movies",2017,withdrawn,Netflix
Wolves,"dramas, independent movies, sports movies",2016,wolves,Netflix
Women Behind Bars,"crime tv shows, docuseries",2010,women behind bars,Netflix
Woodstock,"documentaries, music & musicals",2019,woodstock,Netflix
World Trade Center,"action & adventure, dramas",2006,world trade center,Netflix
World's Busiest Cities,"british tv shows, docuseries",2017,worlds busiest cities,Netflix
World's Weirdest Homes,movies,2015,worlds weirdest homes,Netflix
Would You Rather,"horror movies, independent movies, thrillers",2013,would you rather,Netflix
Wrong No.,"comedies, international movies, romantic movies",2015,wrong no,Netflix
Wrong Side Raju,"dramas, international movies",2016,wrong side raju,Netflix
WWII: Report from the Aleutians,documentaries,1943,wwii report from the aleutians,Netflix
Wyatt Earp,action & adventure,1994,wyatt earp,Netflix
XX,horror movies,2017,xx,Netflix
XXx,"action & adventure, sports movies",2002,xxx,Netflix
XXX: State of the Union,action & adventure,2005,xxx state of the union,Netflix
Y Tu Mamá También,"dramas, independent movies, international movies",2001,y tu mam tambin,Netflix
Y.M.I.: Yeh Mera India,"dramas, independent movies, international movies",2008,ymi yeh mera india,Netflix
Yaadein,"dramas, international movies, romantic movies",2001,yaadein,Netflix
Yaara O Dildaara,"dramas, international movies, music & musicals",2011,yaara o dildaara,Netflix
Yamla Pagla Deewana 2,"action & adventure, comedies, international movies",2013,yamla pagla deewana 2,Netflix
Yanda Kartavya Aahe,"comedies, dramas, international movies",2006,yanda kartavya aahe,Netflix
Yeh Meri Family,"international tv shows, tv comedies",2018,yeh meri family,Netflix
Yellowbird,"children & family movies, comedies",2014,yellowbird,Netflix
Yes or No,"international movies, lgbtq movies, romantic movies",2010,yes or no,Netflix
Yes or No 2,"international movies, lgbtq movies, romantic movies",2012,yes or no 2,Netflix
Yes or No 2.5,"international movies, lgbtq movies, romantic movies",2015,yes or no 25,Netflix
Yo-Kai Watch,"anime series, kids' tv",2015,yokai watch,Netflix
Yo-Kai Watch: The Movie,"anime features, children & family movies",2016,yokai watch the movie,Netflix
Yoga Hosers,"comedies, horror movies, independent movies",2016,yoga hosers,Netflix
Yoko,kids' tv,2016,yoko,Netflix
Yoko and His Friends,children & family movies,2015,yoko and his friends,Netflix
YOM,kids' tv,2016,yom,Netflix
You Can Tutu,children & family movies,2017,you can tutu,Netflix
You Can’t Fight Christmas,"comedies, romantic movies",2017,you cant fight christmas,Netflix
You Carry Me,"dramas, international movies",2015,you carry me,Netflix
You Changed My Life,"comedies, dramas, international movies",2009,you changed my life,Netflix
You Don't Mess with the Zohan,"action & adventure, comedies",2008,you dont mess with the zohan,Netflix
Young Adult,"comedies, dramas, independent movies",2011,young adult,Netflix
Young Tiger,"action & adventure, international movies",1973,young tiger,Netflix
"Yours, Mine and Ours","children & family movies, comedies",2005,yours mine and ours,Netflix
Yu-Gi-Oh! Arc-V,"anime series, kids' tv",2015,yugioh arcv,Netflix
Yunus Emre,"international tv shows, tv dramas",2016,yunus emre,Netflix
Zak Storm,kids' tv,2016,zak storm,Netflix
Zed Plus,"comedies, dramas, international movies",2014,zed plus,Netflix
Zenda,"dramas, international movies",2009,zenda,Netflix
Zindagi Gulzar Hai,"international tv shows, romantic tv shows, tv dramas",2012,zindagi gulzar hai,Netflix
Zinzana,"dramas, international movies, thrillers",2015,zinzana,Netflix
Zodiac,"cult movies, dramas, thrillers",2007,zodiac,Netflix
Zombie Dumb,"kids' tv, korean tv shows, tv comedies",2018,zombie dumb,Netflix
Zombieland,"comedies, horror movies",2009,zombieland,Netflix
Zoom,"children & family movies, comedies",2006,zoom,Netflix
Zubaan,"dramas, international movies, music & musicals",2015,zubaan,Netflix
