movieId,title,genres,clean_title
1,Toy Story (1995),Animation|Children's|Comedy,toy story
2,Jumanji (1995),Adventure|Children's|Fantasy,jumanji
3,Grumpier Old Men (1995),Comedy|Romance,grumpier old men
4,Waiting to Exhale (1995),Comedy|Drama,waiting to exhale
5,Father of the Bride Part II (1995),Comedy,father of the bride part ii
6,Heat (1995),Action|Crime|Thriller,heat
7,Sabrina (1995),Comedy|Romance,sabrina
8,Tom and Huck (1995),Adventure|Children's,tom and huck
9,Sudden Death (1995),Action,sudden death
10,GoldenEye (1995),Action|Adventure|Thriller,goldeneye
11,"American President, The (1995)",Comedy|Drama|Romance,american president the
12,Dracula: Dead and Loving It (1995),Comedy|Horror,dracula dead and loving it
13,Balto (1995),Animation|Children's,balto
14,Nixon (1995),Drama,nixon
15,Cutthroat Island (1995),Action|Adventure|Romance,cutthroat island
16,Casino (1995),Drama|Thriller,casino
17,Sense and Sensibility (1995),Drama|Romance,sense and sensibility
18,Four Rooms (1995),Thriller,four rooms
19,Ace Ventura: When Nature Calls (1995),Comedy,ace ventura when nature calls
20,Money Train (1995),Action,money train
21,Get Shorty (1995),Action|Comedy|Drama,get shorty
22,Copycat (1995),Crime|Drama|Thriller,copycat
23,Assassins (1995),Thriller,assassins
24,Powder (1995),Drama|Sci-Fi,powder
25,Leaving Las Vegas (1995),Drama|Romance,leaving las vegas
26,Othello (1995),Drama,othello
27,Now and Then (1995),Drama,now and then
28,Persuasion (1995),Romance,persuasion
29,"City of Lost Children, The (1995)",Adventure|Sci-Fi,city of lost children the
30,Shanghai Triad (Yao a yao yao dao waipo qiao) (1995),Drama,shanghai triad yao a yao yao dao waipo qiao
31,Dangerous Minds (1995),Drama,dangerous minds
32,Twelve Monkeys (1995),Drama|Sci-Fi,twelve monkeys
33,Wings of Courage (1995),Adventure|Romance,wings of courage
34,Babe (1995),Children's|Comedy|Drama,babe
35,Carrington (1995),Drama|Romance,carrington
36,Dead Man Walking (1995),Drama,dead man walking
37,Across the Sea of Time (1995),Documentary,across the sea of time
38,It Takes Two (1995),Comedy,it takes two
39,Clueless (1995),Comedy|Romance,clueless
40,"Cry, the Beloved Country (1995)",Drama,cry the beloved country
41,Richard III (1995),Drama|War,richard iii
42,Dead Presidents (1995),Action|Crime|Drama,dead presidents
43,Restoration (1995),Drama,restoration
44,Mortal Kombat (1995),Action|Adventure,mortal kombat
45,To Die For (1995),Comedy|Drama,to die for
46,How to Make an American Quilt (1995),Drama|Romance,how to make an american quilt
47,Seven (Se7en) (1995),Crime|Thriller,seven se7en
48,Pocahontas (1995),Animation|Children's|Musical|Romance,pocahontas
49,When Night Is Falling (1995),Drama|Romance,when night is falling
50,"Usual Suspects, The (1995)",Crime|Thriller,usual suspects the
51,Guardian Angel (1994),Action|Drama|Thriller,guardian angel
52,Mighty Aphrodite (1995),Comedy,mighty aphrodite
53,Lamerica (1994),Drama,lamerica
54,"Big Green, The (1995)",Children's|Comedy,big green the
55,Georgia (1995),Drama,georgia
56,Kids of the Round Table (1995),Adventure|Children's|Fantasy,kids of the round table
57,Home for the Holidays (1995),Drama,home for the holidays
58,"Postino, Il (The Postman) (1994)",Drama|Romance,postino il the postman
59,"Confessional, The (Le Confessionnal) (1995)",Drama|Mystery,confessional the le confessionnal
60,"Indian in the Cupboard, The (1995)",Adventure|Children's|Fantasy,indian in the cupboard the
61,Eye for an Eye (1996),Drama|Thriller,eye for an eye
62,Mr. Holland's Opus (1995),Drama,mr hollands opus
63,Don't Be a Menace to South Central While Drinking Your Juice in the Hood (1996),Comedy,dont be a menace to south central while drinking your juice in the hood
64,Two if by Sea (1996),Comedy|Romance,two if by sea
65,Bio-Dome (1996),Comedy,biodome
66,Lawnmower Man 2: Beyond Cyberspace (1996),Sci-Fi|Thriller,lawnmower man 2 beyond cyberspace
67,Two Bits (1995),Drama,two bits
68,French Twist (Gazon maudit) (1995),Comedy|Romance,french twist gazon maudit
69,Friday (1995),Comedy,friday
70,From Dusk Till Dawn (1996),Action|Comedy|Crime|Horror|Thriller,from dusk till dawn
71,Fair Game (1995),Action,fair game
72,Kicking and Screaming (1995),Comedy|Drama,kicking and screaming
73,"Misérables, Les (1995)",Drama|Musical,misrables les
74,Bed of Roses (1996),Drama|Romance,bed of roses
75,Big Bully (1996),Comedy|Drama,big bully
76,Screamers (1995),Sci-Fi|Thriller,screamers
77,Nico Icon (1995),Documentary,nico icon
78,"Crossing Guard, The (1995)",Drama,crossing guard the
79,"Juror, The (1996)",Drama|Thriller,juror the
80,"White Balloon, The (Badkonake Sefid ) (1995)",Drama,white balloon the badkonake sefid
81,Things to Do in Denver when You're Dead (1995),Crime|Drama|Romance,things to do in denver when youre dead
82,Antonia's Line (Antonia) (1995),Drama,antonias line antonia
83,Once Upon a Time... When We Were Colored (1995),Drama,once upon a time when we were colored
84,Last Summer in the Hamptons (1995),Comedy|Drama,last summer in the hamptons
85,Angels and Insects (1995),Drama|Romance,angels and insects
86,White Squall (1996),Adventure|Drama,white squall
87,Dunston Checks In (1996),Children's|Comedy,dunston checks in
88,Black Sheep (1996),Comedy,black sheep
89,Nick of Time (1995),Action|Thriller,nick of time
90,"Journey of August King, The (1995)",Drama,journey of august king the
92,Mary Reilly (1996),Drama|Thriller,mary reilly
93,Vampire in Brooklyn (1995),Comedy|Romance,vampire in brooklyn
94,Beautiful Girls (1996),Drama,beautiful girls
95,Broken Arrow (1996),Action|Thriller,broken arrow
96,In the Bleak Midwinter (1995),Comedy,in the bleak midwinter
97,"Hate (Haine, La) (1995)",Drama,hate haine la
98,Shopping (1994),Action|Thriller,shopping
99,Heidi Fleiss: Hollywood Madam (1995),Documentary,heidi fleiss hollywood madam
100,City Hall (1996),Drama|Thriller,city hall
101,Bottle Rocket (1996),Comedy,bottle rocket
102,Mr. Wrong (1996),Comedy,mr wrong
103,Unforgettable (1996),Thriller,unforgettable
104,Happy Gilmore (1996),Comedy,happy gilmore
105,"Bridges of Madison County, The (1995)",Drama|Romance,bridges of madison county the
106,Nobody Loves Me (Keiner liebt mich) (1994),Comedy|Drama,nobody loves me keiner liebt mich
107,Muppet Treasure Island (1996),Adventure|Children's|Comedy|Musical,muppet treasure island
108,Catwalk (1995),Documentary,catwalk
109,Headless Body in Topless Bar (1995),Comedy,headless body in topless bar
110,Braveheart (1995),Action|Drama|War,braveheart
111,Taxi Driver (1976),Drama|Thriller,taxi driver
112,Rumble in the Bronx (1995),Action|Adventure|Crime,rumble in the bronx
113,Before and After (1996),Drama|Mystery,before and after
114,Margaret's Museum (1995),Drama,margarets museum
115,Happiness Is in the Field (1995),Comedy,happiness is in the field
116,Anne Frank Remembered (1995),Documentary,anne frank remembered
117,"Young Poisoner's Handbook, The (1995)",Crime,young poisoners handbook the
118,If Lucy Fell (1996),Comedy|Romance,if lucy fell
119,"Steal Big, Steal Little (1995)",Comedy,steal big steal little
120,Race the Sun (1996),Drama,race the sun
121,"Boys of St. Vincent, The (1993)",Drama,boys of st vincent the
122,Boomerang (1992),Comedy|Romance,boomerang
123,Chungking Express (1994),Drama|Mystery|Romance,chungking express
124,"Star Maker, The (Uomo delle stelle, L') (1995)",Drama,star maker the uomo delle stelle l
125,Flirting With Disaster (1996),Comedy,flirting with disaster
126,"NeverEnding Story III, The (1994)",Adventure|Children's|Fantasy,neverending story iii the
127,"Silence of the Palace, The (Saimt el Qusur) (1994)",Drama,silence of the palace the saimt el qusur
128,Jupiter's Wife (1994),Documentary,jupiters wife
129,Pie in the Sky (1995),Comedy|Romance,pie in the sky
130,Angela (1995),Drama,angela
131,Frankie Starlight (1995),Drama|Romance,frankie starlight
132,Jade (1995),Thriller,jade
133,Nueba Yol (1995),Comedy|Drama,nueba yol
134,Sonic Outlaws (1995),Documentary,sonic outlaws
135,Down Periscope (1996),Comedy,down periscope
136,From the Journals of Jean Seberg (1995),Documentary,from the journals of jean seberg
137,Man of the Year (1995),Documentary,man of the year
138,"Neon Bible, The (1995)",Drama,neon bible the
139,Target (1995),Action|Drama,target
140,Up Close and Personal (1996),Drama|Romance,up close and personal
141,"Birdcage, The (1996)",Comedy,birdcage the
142,Shadows (Cienie) (1988),Drama,shadows cienie
143,Gospa (1995),Drama,gospa
144,"Brothers McMullen, The (1995)",Comedy,brothers mcmullen the
145,Bad Boys (1995),Action,bad boys
146,"Amazing Panda Adventure, The (1995)",Adventure|Children's,amazing panda adventure the
147,"Basketball Diaries, The (1995)",Drama,basketball diaries the
148,"Awfully Big Adventure, An (1995)",Drama,awfully big adventure an
149,Amateur (1994),Crime|Drama|Thriller,amateur
150,Apollo 13 (1995),Drama,apollo 13
151,Rob Roy (1995),Drama|Romance|War,rob roy
152,"Addiction, The (1995)",Horror,addiction the
153,Batman Forever (1995),Action|Adventure|Comedy|Crime,batman forever
154,Belle de jour (1967),Drama,belle de jour
155,Beyond Rangoon (1995),Drama|War,beyond rangoon
156,Blue in the Face (1995),Comedy,blue in the face
157,Canadian Bacon (1994),Comedy|War,canadian bacon
158,Casper (1995),Adventure|Children's,casper
159,Clockers (1995),Drama,clockers
160,Congo (1995),Action|Adventure|Mystery|Sci-Fi,congo
161,Crimson Tide (1995),Drama|Thriller|War,crimson tide
162,Crumb (1994),Documentary,crumb
163,Desperado (1995),Action|Romance|Thriller,desperado
164,Devil in a Blue Dress (1995),Crime|Film-Noir|Mystery|Thriller,devil in a blue dress
165,Die Hard: With a Vengeance (1995),Action|Thriller,die hard with a vengeance
166,"Doom Generation, The (1995)",Comedy|Drama,doom generation the
167,Feast of July (1995),Drama,feast of july
168,First Knight (1995),Action|Adventure|Drama|Romance,first knight
169,Free Willy 2: The Adventure Home (1995),Adventure|Children's|Drama,free willy 2 the adventure home
170,Hackers (1995),Action|Crime|Thriller,hackers
171,Jeffrey (1995),Comedy,jeffrey
172,Johnny Mnemonic (1995),Action|Sci-Fi|Thriller,johnny mnemonic
173,Judge Dredd (1995),Action|Adventure|Sci-Fi,judge dredd
174,Jury Duty (1995),Comedy,jury duty
175,Kids (1995),Drama,kids
176,Living in Oblivion (1995),Comedy,living in oblivion
177,Lord of Illusions (1995),Horror,lord of illusions
178,Love & Human Remains (1993),Comedy,love  human remains
179,Mad Love (1995),Drama|Romance,mad love
180,Mallrats (1995),Comedy,mallrats
181,Mighty Morphin Power Rangers: The Movie (1995),Action|Children's,mighty morphin power rangers the movie
182,Moonlight and Valentino (1995),Drama|Romance,moonlight and valentino
183,Mute Witness (1994),Thriller,mute witness
184,Nadja (1994),Drama,nadja
185,"Net, The (1995)",Sci-Fi|Thriller,net the
186,Nine Months (1995),Comedy,nine months
187,Party Girl (1995),Comedy,party girl
188,"Prophecy, The (1995)",Horror,prophecy the
189,Reckless (1995),Comedy,reckless
190,Safe (1995),Thriller,safe
191,"Scarlet Letter, The (1995)",Drama,scarlet letter the
192,"Show, The (1995)",Documentary,show the
193,Showgirls (1995),Drama,showgirls
194,Smoke (1995),Drama,smoke
195,Something to Talk About (1995),Comedy|Drama|Romance,something to talk about
196,Species (1995),Horror|Sci-Fi,species
197,"Stars Fell on Henrietta, The (1995)",Drama,stars fell on henrietta the
198,Strange Days (1995),Action|Crime|Sci-Fi,strange days
199,"Umbrellas of Cherbourg, The (Parapluies de Cherbourg, Les) (1964)",Drama|Musical,umbrellas of cherbourg the parapluies de cherbourg les
200,"Tie That Binds, The (1995)",Thriller,tie that binds the
201,Three Wishes (1995),Drama,three wishes
202,Total Eclipse (1995),Drama|Romance,total eclipse
203,"To Wong Foo, Thanks for Everything! Julie Newmar (1995)",Comedy,to wong foo thanks for everything julie newmar
204,Under Siege 2: Dark Territory (1995),Action,under siege 2 dark territory
205,Unstrung Heroes (1995),Comedy|Drama,unstrung heroes
206,Unzipped (1995),Documentary,unzipped
207,"Walk in the Clouds, A (1995)",Drama|Romance,walk in the clouds a
208,Waterworld (1995),Action|Adventure,waterworld
209,White Man's Burden (1995),Drama,white mans burden
210,Wild Bill (1995),Western,wild bill
211,"Browning Version, The (1994)",Drama,browning version the
212,Bushwhacked (1995),Comedy,bushwhacked
213,Burnt By the Sun (Utomlyonnye solntsem) (1994),Drama,burnt by the sun utomlyonnye solntsem
214,Before the Rain (Pred dozhdot) (1994),Drama,before the rain pred dozhdot
215,Before Sunrise (1995),Drama|Romance,before sunrise
216,Billy Madison (1995),Comedy,billy madison
217,"Babysitter, The (1995)",Drama|Thriller,babysitter the
218,Boys on the Side (1995),Comedy|Drama,boys on the side
219,"Cure, The (1995)",Drama,cure the
220,Castle Freak (1995),Horror,castle freak
222,Circle of Friends (1995),Drama|Romance,circle of friends
223,Clerks (1994),Comedy,clerks
224,Don Juan DeMarco (1995),Comedy|Drama|Romance,don juan demarco
225,Disclosure (1994),Drama|Thriller,disclosure
226,Dream Man (1995),Thriller,dream man
227,Drop Zone (1994),Action,drop zone
228,Destiny Turns on the Radio (1995),Comedy,destiny turns on the radio
229,Death and the Maiden (1994),Drama|Thriller,death and the maiden
230,Dolores Claiborne (1994),Drama|Thriller,dolores claiborne
231,Dumb & Dumber (1994),Comedy,dumb  dumber
232,Eat Drink Man Woman (1994),Comedy|Drama,eat drink man woman
233,Exotica (1994),Drama,exotica
234,Exit to Eden (1994),Comedy,exit to eden
235,Ed Wood (1994),Comedy|Drama,ed wood
236,French Kiss (1995),Comedy|Romance,french kiss
237,Forget Paris (1995),Comedy|Romance,forget paris
238,Far From Home: The Adventures of Yellow Dog (1995),Adventure|Children's,far from home the adventures of yellow dog
239,"Goofy Movie, A (1995)",Animation|Children's|Comedy|Romance,goofy movie a
240,Hideaway (1995),Thriller,hideaway
241,Fluke (1995),Children's|Drama,fluke
242,Farinelli: il castrato (1994),Drama|Musical,farinelli il castrato
243,Gordy (1995),Comedy,gordy
244,Gumby: The Movie (1995),Animation|Children's,gumby the movie
245,"Glass Shield, The (1994)",Crime|Drama,glass shield the
246,Hoop Dreams (1994),Documentary,hoop dreams
247,Heavenly Creatures (1994),Drama|Fantasy|Romance|Thriller,heavenly creatures
248,Houseguest (1994),Comedy,houseguest
249,Immortal Beloved (1994),Drama|Romance,immortal beloved
250,Heavyweights (1994),Children's|Comedy,heavyweights
251,"Hunted, The (1995)",Action,hunted the
252,I.Q. (1994),Comedy|Romance,iq
253,Interview with the Vampire (1994),Drama|Horror,interview with the vampire
254,Jefferson in Paris (1995),Drama,jefferson in paris
255,"Jerky Boys, The (1994)",Comedy,jerky boys the
256,Junior (1994),Comedy|Sci-Fi,junior
257,Just Cause (1995),Mystery|Thriller,just cause
258,"Kid in King Arthur's Court, A (1995)",Adventure|Children's|Comedy|Fantasy|Romance,kid in king arthurs court a
259,Kiss of Death (1995),Crime|Drama|Thriller,kiss of death
260,Star Wars: Episode IV - A New Hope (1977),Action|Adventure|Fantasy|Sci-Fi,star wars episode iv  a new hope
261,Little Women (1994),Drama,little women
262,"Little Princess, A (1995)",Children's|Drama,little princess a
263,Ladybird Ladybird (1994),Drama,ladybird ladybird
264,"Enfer, L' (1994)",Drama,enfer l
265,Like Water for Chocolate (Como agua para chocolate) (1992),Drama|Romance,like water for chocolate como agua para chocolate
266,Legends of the Fall (1994),Drama|Romance|War|Western,legends of the fall
267,Major Payne (1994),Comedy,major payne
268,Little Odessa (1994),Drama,little odessa
269,My Crazy Life (Mi vida loca) (1993),Drama,my crazy life mi vida loca
270,Love Affair (1994),Drama|Romance,love affair
271,Losing Isaiah (1995),Drama,losing isaiah
272,"Madness of King George, The (1994)",Drama,madness of king george the
273,Mary Shelley's Frankenstein (1994),Drama|Horror,mary shelleys frankenstein
274,Man of the House (1995),Comedy,man of the house
275,Mixed Nuts (1994),Comedy,mixed nuts
276,Milk Money (1994),Comedy|Romance,milk money
277,Miracle on 34th Street (1994),Drama,miracle on 34th street
278,Miami Rhapsody (1995),Comedy,miami rhapsody
279,My Family (1995),Drama,my family
280,Murder in the First (1995),Drama|Thriller,murder in the first
281,Nobody's Fool (1994),Drama,nobodys fool
282,Nell (1994),Drama,nell
283,New Jersey Drive (1995),Crime|Drama,new jersey drive
284,New York Cop (1996),Action|Crime,new york cop
285,Beyond Bedlam (1993),Drama|Horror,beyond bedlam
286,Nemesis 2: Nebula (1995),Action|Sci-Fi|Thriller,nemesis 2 nebula
287,Nina Takes a Lover (1994),Comedy|Romance,nina takes a lover
288,Natural Born Killers (1994),Action|Thriller,natural born killers
289,Only You (1994),Comedy|Romance,only you
290,Once Were Warriors (1994),Crime|Drama,once were warriors
291,Poison Ivy II (1995),Thriller,poison ivy ii
292,Outbreak (1995),Action|Drama|Thriller,outbreak
293,"Professional, The (a.k.a. Leon: The Professional) (1994)",Crime|Drama|Romance|Thriller,professional the aka leon the professional
294,"Perez Family, The (1995)",Comedy|Romance,perez family the
295,"Pyromaniac's Love Story, A (1995)",Comedy|Romance,pyromaniacs love story a
296,Pulp Fiction (1994),Crime|Drama,pulp fiction
297,Panther (1995),Drama,panther
298,Pushing Hands (1992),Comedy,pushing hands
299,Priest (1994),Drama,priest
300,Quiz Show (1994),Drama,quiz show
301,Picture Bride (1995),Drama|Romance,picture bride
302,Queen Margot (La Reine Margot) (1994),Drama|Romance,queen margot la reine margot
303,"Quick and the Dead, The (1995)",Action|Adventure|Western,quick and the dead the
304,Roommates (1995),Comedy|Drama,roommates
305,Ready to Wear (Pret-A-Porter) (1994),Comedy,ready to wear pretaporter
306,Three Colors: Red (1994),Drama,three colors red
307,Three Colors: Blue (1993),Drama,three colors blue
308,Three Colors: White (1994),Drama,three colors white
309,"Red Firecracker, Green Firecracker (1994)",Drama,red firecracker green firecracker
310,Rent-a-Kid (1995),Comedy,rentakid
311,Relative Fear (1994),Horror|Thriller,relative fear
312,Stuart Saves His Family (1995),Comedy,stuart saves his family
313,"Swan Princess, The (1994)",Animation|Children's,swan princess the
314,"Secret of Roan Inish, The (1994)",Drama,secret of roan inish the
315,"Specialist, The (1994)",Action,specialist the
316,Stargate (1994),Action|Adventure|Sci-Fi,stargate
317,"Santa Clause, The (1994)",Children's|Comedy|Fantasy,santa clause the
318,"Shawshank Redemption, The (1994)",Drama,shawshank redemption the
319,Shallow Grave (1994),Thriller,shallow grave
320,Suture (1993),Film-Noir|Thriller,suture
321,Strawberry and Chocolate (Fresa y chocolate) (1993),Drama,strawberry and chocolate fresa y chocolate
322,Swimming with Sharks (1995),Comedy|Drama,swimming with sharks
324,"Sum of Us, The (1994)",Comedy,sum of us the
325,National Lampoon's Senior Trip (1995),Comedy,national lampoons senior trip
326,To Live (Huozhe) (1994),Drama,to live huozhe
327,Tank Girl (1995),Action|Comedy|Musical|Sci-Fi,tank girl
328,Tales From the Crypt Presents: Demon Knight (1995),Horror,tales from the crypt presents demon knight
329,Star Trek: Generations (1994),Action|Adventure|Sci-Fi,star trek generations
330,Tales from the Hood (1995),Comedy|Horror,tales from the hood
331,Tom & Viv (1994),Drama,tom  viv
332,Village of the Damned (1995),Horror|Sci-Fi,village of the damned
333,Tommy Boy (1995),Comedy,tommy boy
334,Vanya on 42nd Street (1994),Drama,vanya on 42nd street
335,"Underneath, The (1995)",Mystery|Thriller,underneath the
336,"Walking Dead, The (1995)",Drama|War,walking dead the
337,What's Eating Gilbert Grape (1993),Drama,whats eating gilbert grape
338,Virtuosity (1995),Sci-Fi|Thriller,virtuosity
339,While You Were Sleeping (1995),Comedy|Romance,while you were sleeping
340,"War, The (1994)",Adventure|Drama,war the
341,Double Happiness (1994),Drama,double happiness
342,Muriel's Wedding (1994),Comedy|Romance,muriels wedding
343,"Baby-Sitters Club, The (1995)",Children's,babysitters club the
344,Ace Ventura: Pet Detective (1994),Comedy,ace ventura pet detective
345,"Adventures of Priscilla, Queen of the Desert, The (1994)",Comedy|Drama,adventures of priscilla queen of the desert the
346,Backbeat (1993),Drama|Musical,backbeat
347,Bitter Moon (1992),Drama,bitter moon
348,Bullets Over Broadway (1994),Comedy,bullets over broadway
349,Clear and Present Danger (1994),Action|Adventure|Thriller,clear and present danger
350,"Client, The (1994)",Drama|Mystery|Thriller,client the
351,"Corrina, Corrina (1994)",Comedy|Drama|Romance,corrina corrina
352,Crooklyn (1994),Comedy,crooklyn
353,"Crow, The (1994)",Action|Romance|Thriller,crow the
354,Cobb (1994),Drama,cobb
355,"Flintstones, The (1994)",Children's|Comedy,flintstones the
356,Forrest Gump (1994),Comedy|Romance|War,forrest gump
357,Four Weddings and a Funeral (1994),Comedy|Romance,four weddings and a funeral
358,Higher Learning (1995),Drama,higher learning
359,I Like It Like That (1994),Comedy|Drama|Romance,i like it like that
360,I Love Trouble (1994),Action|Comedy,i love trouble
361,It Could Happen to You (1994),Drama|Romance,it could happen to you
362,"Jungle Book, The (1994)",Adventure|Children's|Romance,jungle book the
363,"Wonderful, Horrible Life of Leni Riefenstahl, The (Die Macht der Bilder) (1993)",Documentary,wonderful horrible life of leni riefenstahl the die macht der bilder
364,"Lion King, The (1994)",Animation|Children's|Musical,lion king the
365,Little Buddha (1993),Drama,little buddha
366,Wes Craven's New Nightmare (1994),Horror,wes cravens new nightmare
367,"Mask, The (1994)",Comedy|Crime|Fantasy,mask the
368,Maverick (1994),Action|Comedy|Western,maverick
369,Mrs. Parker and the Vicious Circle (1994),Drama,mrs parker and the vicious circle
370,Naked Gun 33 1/3: The Final Insult (1994),Comedy,naked gun 33 13 the final insult
371,"Paper, The (1994)",Comedy|Drama,paper the
372,Reality Bites (1994),Comedy|Drama,reality bites
373,Red Rock West (1992),Thriller,red rock west
374,Richie Rich (1994),Children's|Comedy,richie rich
375,Safe Passage (1994),Drama,safe passage
376,"River Wild, The (1994)",Action|Thriller,river wild the
377,Speed (1994),Action|Romance|Thriller,speed
378,Speechless (1994),Comedy|Romance,speechless
379,Timecop (1994),Action|Sci-Fi,timecop
380,True Lies (1994),Action|Adventure|Comedy|Romance,true lies
381,When a Man Loves a Woman (1994),Drama,when a man loves a woman
382,Wolf (1994),Drama|Horror,wolf
383,Wyatt Earp (1994),Western,wyatt earp
384,Bad Company (1995),Action,bad company
385,"Man of No Importance, A (1994)",Drama,man of no importance a
386,S.F.W. (1994),Drama,sfw
387,"Low Down Dirty Shame, A (1994)",Action|Comedy,low down dirty shame a
388,Boys Life (1995),Drama,boys life
389,"Colonel Chabert, Le (1994)",Drama|Romance|War,colonel chabert le
390,Faster Pussycat! Kill! Kill! (1965),Action|Comedy|Drama,faster pussycat kill kill
391,Jason's Lyric (1994),Crime|Drama,jasons lyric
392,"Secret Adventures of Tom Thumb, The (1993)",Adventure|Children's,secret adventures of tom thumb the
393,Street Fighter (1994),Action,street fighter
394,Coldblooded (1995),Action,coldblooded
395,Desert Winds (1995),Drama,desert winds
396,Fall Time (1995),Drama,fall time
397,"Fear, The (1995)",Horror,fear the
398,Frank and Ollie (1995),Documentary,frank and ollie
399,Girl in the Cadillac (1995),Drama,girl in the cadillac
400,Homage (1995),Drama,homage
401,Mirage (1995),Action|Thriller,mirage
402,Open Season (1996),Comedy,open season
403,Two Crimes (1995),Comedy|Crime|Drama,two crimes
404,Brother Minister: The Assassination of Malcolm X (1994),Documentary,brother minister the assassination of malcolm x
405,Highlander III: The Sorcerer (1994),Action|Sci-Fi,highlander iii the sorcerer
406,Federal Hill (1994),Drama,federal hill
407,In the Mouth of Madness (1995),Horror|Thriller,in the mouth of madness
408,8 Seconds (1994),Drama,8 seconds
409,Above the Rim (1994),Drama,above the rim
410,Addams Family Values (1993),Comedy,addams family values
411,You So Crazy (1994),Comedy,you so crazy
412,"Age of Innocence, The (1993)",Drama,age of innocence the
413,Airheads (1994),Comedy,airheads
414,"Air Up There, The (1994)",Comedy,air up there the
415,Another Stakeout (1993),Comedy|Thriller,another stakeout
416,Bad Girls (1994),Western,bad girls
417,Barcelona (1994),Comedy|Romance,barcelona
418,Being Human (1993),Drama,being human
419,"Beverly Hillbillies, The (1993)",Comedy,beverly hillbillies the
420,Beverly Hills Cop III (1994),Action|Comedy,beverly hills cop iii
421,Black Beauty (1994),Adventure|Children's,black beauty
422,Blink (1994),Thriller,blink
423,Blown Away (1994),Action|Thriller,blown away
424,Blue Chips (1994),Drama,blue chips
425,Blue Sky (1994),Drama|Romance,blue sky
426,Body Snatchers (1993),Horror|Sci-Fi|Thriller,body snatchers
427,Boxing Helena (1993),Mystery|Romance|Thriller,boxing helena
428,"Bronx Tale, A (1993)",Drama,bronx tale a
429,Cabin Boy (1994),Comedy,cabin boy
430,Calendar Girl (1993),Drama,calendar girl
431,Carlito's Way (1993),Crime|Drama,carlitos way
432,City Slickers II: The Legend of Curly's Gold (1994),Comedy|Western,city slickers ii the legend of curlys gold
433,Clean Slate (1994),Comedy,clean slate
434,Cliffhanger (1993),Action|Adventure|Crime,cliffhanger
435,Coneheads (1993),Comedy|Sci-Fi,coneheads
436,Color of Night (1994),Drama|Thriller,color of night
437,Cops and Robbersons (1994),Comedy,cops and robbersons
438,"Cowboy Way, The (1994)",Action|Comedy,cowboy way the
439,Dangerous Game (1993),Drama,dangerous game
440,Dave (1993),Comedy|Romance,dave
441,Dazed and Confused (1993),Comedy,dazed and confused
442,Demolition Man (1993),Action|Sci-Fi,demolition man
443,"Endless Summer 2, The (1994)",Documentary,endless summer 2 the
444,Even Cowgirls Get the Blues (1993),Comedy|Romance,even cowgirls get the blues
445,Fatal Instinct (1993),Comedy,fatal instinct
446,Farewell My Concubine (1993),Drama|Romance,farewell my concubine
447,"Favor, The (1994)",Comedy|Romance,favor the
448,Fearless (1993),Drama,fearless
449,Fear of a Black Hat (1993),Comedy,fear of a black hat
450,With Honors (1994),Comedy|Drama,with honors
451,Flesh and Bone (1993),Drama|Mystery|Romance,flesh and bone
452,Widows' Peak (1994),Drama,widows peak
453,For Love or Money (1993),Comedy,for love or money
454,"Firm, The (1993)",Drama|Thriller,firm the
455,Free Willy (1993),Adventure|Children's|Drama,free willy
456,Fresh (1994),Drama,fresh
457,"Fugitive, The (1993)",Action|Thriller,fugitive the
458,Geronimo: An American Legend (1993),Drama|Western,geronimo an american legend
459,"Getaway, The (1994)",Action,getaway the
460,Getting Even with Dad (1994),Comedy,getting even with dad
461,Go Fish (1994),Drama|Romance,go fish
462,"Good Man in Africa, A (1994)",Action|Adventure,good man in africa a
463,Guilty as Sin (1993),Crime|Drama|Thriller,guilty as sin
464,Hard Target (1993),Action|Adventure|Crime|Thriller,hard target
465,Heaven & Earth (1993),Action|Drama|War,heaven  earth
466,Hot Shots! Part Deux (1993),Action|Comedy|War,hot shots part deux
467,Live Nude Girls (1995),Comedy,live nude girls
468,"Englishman Who Went Up a Hill, But Came Down a Mountain, The (1995)",Comedy|Romance,englishman who went up a hill but came down a mountain the
469,"House of the Spirits, The (1993)",Drama|Romance,house of the spirits the
470,House Party 3 (1994),Comedy,house party 3
471,"Hudsucker Proxy, The (1994)",Comedy|Romance,hudsucker proxy the
472,I'll Do Anything (1994),Comedy|Drama,ill do anything
473,In the Army Now (1994),Comedy|War,in the army now
474,In the Line of Fire (1993),Action|Thriller,in the line of fire
475,In the Name of the Father (1993),Drama,in the name of the father
476,"Inkwell, The (1994)",Comedy|Drama,inkwell the
477,What's Love Got to Do with It? (1993),Drama,whats love got to do with it
478,Jimmy Hollywood (1994),Comedy,jimmy hollywood
479,Judgment Night (1993),Action,judgment night
480,Jurassic Park (1993),Action|Adventure|Sci-Fi,jurassic park
481,Kalifornia (1993),Drama|Thriller,kalifornia
482,Killing Zoe (1994),Thriller,killing zoe
483,King of the Hill (1993),Drama,king of the hill
484,Lassie (1994),Adventure|Children's,lassie
485,Last Action Hero (1993),Action|Comedy,last action hero
486,Life with Mikey (1993),Comedy,life with mikey
487,Lightning Jack (1994),Comedy|Western,lightning jack
488,M. Butterfly (1993),Drama,m butterfly
489,Made in America (1993),Comedy,made in america
490,Malice (1993),Thriller,malice
491,"Man Without a Face, The (1993)",Drama,man without a face the
492,Manhattan Murder Mystery (1993),Comedy|Mystery,manhattan murder mystery
493,Menace II Society (1993),Action|Crime|Drama,menace ii society
494,Executive Decision (1996),Action|Thriller,executive decision
495,In the Realm of the Senses (Ai no corrida) (1976),Drama,in the realm of the senses ai no corrida
496,What Happened Was... (1994),Comedy|Drama|Romance,what happened was
497,Much Ado About Nothing (1993),Comedy|Romance,much ado about nothing
498,Mr. Jones (1993),Drama|Romance,mr jones
499,Mr. Wonderful (1993),Comedy|Romance,mr wonderful
500,Mrs. Doubtfire (1993),Comedy,mrs doubtfire
501,Naked (1993),Drama,naked
502,"Next Karate Kid, The (1994)",Action|Children's,next karate kid the
503,"New Age, The (1994)",Drama,new age the
504,No Escape (1994),Action|Sci-Fi,no escape
505,North (1994),Comedy,north
506,Orlando (1993),Drama,orlando
507,"Perfect World, A (1993)",Action|Drama,perfect world a
508,Philadelphia (1993),Drama,philadelphia
509,"Piano, The (1993)",Drama|Romance,piano the
510,Poetic Justice (1993),Drama,poetic justice
511,"Program, The (1993)",Action|Drama,program the
512,Robert A. Heinlein's The Puppet Masters (1994),Horror|Sci-Fi,robert a heinleins the puppet masters
513,Radioland Murders (1994),Comedy|Mystery|Romance,radioland murders
514,"Ref, The (1994)",Comedy,ref the
515,"Remains of the Day, The (1993)",Drama,remains of the day the
516,Renaissance Man (1994),Comedy|Drama|War,renaissance man
517,Rising Sun (1993),Action|Drama|Mystery,rising sun
518,"Road to Wellville, The (1994)",Comedy,road to wellville the
519,Robocop 3 (1993),Sci-Fi|Thriller,robocop 3
520,Robin Hood: Men in Tights (1993),Comedy,robin hood men in tights
521,Romeo Is Bleeding (1993),Crime|Thriller,romeo is bleeding
522,Romper Stomper (1992),Action|Drama,romper stomper
523,Ruby in Paradise (1993),Drama,ruby in paradise
524,Rudy (1993),Drama,rudy
525,"Saint of Fort Washington, The (1993)",Drama,saint of fort washington the
526,"Savage Nights (Nuits fauves, Les) (1992)",Drama,savage nights nuits fauves les
527,Schindler's List (1993),Drama|War,schindlers list
528,"Scout, The (1994)",Drama,scout the
529,Searching for Bobby Fischer (1993),Drama,searching for bobby fischer
530,Second Best (1994),Drama,second best
531,"Secret Garden, The (1993)",Children's|Drama,secret garden the
532,Serial Mom (1994),Comedy|Crime|Horror,serial mom
533,"Shadow, The (1994)",Action,shadow the
534,Shadowlands (1993),Drama|Romance,shadowlands
535,Short Cuts (1993),Drama,short cuts
536,"Simple Twist of Fate, A (1994)",Drama,simple twist of fate a
537,Sirens (1994),Comedy|Drama,sirens
538,Six Degrees of Separation (1993),Drama,six degrees of separation
539,Sleepless in Seattle (1993),Comedy|Romance,sleepless in seattle
540,Sliver (1993),Thriller,sliver
541,Blade Runner (1982),Film-Noir|Sci-Fi,blade runner
542,Son in Law (1993),Comedy,son in law
543,So I Married an Axe Murderer (1993),Comedy|Romance|Thriller,so i married an axe murderer
544,Striking Distance (1993),Action,striking distance
545,Harlem (1993),Drama,harlem
546,Super Mario Bros. (1993),Action|Adventure|Children's|Sci-Fi,super mario bros
547,Surviving the Game (1994),Action|Adventure|Thriller,surviving the game
548,Terminal Velocity (1994),Action,terminal velocity
549,Thirty-Two Short Films About Glenn Gould (1993),Documentary,thirtytwo short films about glenn gould
550,Threesome (1994),Comedy|Romance,threesome
551,"Nightmare Before Christmas, The (1993)",Children's|Comedy|Musical,nightmare before christmas the
552,"Three Musketeers, The (1993)",Action|Adventure|Comedy,three musketeers the
553,Tombstone (1993),Western,tombstone
554,Trial by Jury (1994),Thriller,trial by jury
555,True Romance (1993),Action|Crime|Romance,true romance
556,"War Room, The (1993)",Documentary,war room the
557,Mamma Roma (1962),Drama,mamma roma
558,"Pagemaster, The (1994)",Action|Adventure|Animation|Children's|Fantasy,pagemaster the
559,"Paris, France (1993)",Comedy,paris france
560,"Beans of Egypt, Maine, The (1994)",Drama,beans of egypt maine the
561,Killer (Bulletproof Heart) (1994),Thriller,killer bulletproof heart
562,Welcome to the Dollhouse (1995),Comedy|Drama,welcome to the dollhouse
563,Germinal (1993),Drama,germinal
564,Chasers (1994),Comedy,chasers
565,Cronos (1992),Horror,cronos
566,Naked in New York (1994),Comedy|Romance,naked in new york
567,Kika (1993),Drama,kika
568,Bhaji on the Beach (1993),Comedy|Drama,bhaji on the beach
569,Little Big League (1994),Children's|Comedy,little big league
570,"Slingshot, The (Kådisbellan ) (1993)",Comedy|Drama,slingshot the kdisbellan
571,"Wedding Gift, The (1994)",Drama,wedding gift the
572,Foreign Student (1994),Drama,foreign student
573,"Ciao, Professore! (Io speriamo che me la cavo ) (1993)",Drama,ciao professore io speriamo che me la cavo
574,Spanking the Monkey (1994),Comedy|Drama,spanking the monkey
575,"Little Rascals, The (1994)",Children's|Comedy,little rascals the
576,Fausto (1993),Comedy,fausto
577,Andre (1994),Adventure|Children's,andre
578,"Hour of the Pig, The (1993)",Drama|Mystery,hour of the pig the
579,"Scorta, La (1993)",Thriller,scorta la
580,Princess Caraboo (1994),Drama,princess caraboo
581,"Celluloid Closet, The (1995)",Documentary,celluloid closet the
582,Metisse (Café au Lait) (1993),Comedy,metisse caf au lait
583,Dear Diary (Caro Diario) (1994),Comedy|Drama,dear diary caro diario
584,I Don't Want to Talk About It (De eso no se habla) (1993),Drama,i dont want to talk about it de eso no se habla
585,"Brady Bunch Movie, The (1995)",Comedy,brady bunch movie the
586,Home Alone (1990),Children's|Comedy,home alone
587,Ghost (1990),Comedy|Romance|Thriller,ghost
588,Aladdin (1992),Animation|Children's|Comedy|Musical,aladdin
589,Terminator 2: Judgment Day (1991),Action|Sci-Fi|Thriller,terminator 2 judgment day
590,Dances with Wolves (1990),Adventure|Drama|Western,dances with wolves
591,Tough and Deadly (1995),Action|Drama|Thriller,tough and deadly
592,Batman (1989),Action|Adventure|Crime|Drama,batman
593,"Silence of the Lambs, The (1991)",Drama|Thriller,silence of the lambs the
594,Snow White and the Seven Dwarfs (1937),Animation|Children's|Musical,snow white and the seven dwarfs
595,Beauty and the Beast (1991),Animation|Children's|Musical,beauty and the beast
596,Pinocchio (1940),Animation|Children's,pinocchio
597,Pretty Woman (1990),Comedy|Romance,pretty woman
598,Window to Paris (1994),Comedy,window to paris
599,"Wild Bunch, The (1969)",Western,wild bunch the
600,Love and a .45 (1994),Thriller,love and a 45
601,"Wooden Man's Bride, The (Wu Kui) (1994)",Drama,wooden mans bride the wu kui
602,"Great Day in Harlem, A (1994)",Documentary,great day in harlem a
603,"Bye Bye, Love (1995)",Comedy,bye bye love
604,Criminals (1996),Documentary,criminals
605,One Fine Day (1996),Drama|Romance,one fine day
606,Candyman: Farewell to the Flesh (1995),Horror,candyman farewell to the flesh
607,Century (1993),Drama,century
608,Fargo (1996),Crime|Drama|Thriller,fargo
609,Homeward Bound II: Lost in San Francisco (1996),Adventure|Children's,homeward bound ii lost in san francisco
610,Heavy Metal (1981),Action|Adventure|Animation|Horror|Sci-Fi,heavy metal
611,Hellraiser: Bloodline (1996),Action|Horror|Sci-Fi,hellraiser bloodline
612,"Pallbearer, The (1996)",Comedy,pallbearer the
613,Jane Eyre (1996),Drama|Romance,jane eyre
614,Loaded (1994),Drama|Thriller,loaded
615,Bread and Chocolate (Pane e cioccolata) (1973),Drama,bread and chocolate pane e cioccolata
616,"Aristocats, The (1970)",Animation|Children's,aristocats the
617,"Flower of My Secret, The (La Flor de Mi Secreto) (1995)",Drama,flower of my secret the la flor de mi secreto
618,Two Much (1996),Comedy|Romance,two much
619,Ed (1996),Comedy,ed
620,Scream of Stone (Schrei aus Stein) (1991),Drama,scream of stone schrei aus stein
621,My Favorite Season (1993),Drama,my favorite season
623,"Modern Affair, A (1995)",Romance,modern affair a
624,Condition Red (1995),Action|Drama|Thriller,condition red
625,Asfour Stah (1990),Drama,asfour stah
626,"Thin Line Between Love and Hate, A (1996)",Comedy,thin line between love and hate a
627,"Last Supper, The (1995)",Drama|Thriller,last supper the
628,Primal Fear (1996),Drama|Thriller,primal fear
629,Rude (1995),Drama,rude
630,Carried Away (1996),Drama|Romance,carried away
631,All Dogs Go to Heaven 2 (1996),Animation|Children's|Musical,all dogs go to heaven 2
632,Land and Freedom (Tierra y libertad) (1995),War,land and freedom tierra y libertad
633,Denise Calls Up (1995),Comedy,denise calls up
634,Theodore Rex (1995),Comedy,theodore rex
635,"Family Thing, A (1996)",Comedy|Drama,family thing a
636,Frisk (1995),Drama,frisk
637,Sgt. Bilko (1996),Comedy,sgt bilko
638,Jack and Sarah (1995),Romance,jack and sarah
639,Girl 6 (1996),Comedy,girl 6
640,Diabolique (1996),Drama|Thriller,diabolique
641,"Little Indian, Big City (Un indien dans la ville) (1994)",Comedy,little indian big city un indien dans la ville
642,Roula (1995),Drama,roula
643,Peanuts - Die Bank zahlt alles (1996),Comedy,peanuts  die bank zahlt alles
644,Happy Weekend (1996),Comedy,happy weekend
645,Nelly & Monsieur Arnaud (1995),Drama,nelly  monsieur arnaud
647,Courage Under Fire (1996),Drama|War,courage under fire
648,Mission: Impossible (1996),Action|Adventure|Mystery,mission impossible
649,Cold Fever (Á köldum klaka) (1994),Comedy|Drama,cold fever  kldum klaka
650,Moll Flanders (1996),Drama,moll flanders
651,"Superweib, Das (1996)",Comedy,superweib das
652,"301, 302 (1995)",Mystery,301 302
653,Dragonheart (1996),Action|Adventure|Fantasy,dragonheart
654,Und keiner weint mir nach (1996),Drama|Romance,und keiner weint mir nach
655,Mutters Courage (1995),Comedy,mutters courage
656,Eddie (1996),Comedy,eddie
657,Yankee Zulu (1994),Comedy|Drama,yankee zulu
658,Billy's Holiday (1995),Drama,billys holiday
659,Purple Noon (1960),Crime|Thriller,purple noon
660,August (1996),Drama,august
661,James and the Giant Peach (1996),Animation|Children's|Musical,james and the giant peach
662,Fear (1996),Thriller,fear
663,Kids in the Hall: Brain Candy (1996),Comedy,kids in the hall brain candy
664,Faithful (1996),Comedy,faithful
665,Underground (1995),War,underground
666,All Things Fair (1996),Drama,all things fair
667,Bloodsport 2 (1995),Action,bloodsport 2
668,Pather Panchali (1955),Drama,pather panchali
669,Aparajito (1956),Drama,aparajito
670,"World of Apu, The (Apur Sansar) (1959)",Drama,world of apu the apur sansar
671,Mystery Science Theater 3000: The Movie (1996),Comedy|Sci-Fi,mystery science theater 3000 the movie
672,Tarantella (1995),Drama,tarantella
673,Space Jam (1996),Adventure|Animation|Children's|Comedy|Fantasy,space jam
674,Barbarella (1968),Adventure|Sci-Fi,barbarella
675,Hostile Intentions (1994),Action|Drama|Thriller,hostile intentions
676,They Bite (1996),Drama,they bite
678,Some Folks Call It a Sling Blade (1993),Drama|Thriller,some folks call it a sling blade
679,"Run of the Country, The (1995)",Drama,run of the country the
680,Alphaville (1965),Sci-Fi,alphaville
681,Clean Slate (Coup de Torchon) (1981),Crime,clean slate coup de torchon
682,Tigrero: A Film That Was Never Made (1994),Documentary|Drama,tigrero a film that was never made
683,"Eye of Vichy, The (Oeil de Vichy, L') (1993)",Documentary,eye of vichy the oeil de vichy l
684,Windows (1980),Drama,windows
685,It's My Party (1995),Drama,its my party
687,Country Life (1994),Drama|Romance,country life
688,Operation Dumbo Drop (1995),Action|Adventure|Comedy|War,operation dumbo drop
690,"Promise, The (Versprechen, Das) (1994)",Romance,promise the versprechen das
691,Mrs. Winterbourne (1996),Comedy|Romance,mrs winterbourne
692,Solo (1996),Action|Sci-Fi|Thriller,solo
693,Under the Domin Tree (Etz Hadomim Tafus) (1994),Drama,under the domin tree etz hadomim tafus
694,"Substitute, The (1996)",Action,substitute the
695,True Crime (1995),Mystery|Thriller,true crime
696,Butterfly Kiss (1995),Thriller,butterfly kiss
697,Feeling Minnesota (1996),Drama|Romance,feeling minnesota
698,Delta of Venus (1994),Drama,delta of venus
699,To Cross the Rubicon (1991),Drama,to cross the rubicon
700,Angus (1995),Comedy,angus
701,Daens (1992),Drama,daens
702,Faces (1968),Drama,faces
703,Boys (1996),Drama,boys
704,"Quest, The (1996)",Action|Adventure,quest the
705,Cosi (1996),Comedy,cosi
706,Sunset Park (1996),Drama,sunset park
707,Mulholland Falls (1996),Crime|Film-Noir|Thriller,mulholland falls
708,"Truth About Cats & Dogs, The (1996)",Comedy|Romance,truth about cats  dogs the
709,Oliver & Company (1988),Animation|Children's,oliver  company
710,Celtic Pride (1996),Comedy,celtic pride
711,Flipper (1996),Adventure|Children's,flipper
712,Captives (1994),Drama,captives
713,Of Love and Shadows (1994),Drama,of love and shadows
714,Dead Man (1995),Western,dead man
715,"Horseman on the Roof, The (Hussard sur le toit, Le) (1995)",Drama,horseman on the roof the hussard sur le toit le
716,Switchblade Sisters (1975),Crime,switchblade sisters
717,Mouth to Mouth (Boca a boca) (1995),Comedy,mouth to mouth boca a boca
718,"Visitors, The (Les Visiteurs) (1993)",Comedy|Sci-Fi,visitors the les visiteurs
719,Multiplicity (1996),Comedy,multiplicity
720,Wallace & Gromit: The Best of Aardman Animation (1996),Animation,wallace  gromit the best of aardman animation
721,Halfmoon (Paul Bowles - Halbmond) (1995),Drama,halfmoon paul bowles  halbmond
722,"Haunted World of Edward D. Wood Jr., The (1995)",Documentary,haunted world of edward d wood jr the
723,Two Friends (1986),Drama,two friends
724,"Craft, The (1996)",Drama|Horror,craft the
725,"Great White Hype, The (1996)",Comedy,great white hype the
726,Last Dance (1996),Drama,last dance
727,War Stories (1995),Documentary,war stories
728,Cold Comfort Farm (1995),Comedy,cold comfort farm
729,"Institute Benjamenta, or This Dream People Call Human Life (1995)",Drama,institute benjamenta or this dream people call human life
730,"Low Life, The (1994)",Drama,low life the
731,Heaven's Prisoners (1996),Mystery|Thriller,heavens prisoners
732,Original Gangstas (1996),Crime,original gangstas
733,"Rock, The (1996)",Action|Adventure|Thriller,rock the
734,Getting Away With Murder (1996),Comedy,getting away with murder
735,Cemetery Man (Dellamorte Dellamore) (1994),Comedy|Horror,cemetery man dellamorte dellamore
736,Twister (1996),Action|Adventure|Romance|Thriller,twister
737,Barb Wire (1996),Action|Sci-Fi,barb wire
738,"Garcu, Le (1995)",Drama,garcu le
739,Honigmond (1996),Comedy,honigmond
741,Ghost in the Shell (Kokaku kidotai) (1995),Animation|Sci-Fi,ghost in the shell kokaku kidotai
742,Thinner (1996),Horror|Thriller,thinner
743,Spy Hard (1996),Comedy,spy hard
744,Brothers in Trouble (1995),Drama,brothers in trouble
745,"Close Shave, A (1995)",Animation|Comedy|Thriller,close shave a
746,Force of Evil (1948),Film-Noir,force of evil
747,"Stupids, The (1996)",Comedy,stupids the
748,"Arrival, The (1996)",Action|Sci-Fi|Thriller,arrival the
749,"Man from Down Under, The (1943)",Drama,man from down under the
750,Dr. Strangelove or: How I Learned to Stop Worrying and Love the Bomb (1963),Sci-Fi|War,dr strangelove or how i learned to stop worrying and love the bomb
751,Careful (1992),Comedy,careful
752,Vermont Is For Lovers (1992),Comedy|Romance,vermont is for lovers
753,"Month by the Lake, A (1995)",Comedy|Drama,month by the lake a
754,Gold Diggers: The Secret of Bear Mountain (1995),Adventure|Children's,gold diggers the secret of bear mountain
755,Kim (1950),Children's|Drama,kim
756,Carmen Miranda: Bananas Is My Business (1994),Documentary,carmen miranda bananas is my business
757,Ashes of Time (1994),Drama,ashes of time
758,"Jar, The (Khomreh) (1992)",Drama,jar the khomreh
759,Maya Lin: A Strong Clear Vision (1994),Documentary,maya lin a strong clear vision
760,Stalingrad (1993),War,stalingrad
761,"Phantom, The (1996)",Adventure,phantom the
762,Striptease (1996),Comedy|Crime,striptease
763,"Last of the High Kings, The (a.k.a. Summer Fling) (1996)",Drama,last of the high kings the aka summer fling
764,Heavy (1995),Drama|Romance,heavy
765,Jack (1996),Comedy|Drama,jack
766,I Shot Andy Warhol (1996),Drama,i shot andy warhol
767,"Grass Harp, The (1995)",Drama,grass harp the
768,Someone Else's America (1995),Drama,someone elses america
769,Marlene Dietrich: Shadow and Light (1996),Documentary,marlene dietrich shadow and light
770,Costa Brava (1946),Drama,costa brava
771,"Vie est belle, La (Life is Rosey) (1987)",Comedy|Drama,vie est belle la life is rosey
772,Quartier Mozart (1992),Comedy,quartier mozart
773,Touki Bouki (Journey of the Hyena) (1973),Drama,touki bouki journey of the hyena
774,Wend Kuuni (God's Gift) (1982),Drama,wend kuuni gods gift
775,Spirits of the Dead (Tre Passi nel Delirio) (1968),Horror,spirits of the dead tre passi nel delirio
776,Babyfever (1994),Comedy|Drama,babyfever
777,Pharaoh's Army (1995),War,pharaohs army
778,Trainspotting (1996),Drama,trainspotting
779,'Til There Was You (1997),Drama|Romance,til there was you
780,Independence Day (ID4) (1996),Action|Sci-Fi|War,independence day id4
781,Stealing Beauty (1996),Drama,stealing beauty
782,"Fan, The (1996)",Thriller,fan the
783,"Hunchback of Notre Dame, The (1996)",Animation|Children's|Musical,hunchback of notre dame the
784,"Cable Guy, The (1996)",Comedy,cable guy the
785,Kingpin (1996),Comedy,kingpin
786,Eraser (1996),Action|Thriller,eraser
787,"Gate of Heavenly Peace, The (1995)",Documentary,gate of heavenly peace the
788,"Nutty Professor, The (1996)",Comedy|Fantasy|Romance|Sci-Fi,nutty professor the
789,"I, Worst of All (Yo, la peor de todas) (1990)",Drama,i worst of all yo la peor de todas
790,An Unforgettable Summer (1994),Drama,an unforgettable summer
791,"Last Klezmer: Leopold Kozlowski, His Life and Music, The (1995)",Documentary,last klezmer leopold kozlowski his life and music the
792,"Hungarian Fairy Tale, A (1987)",Fantasy,hungarian fairy tale a
793,My Life and Times With Antonin Artaud (En compagnie d'Antonin Artaud) (1993),Drama,my life and times with antonin artaud en compagnie dantonin artaud
794,Midnight Dancers (Sibak) (1994),Comedy|Drama,midnight dancers sibak
795,Somebody to Love (1994),Drama,somebody to love
796,"Very Natural Thing, A (1974)",Drama,very natural thing a
797,"Old Lady Who Walked in the Sea, The (Vieille qui marchait dans la mer, La) (1991)",Comedy,old lady who walked in the sea the vieille qui marchait dans la mer la
798,Daylight (1996),Action|Adventure|Thriller,daylight
799,"Frighteners, The (1996)",Comedy|Horror,frighteners the
800,Lone Star (1996),Drama|Mystery,lone star
801,Harriet the Spy (1996),Children's|Comedy,harriet the spy
802,Phenomenon (1996),Drama|Romance,phenomenon
803,Walking and Talking (1996),Romance,walking and talking
804,She's the One (1996),Comedy|Romance,shes the one
805,"Time to Kill, A (1996)",Drama,time to kill a
806,American Buffalo (1996),Drama,american buffalo
807,"Rendezvous in Paris (Rendez-vous de Paris, Les) (1995)",Comedy|Romance,rendezvous in paris rendezvous de paris les
808,Alaska (1996),Adventure|Children's,alaska
809,Fled (1996),Action|Adventure,fled
810,Kazaam (1996),Children's|Comedy|Fantasy,kazaam
811,"Bewegte Mann, Der (1994)",Comedy,bewegte mann der
812,Magic Hunter (1994),Drama,magic hunter
813,Larger Than Life (1996),Comedy,larger than life
814,"Boy Called Hate, A (1995)",Drama,boy called hate a
815,Power 98 (1995),Action|Mystery|Thriller,power 98
816,Two Deaths (1995),Drama,two deaths
818,"Very Brady Sequel, A (1996)",Comedy,very brady sequel a
819,Stefano Quantestorie (1993),Comedy|Drama,stefano quantestorie
820,"Death in the Garden (Mort en ce jardin, La) (1956)",Drama,death in the garden mort en ce jardin la
821,"Crude Oasis, The (1995)",Romance,crude oasis the
822,Hedd Wyn (1992),Drama,hedd wyn
823,"Collectionneuse, La (1967)",Drama,collectionneuse la
824,Kaspar Hauser (1993),Drama,kaspar hauser
825,Echte Kerle (1996),Comedy|Romance,echte kerle
826,Diebinnen (1995),Drama,diebinnen
827,"Convent, The (Convento, O) (1995)",Drama,convent the convento o
828,"Adventures of Pinocchio, The (1996)",Adventure|Children's,adventures of pinocchio the
829,Joe's Apartment (1996),Comedy|Musical,joes apartment
830,"First Wives Club, The (1996)",Comedy,first wives club the
831,Stonewall (1995),Drama,stonewall
832,Ransom (1996),Drama|Thriller,ransom
833,High School High (1996),Comedy,high school high
834,Phat Beach (1996),Comedy,phat beach
835,Foxfire (1996),Drama,foxfire
836,Chain Reaction (1996),Action|Adventure|Thriller,chain reaction
837,Matilda (1996),Children's|Comedy,matilda
838,Emma (1996),Comedy|Drama|Romance,emma
839,"Crow: City of Angels, The (1996)",Action|Thriller,crow city of angels the
840,House Arrest (1996),Comedy,house arrest
841,Eyes Without a Face (1959),Horror,eyes without a face
842,Tales from the Crypt Presents: Bordello of Blood (1996),Horror,tales from the crypt presents bordello of blood
843,Lotto Land (1995),Drama,lotto land
844,"Story of Xinghua, The (1993)",Drama,story of xinghua the
845,"Day the Sun Turned Cold, The (Tianguo niezi) (1994)",Drama,day the sun turned cold the tianguo niezi
846,Flirt (1995),Drama,flirt
847,"Big Squeeze, The (1996)",Comedy|Drama,big squeeze the
848,"Spitfire Grill, The (1996)",Drama,spitfire grill the
849,Escape from L.A. (1996),Action|Adventure|Sci-Fi|Thriller,escape from la
850,Cyclo (1995),Crime|Drama,cyclo
851,Basquiat (1996),Drama,basquiat
852,Tin Cup (1996),Comedy|Romance,tin cup
853,Dingo (1992),Drama,dingo
854,"Ballad of Narayama, The (Narayama Bushiko) (1958)",Drama,ballad of narayama the narayama bushiko
855,Every Other Weekend (1990),Drama,every other weekend
856,Mille bolle blu (1993),Comedy,mille bolle blu
857,Crows and Sparrows (1949),Drama,crows and sparrows
858,"Godfather, The (1972)",Action|Crime|Drama,godfather the
859,"Hippie Revolution, The (1996)",Documentary,hippie revolution the
860,"Maybe, Maybe Not (Bewegte Mann, Der) (1994)",Comedy,maybe maybe not bewegte mann der
861,Supercop (1992),Action|Thriller,supercop
862,Manny & Lo (1996),Drama,manny  lo
863,Celestial Clockwork (1994),Comedy,celestial clockwork
864,"Wife, The (1995)",Comedy|Drama,wife the
865,Small Faces (1995),Drama,small faces
866,Bound (1996),Crime|Drama|Romance|Thriller,bound
867,Carpool (1996),Comedy|Crime,carpool
868,Death in Brunswick (1991),Comedy,death in brunswick
869,Kansas City (1996),Crime,kansas city
870,Gone Fishin' (1997),Comedy,gone fishin
871,Lover's Knot (1996),Comedy,lovers knot
872,Aiqing wansui (1994),Drama,aiqing wansui
873,Shadow of Angels (Schatten der Engel) (1976),Drama,shadow of angels schatten der engel
874,Killer: A Journal of Murder (1995),Crime|Drama,killer a journal of murder
875,Nothing to Lose (1994),Drama,nothing to lose
876,Police Story 4: Project S (Chao ji ji hua) (1993),Action,police story 4 project s chao ji ji hua
877,Girls Town (1996),Drama,girls town
878,Bye-Bye (1995),Drama,byebye
879,"Relic, The (1997)",Horror,relic the
880,"Island of Dr. Moreau, The (1996)",Sci-Fi|Thriller,island of dr moreau the
881,First Kid (1996),Children's|Comedy,first kid
882,"Trigger Effect, The (1996)",Drama|Thriller,trigger effect the
884,Sweet Nothing (1995),Drama,sweet nothing
885,Bogus (1996),Children's|Drama|Fantasy,bogus
886,Bulletproof (1996),Action,bulletproof
887,Talk of Angels (1998),Drama,talk of angels
888,Land Before Time III: The Time of the Great Giving (1995),Animation|Children's,land before time iii the time of the great giving
889,1-900 (1994),Romance,1900
890,Baton Rouge (1988),Thriller,baton rouge
891,Halloween: The Curse of Michael Myers (1995),Horror|Thriller,halloween the curse of michael myers
892,Twelfth Night (1996),Comedy|Drama|Romance,twelfth night
893,Mother Night (1996),Drama,mother night
894,Liebelei (1933),Romance,liebelei
895,Venice/Venice (1992),Drama,venicevenice
896,Wild Reeds (1994),Drama,wild reeds
897,For Whom the Bell Tolls (1943),Adventure|War,for whom the bell tolls
898,"Philadelphia Story, The (1940)",Comedy|Romance,philadelphia story the
899,Singin' in the Rain (1952),Musical|Romance,singin in the rain
900,"American in Paris, An (1951)",Musical|Romance,american in paris an
901,Funny Face (1957),Comedy|Musical,funny face
902,Breakfast at Tiffany's (1961),Drama|Romance,breakfast at tiffanys
903,Vertigo (1958),Mystery|Thriller,vertigo
904,Rear Window (1954),Mystery|Thriller,rear window
905,It Happened One Night (1934),Comedy,it happened one night
906,Gaslight (1944),Mystery|Thriller,gaslight
907,"Gay Divorcee, The (1934)",Comedy|Musical|Romance,gay divorcee the
908,North by Northwest (1959),Drama|Thriller,north by northwest
909,"Apartment, The (1960)",Comedy|Drama,apartment the
910,Some Like It Hot (1959),Comedy|Crime,some like it hot
911,Charade (1963),Comedy|Mystery|Romance|Thriller,charade
912,Casablanca (1942),Drama|Romance|War,casablanca
913,"Maltese Falcon, The (1941)",Film-Noir|Mystery,maltese falcon the
914,My Fair Lady (1964),Musical|Romance,my fair lady
915,Sabrina (1954),Comedy|Romance,sabrina
916,Roman Holiday (1953),Comedy|Romance,roman holiday
917,"Little Princess, The (1939)",Children's|Drama,little princess the
918,Meet Me in St. Louis (1944),Musical,meet me in st louis
919,"Wizard of Oz, The (1939)",Adventure|Children's|Drama|Musical,wizard of oz the
920,Gone with the Wind (1939),Drama|Romance|War,gone with the wind
921,My Favorite Year (1982),Comedy,my favorite year
922,Sunset Blvd. (a.k.a. Sunset Boulevard) (1950),Film-Noir,sunset blvd aka sunset boulevard
923,Citizen Kane (1941),Drama,citizen kane
924,2001: A Space Odyssey (1968),Drama|Mystery|Sci-Fi|Thriller,2001 a space odyssey
925,Golden Earrings (1947),Adventure|Romance,golden earrings
926,All About Eve (1950),Drama,all about eve
927,"Women, The (1939)",Comedy,women the
928,Rebecca (1940),Romance|Thriller,rebecca
929,Foreign Correspondent (1940),Thriller,foreign correspondent
930,Notorious (1946),Film-Noir|Romance|Thriller,notorious
931,Spellbound (1945),Mystery|Romance|Thriller,spellbound
932,"Affair to Remember, An (1957)",Romance,affair to remember an
933,To Catch a Thief (1955),Comedy|Romance|Thriller,to catch a thief
934,Father of the Bride (1950),Comedy,father of the bride
935,"Band Wagon, The (1953)",Comedy|Musical,band wagon the
936,Ninotchka (1939),Comedy|Romance,ninotchka
937,Love in the Afternoon (1957),Comedy|Romance,love in the afternoon
938,Gigi (1958),Musical,gigi
939,"Reluctant Debutante, The (1958)",Comedy|Drama,reluctant debutante the
940,"Adventures of Robin Hood, The (1938)",Action|Adventure,adventures of robin hood the
941,"Mark of Zorro, The (1940)",Adventure,mark of zorro the
942,Laura (1944),Crime|Film-Noir|Mystery,laura
943,"Ghost and Mrs. Muir, The (1947)",Drama|Romance,ghost and mrs muir the
944,Lost Horizon (1937),Drama,lost horizon
945,Top Hat (1935),Comedy|Musical|Romance,top hat
946,To Be or Not to Be (1942),Comedy|Drama|War,to be or not to be
947,My Man Godfrey (1936),Comedy,my man godfrey
948,Giant (1956),Drama,giant
949,East of Eden (1955),Drama,east of eden
950,"Thin Man, The (1934)",Mystery,thin man the
951,His Girl Friday (1940),Comedy,his girl friday
952,Around the World in 80 Days (1956),Adventure|Comedy,around the world in 80 days
953,It's a Wonderful Life (1946),Drama,its a wonderful life
954,Mr. Smith Goes to Washington (1939),Drama,mr smith goes to washington
955,Bringing Up Baby (1938),Comedy,bringing up baby
956,Penny Serenade (1941),Drama|Romance,penny serenade
957,"Scarlet Letter, The (1926)",Drama,scarlet letter the
958,Lady of Burlesque (1943),Comedy|Mystery,lady of burlesque
959,Of Human Bondage (1934),Drama,of human bondage
960,Angel on My Shoulder (1946),Crime|Drama,angel on my shoulder
961,Little Lord Fauntleroy (1936),Drama,little lord fauntleroy
962,They Made Me a Criminal (1939),Crime|Drama,they made me a criminal
963,"Inspector General, The (1949)",Musical,inspector general the
964,Angel and the Badman (1947),Western,angel and the badman
965,"39 Steps, The (1935)",Thriller,39 steps the
966,"Walk in the Sun, A (1945)",Drama,walk in the sun a
967,"Outlaw, The (1943)",Western,outlaw the
968,Night of the Living Dead (1968),Horror|Sci-Fi,night of the living dead
969,"African Queen, The (1951)",Action|Adventure|Romance|War,african queen the
970,Beat the Devil (1954),Comedy|Drama,beat the devil
971,Cat on a Hot Tin Roof (1958),Drama,cat on a hot tin roof
972,"Last Time I Saw Paris, The (1954)",Drama,last time i saw paris the
973,Meet John Doe (1941),Drama,meet john doe
974,Algiers (1938),Drama|Romance,algiers
975,Something to Sing About (1937),Comedy|Musical,something to sing about
976,"Farewell to Arms, A (1932)",Romance|War,farewell to arms a
977,Moonlight Murder (1936),Mystery,moonlight murder
978,"Blue Angel, The (Blaue Engel, Der) (1930)",Drama,blue angel the blaue engel der
979,Nothing Personal (1995),Drama|War,nothing personal
980,In the Line of Duty 2 (1987),Action,in the line of duty 2
981,Dangerous Ground (1997),Drama,dangerous ground
982,Picnic (1955),Drama,picnic
983,Madagascar Skin (1995),Romance,madagascar skin
984,"Pompatus of Love, The (1996)",Comedy|Drama,pompatus of love the
985,Small Wonders (1996),Documentary,small wonders
986,Fly Away Home (1996),Adventure|Children's,fly away home
987,Bliss (1997),Drama|Romance,bliss
988,Grace of My Heart (1996),Comedy|Drama,grace of my heart
989,Schlafes Bruder (Brother of Sleep) (1995),Drama,schlafes bruder brother of sleep
990,Maximum Risk (1996),Action|Adventure|Thriller,maximum risk
991,Michael Collins (1996),Drama|War,michael collins
992,"Rich Man's Wife, The (1996)",Thriller,rich mans wife the
993,Infinity (1996),Drama,infinity
994,Big Night (1996),Drama,big night
996,Last Man Standing (1996),Action|Drama|Western,last man standing
997,Caught (1996),Drama|Thriller,caught
998,Set It Off (1996),Action|Crime,set it off
999,2 Days in the Valley (1996),Crime,2 days in the valley
1000,Curdled (1996),Crime,curdled
1001,"Associate, The (L'Associe)(1982)",Comedy,associate the lassocie
1002,Ed's Next Move (1996),Comedy,eds next move
1003,Extreme Measures (1996),Drama|Thriller,extreme measures
1004,"Glimmer Man, The (1996)",Action|Thriller,glimmer man the
1005,D3: The Mighty Ducks (1996),Children's|Comedy,d3 the mighty ducks
1006,"Chamber, The (1996)",Drama,chamber the
1007,"Apple Dumpling Gang, The (1975)",Children's|Comedy|Western,apple dumpling gang the
1008,"Davy Crockett, King of the Wild Frontier (1955)",Western,davy crockett king of the wild frontier
1009,Escape to Witch Mountain (1975),Adventure|Children's|Fantasy,escape to witch mountain
1010,"Love Bug, The (1969)",Children's|Comedy,love bug the
1011,Herbie Rides Again (1974),Adventure|Children's|Comedy,herbie rides again
1012,Old Yeller (1957),Children's|Drama,old yeller
1013,"Parent Trap, The (1961)",Children's|Drama,parent trap the
1014,Pollyanna (1960),Children's|Comedy|Drama,pollyanna
1015,Homeward Bound: The Incredible Journey (1993),Adventure|Children's,homeward bound the incredible journey
1016,"Shaggy Dog, The (1959)",Children's|Comedy,shaggy dog the
1017,Swiss Family Robinson (1960),Adventure|Children's,swiss family robinson
1018,That Darn Cat! (1965),Children's|Comedy|Mystery,that darn cat
1019,"20,000 Leagues Under the Sea (1954)",Adventure|Children's|Fantasy|Sci-Fi,20000 leagues under the sea
1020,Cool Runnings (1993),Comedy,cool runnings
1021,Angels in the Outfield (1994),Children's|Comedy,angels in the outfield
1022,Cinderella (1950),Animation|Children's|Musical,cinderella
1023,Winnie the Pooh and the Blustery Day (1968),Animation|Children's,winnie the pooh and the blustery day
1024,"Three Caballeros, The (1945)",Animation|Children's|Musical,three caballeros the
1025,"Sword in the Stone, The (1963)",Animation|Children's,sword in the stone the
1026,So Dear to My Heart (1949),Children's|Drama,so dear to my heart
1027,Robin Hood: Prince of Thieves (1991),Drama,robin hood prince of thieves
1028,Mary Poppins (1964),Children's|Comedy|Musical,mary poppins
1029,Dumbo (1941),Animation|Children's|Musical,dumbo
1030,Pete's Dragon (1977),Adventure|Animation|Children's|Musical,petes dragon
1031,Bedknobs and Broomsticks (1971),Adventure|Children's|Musical,bedknobs and broomsticks
1032,Alice in Wonderland (1951),Animation|Children's|Musical,alice in wonderland
1033,"Fox and the Hound, The (1981)",Animation|Children's,fox and the hound the
1034,Freeway (1996),Crime,freeway
1035,"Sound of Music, The (1965)",Musical,sound of music the
1036,Die Hard (1988),Action|Thriller,die hard
1037,"Lawnmower Man, The (1992)",Action|Sci-Fi|Thriller,lawnmower man the
1038,Unhook the Stars (1996),Drama,unhook the stars
1039,Synthetic Pleasures (1995),Documentary,synthetic pleasures
1040,"Secret Agent, The (1996)",Drama,secret agent the
1041,Secrets & Lies (1996),Drama,secrets  lies
1042,That Thing You Do! (1996),Comedy,that thing you do
1043,To Gillian on Her 37th Birthday (1996),Drama|Romance,to gillian on her 37th birthday
1044,Surviving Picasso (1996),Drama,surviving picasso
1045,Love Is All There Is (1996),Comedy|Drama,love is all there is
1046,Beautiful Thing (1996),Drama|Romance,beautiful thing
1047,"Long Kiss Goodnight, The (1996)",Action|Thriller,long kiss goodnight the
1049,"Ghost and the Darkness, The (1996)",Action|Adventure,ghost and the darkness the
1050,Looking for Richard (1996),Documentary|Drama,looking for richard
1051,Trees Lounge (1996),Drama,trees lounge
1052,"Proprietor, The (1996)",Drama,proprietor the
1053,Normal Life (1996),Crime|Drama,normal life
1054,Get on the Bus (1996),Drama,get on the bus
1055,Shadow Conspiracy (1997),Thriller,shadow conspiracy
1056,Jude (1996),Drama,jude
1057,Everyone Says I Love You (1996),Comedy|Musical|Romance,everyone says i love you
1058,Bitter Sugar (Azucar Amargo) (1996),Drama,bitter sugar azucar amargo
1059,William Shakespeare's Romeo and Juliet (1996),Drama|Romance,william shakespeares romeo and juliet
1060,Swingers (1996),Comedy|Drama,swingers
1061,Sleepers (1996),Crime|Drama,sleepers
1062,"Sunchaser, The (1996)",Drama,sunchaser the
1063,Johns (1996),Drama,johns
1064,Aladdin and the King of Thieves (1996),Animation|Children's|Comedy,aladdin and the king of thieves
1065,"Woman in Question, The (1950)",Mystery,woman in question the
1066,Shall We Dance? (1937),Comedy|Musical|Romance,shall we dance
1067,"Damsel in Distress, A (1937)",Comedy|Musical|Romance,damsel in distress a
1068,Crossfire (1947),Crime|Film-Noir,crossfire
1069,"Murder, My Sweet (1944)",Film-Noir|Thriller,murder my sweet
1070,Macao (1952),Adventure,macao
1071,For the Moment (1994),Romance|War,for the moment
1073,Willy Wonka and the Chocolate Factory (1971),Adventure|Children's|Comedy|Fantasy,willy wonka and the chocolate factory
1075,"Sexual Life of the Belgians, The (1994)",Comedy,sexual life of the belgians the
1076,"Innocents, The (1961)",Thriller,innocents the
1077,Sleeper (1973),Comedy|Sci-Fi,sleeper
1078,Bananas (1971),Comedy|War,bananas
1079,"Fish Called Wanda, A (1988)",Comedy,fish called wanda a
1080,Monty Python's Life of Brian (1979),Comedy,monty pythons life of brian
1081,Victor/Victoria (1982),Comedy|Musical,victorvictoria
1082,"Candidate, The (1972)",Drama,candidate the
1083,"Great Race, The (1965)",Comedy|Musical,great race the
1084,Bonnie and Clyde (1967),Crime|Drama,bonnie and clyde
1085,"Old Man and the Sea, The (1958)",Adventure|Drama,old man and the sea the
1086,Dial M for Murder (1954),Mystery|Thriller,dial m for murder
1087,Madame Butterfly (1995),Musical,madame butterfly
1088,Dirty Dancing (1987),Musical|Romance,dirty dancing
1089,Reservoir Dogs (1992),Crime|Thriller,reservoir dogs
1090,Platoon (1986),Drama|War,platoon
1091,Weekend at Bernie's (1989),Comedy,weekend at bernies
1092,Basic Instinct (1992),Mystery|Thriller,basic instinct
1093,"Doors, The (1991)",Drama|Musical,doors the
1094,"Crying Game, The (1992)",Drama|Romance|War,crying game the
1095,Glengarry Glen Ross (1992),Drama,glengarry glen ross
1096,Sophie's Choice (1982),Drama,sophies choice
1097,E.T. the Extra-Terrestrial (1982),Children's|Drama|Fantasy|Sci-Fi,et the extraterrestrial
1098,"Search for One-eye Jimmy, The (1996)",Comedy,search for oneeye jimmy the
1099,"Christmas Carol, A (1938)",Drama,christmas carol a
1100,Days of Thunder (1990),Action|Romance,days of thunder
1101,Top Gun (1986),Action|Romance,top gun
1102,American Strays (1996),Action,american strays
1103,Rebel Without a Cause (1955),Drama,rebel without a cause
1104,"Streetcar Named Desire, A (1951)",Drama,streetcar named desire a
1105,Children of the Corn IV: The Gathering (1996),Horror,children of the corn iv the gathering
1106,"Leopard Son, The (1996)",Documentary,leopard son the
1107,Loser (1991),Comedy,loser
1108,Prerokbe Ognja (1995),Documentary,prerokbe ognja
1109,Charm's Incidents (1996),Drama,charms incidents
1110,Bird of Prey (1996),Action,bird of prey
1111,Microcosmos (Microcosmos: Le peuple de l'herbe) (1996),Documentary,microcosmos microcosmos le peuple de lherbe
1112,Palookaville (1996),Action|Drama,palookaville
1113,"Associate, The (1996)",Comedy,associate the
1114,"Funeral, The (1996)",Drama,funeral the
1115,Sleepover (1995),Comedy|Drama,sleepover
1116,"Single Girl, A (La Fille Seule) (1995)",Drama,single girl a la fille seule
1117,"Eighth Day, The (Le Huitième jour ) (1996)",Drama,eighth day the le huitime jour
1118,Tashunga (1995),Adventure|Western,tashunga
1119,Drunks (1997),Drama,drunks
1120,"People vs. Larry Flynt, The (1996)",Drama,people vs larry flynt the
1121,Glory Daze (1996),Drama,glory daze
1122,Plutonium Circus (1995),Documentary,plutonium circus
1123,"Perfect Candidate, A (1996)",Documentary,perfect candidate a
1124,On Golden Pond (1981),Drama,on golden pond
1125,"Return of the Pink Panther, The (1974)",Comedy,return of the pink panther the
1126,Drop Dead Fred (1991),Comedy|Fantasy,drop dead fred
1127,"Abyss, The (1989)",Action|Adventure|Sci-Fi|Thriller,abyss the
1128,"Fog, The (1980)",Horror,fog the
1129,Escape from New York (1981),Action|Adventure|Sci-Fi|Thriller,escape from new york
1130,"Howling, The (1980)",Horror,howling the
1131,Jean de Florette (1986),Drama,jean de florette
1132,Manon of the Spring (Manon des sources) (1986),Drama,manon of the spring manon des sources
1133,Talking About Sex (1994),Comedy|Drama,talking about sex
1134,Johnny 100 Pesos (1993),Action|Drama,johnny 100 pesos
1135,Private Benjamin (1980),Comedy,private benjamin
1136,Monty Python and the Holy Grail (1974),Comedy,monty python and the holy grail
1137,Hustler White (1996),Romance,hustler white
1138,Dadetown (1995),Documentary,dadetown
1139,Everything Relative (1996),Drama,everything relative
1140,Entertaining Angels: The Dorothy Day Story (1996),Drama,entertaining angels the dorothy day story
1141,Hoogste tijd (1995),Drama,hoogste tijd
1142,Get Over It (1996),Drama,get over it
1143,Three Lives and Only One Death (1996),Comedy,three lives and only one death
1144,"Line King: Al Hirschfeld, The (1996)",Documentary,line king al hirschfeld the
1145,Snowriders (1996),Documentary,snowriders
1146,Curtis's Charm (1995),Comedy|Drama,curtiss charm
1147,When We Were Kings (1996),Documentary,when we were kings
1148,"Wrong Trousers, The (1993)",Animation|Comedy,wrong trousers the
1149,JLG/JLG - autoportrait de décembre (1994),Documentary|Drama,jlgjlg  autoportrait de dcembre
1150,"Return of Martin Guerre, The (Retour de Martin Guerre, Le) (1982)",Drama,return of martin guerre the retour de martin guerre le
1151,Faust (1994),Animation|Comedy|Thriller,faust
1152,He Walked by Night (1948),Crime|Film-Noir|Thriller,he walked by night
1153,Raw Deal (1948),Film-Noir,raw deal
1154,T-Men (1947),Film-Noir,tmen
1155,"Invitation, The (Zaproszenie) (1986)",Drama,invitation the zaproszenie
1156,"Children Are Watching us, The (Bambini ci guardano, I) (1942)",Drama,children are watching us the bambini ci guardano i
1157,"Symphonie pastorale, La (1946)",Drama,symphonie pastorale la
1158,Here Comes Cookie (1935),Comedy,here comes cookie
1159,Love in Bloom (1935),Romance,love in bloom
1160,Six of a Kind (1934),Comedy,six of a kind
1161,"Tin Drum, The (Blechtrommel, Die) (1979)",Drama,tin drum the blechtrommel die
1162,"Ruling Class, The (1972)",Comedy,ruling class the
1163,Mina Tannenbaum (1994),Drama,mina tannenbaum
1164,Two or Three Things I Know About Her (1966),Drama,two or three things i know about her
1165,"Bloody Child, The (1996)",Drama|Thriller,bloody child the
1166,Farmer & Chase (1995),Comedy,farmer  chase
1167,Dear God (1996),Comedy,dear god
1168,Bad Moon (1996),Horror,bad moon
1169,American Dream (1990),Documentary,american dream
1170,Best of the Best 3: No Turning Back (1995),Action,best of the best 3 no turning back
1171,Bob Roberts (1992),Comedy,bob roberts
1172,Cinema Paradiso (1988),Comedy|Drama|Romance,cinema paradiso
1173,"Cook the Thief His Wife & Her Lover, The (1989)",Drama,cook the thief his wife  her lover the
1174,Grosse Fatigue (1994),Comedy,grosse fatigue
1175,Delicatessen (1991),Comedy|Sci-Fi,delicatessen
1176,"Double Life of Veronique, The (La Double Vie de Véronique) (1991)",Drama,double life of veronique the la double vie de vronique
1177,Enchanted April (1991),Drama,enchanted april
1178,Paths of Glory (1957),Drama|War,paths of glory
1179,"Grifters, The (1990)",Crime|Drama|Film-Noir,grifters the
1180,Hear My Song (1991),Comedy,hear my song
1181,"Shooter, The (1995)",Action,shooter the
1183,"English Patient, The (1996)",Drama|Romance|War,english patient the
1184,Mediterraneo (1991),Comedy|War,mediterraneo
1185,My Left Foot (1989),Drama,my left foot
1186,"Sex, Lies, and Videotape (1989)",Drama,sex lies and videotape
1187,Passion Fish (1992),Drama,passion fish
1188,Strictly Ballroom (1992),Comedy|Romance,strictly ballroom
1189,"Thin Blue Line, The (1988)",Documentary,thin blue line the
1190,Tie Me Up! Tie Me Down! (1990),Drama,tie me up tie me down
1191,Madonna: Truth or Dare (1991),Documentary,madonna truth or dare
1192,Paris Is Burning (1990),Documentary,paris is burning
1193,One Flew Over the Cuckoo's Nest (1975),Drama,one flew over the cuckoos nest
1194,Up in Smoke (1978),Comedy,up in smoke
1196,Star Wars: Episode V - The Empire Strikes Back (1980),Action|Adventure|Drama|Sci-Fi|War,star wars episode v  the empire strikes back
1197,"Princess Bride, The (1987)",Action|Adventure|Comedy|Romance,princess bride the
1198,Raiders of the Lost Ark (1981),Action|Adventure,raiders of the lost ark
1199,Brazil (1985),Sci-Fi,brazil
1200,Aliens (1986),Action|Sci-Fi|Thriller|War,aliens
1201,"Good, The Bad and The Ugly, The (1966)",Action|Western,good the bad and the ugly the
1202,Withnail and I (1987),Comedy,withnail and i
1203,12 Angry Men (1957),Drama,12 angry men
1204,Lawrence of Arabia (1962),Adventure|War,lawrence of arabia
1205,"Transformers: The Movie, The (1986)",Action|Animation|Children's|Sci-Fi|Thriller|War,transformers the movie the
1206,"Clockwork Orange, A (1971)",Sci-Fi,clockwork orange a
1207,To Kill a Mockingbird (1962),Drama,to kill a mockingbird
1208,Apocalypse Now (1979),Drama|War,apocalypse now
1209,Once Upon a Time in the West (1969),Western,once upon a time in the west
1210,Star Wars: Episode VI - Return of the Jedi (1983),Action|Adventure|Romance|Sci-Fi|War,star wars episode vi  return of the jedi
1211,Wings of Desire (Der Himmel über Berlin) (1987),Comedy|Drama|Romance,wings of desire der himmel ber berlin
1212,"Third Man, The (1949)",Mystery|Thriller,third man the
1213,GoodFellas (1990),Crime|Drama,goodfellas
1214,Alien (1979),Action|Horror|Sci-Fi|Thriller,alien
1215,Army of Darkness (1993),Action|Adventure|Comedy|Horror|Sci-Fi,army of darkness
1216,"Big Blue, The (Le Grand Bleu) (1988)",Adventure|Romance,big blue the le grand bleu
1217,Ran (1985),Drama|War,ran
1218,"Killer, The (Die xue shuang xiong) (1989)",Action|Thriller,killer the die xue shuang xiong
1219,Psycho (1960),Horror|Thriller,psycho
1220,"Blues Brothers, The (1980)",Action|Comedy|Musical,blues brothers the
1221,"Godfather: Part II, The (1974)",Action|Crime|Drama,godfather part ii the
1222,Full Metal Jacket (1987),Action|Drama|War,full metal jacket
1223,"Grand Day Out, A (1992)",Animation|Comedy,grand day out a
1224,Henry V (1989),Drama|War,henry v
1225,Amadeus (1984),Drama,amadeus
1226,"Quiet Man, The (1952)",Comedy|Romance,quiet man the
1227,Once Upon a Time in America (1984),Crime|Drama|Thriller,once upon a time in america
1228,Raging Bull (1980),Drama,raging bull
1230,Annie Hall (1977),Comedy|Romance,annie hall
1231,"Right Stuff, The (1983)",Drama,right stuff the
1232,Stalker (1979),Mystery|Sci-Fi,stalker
1233,"Boat, The (Das Boot) (1981)",Action|Drama|War,boat the das boot
1234,"Sting, The (1973)",Comedy|Crime,sting the
1235,Harold and Maude (1971),Comedy,harold and maude
1236,Trust (1990),Comedy|Drama,trust
1237,"Seventh Seal, The (Sjunde inseglet, Det) (1957)",Drama,seventh seal the sjunde inseglet det
1238,Local Hero (1983),Comedy,local hero
1240,"Terminator, The (1984)",Action|Sci-Fi|Thriller,terminator the
1241,Braindead (1992),Comedy|Horror,braindead
1242,Glory (1989),Action|Drama|War,glory
1243,Rosencrantz and Guildenstern Are Dead (1990),Comedy|Drama,rosencrantz and guildenstern are dead
1244,Manhattan (1979),Comedy|Drama|Romance,manhattan
1245,Miller's Crossing (1990),Drama,millers crossing
1246,Dead Poets Society (1989),Drama,dead poets society
1247,"Graduate, The (1967)",Drama|Romance,graduate the
1248,Touch of Evil (1958),Crime|Film-Noir|Thriller,touch of evil
1249,Nikita (La Femme Nikita) (1990),Thriller,nikita la femme nikita
1250,"Bridge on the River Kwai, The (1957)",Drama|War,bridge on the river kwai the
1251,8 1/2 (1963),Drama,8 12
1252,Chinatown (1974),Film-Noir|Mystery|Thriller,chinatown
1253,"Day the Earth Stood Still, The (1951)",Drama|Sci-Fi,day the earth stood still the
1254,"Treasure of the Sierra Madre, The (1948)",Adventure,treasure of the sierra madre the
1255,Bad Taste (1987),Comedy|Horror,bad taste
1256,Duck Soup (1933),Comedy|War,duck soup
1257,Better Off Dead... (1985),Comedy,better off dead
1258,"Shining, The (1980)",Horror,shining the
1259,Stand by Me (1986),Adventure|Comedy|Drama,stand by me
1260,M (1931),Crime|Film-Noir|Thriller,m
1261,Evil Dead II (Dead By Dawn) (1987),Action|Adventure|Comedy|Horror,evil dead ii dead by dawn
1262,"Great Escape, The (1963)",Adventure|War,great escape the
1263,"Deer Hunter, The (1978)",Drama|War,deer hunter the
1264,Diva (1981),Action|Drama|Mystery|Romance|Thriller,diva
1265,Groundhog Day (1993),Comedy|Romance,groundhog day
1266,Unforgiven (1992),Western,unforgiven
1267,"Manchurian Candidate, The (1962)",Film-Noir|Thriller,manchurian candidate the
1268,Pump Up the Volume (1990),Drama,pump up the volume
1269,Arsenic and Old Lace (1944),Comedy|Mystery|Thriller,arsenic and old lace
1270,Back to the Future (1985),Comedy|Sci-Fi,back to the future
1271,Fried Green Tomatoes (1991),Drama,fried green tomatoes
1272,Patton (1970),Drama|War,patton
1273,Down by Law (1986),Comedy|Drama,down by law
1274,Akira (1988),Adventure|Animation|Sci-Fi|Thriller,akira
1275,Highlander (1986),Action|Adventure,highlander
1276,Cool Hand Luke (1967),Comedy|Drama,cool hand luke
1277,Cyrano de Bergerac (1990),Action|Drama|Romance,cyrano de bergerac
1278,Young Frankenstein (1974),Comedy|Horror,young frankenstein
1279,Night on Earth (1991),Comedy|Drama,night on earth
1280,Raise the Red Lantern (1991),Drama,raise the red lantern
1281,"Great Dictator, The (1940)",Comedy,great dictator the
1282,Fantasia (1940),Animation|Children's|Musical,fantasia
1283,High Noon (1952),Western,high noon
1284,"Big Sleep, The (1946)",Film-Noir|Mystery,big sleep the
1285,Heathers (1989),Comedy,heathers
1286,Somewhere in Time (1980),Drama|Romance,somewhere in time
1287,Ben-Hur (1959),Action|Adventure|Drama,benhur
1288,This Is Spinal Tap (1984),Comedy|Drama|Musical,this is spinal tap
1289,Koyaanisqatsi (1983),Documentary|War,koyaanisqatsi
1290,Some Kind of Wonderful (1987),Drama|Romance,some kind of wonderful
1291,Indiana Jones and the Last Crusade (1989),Action|Adventure,indiana jones and the last crusade
1292,Being There (1979),Comedy,being there
1293,Gandhi (1982),Drama,gandhi
1294,M*A*S*H (1970),Comedy|War,mash
1295,"Unbearable Lightness of Being, The (1988)",Drama,unbearable lightness of being the
1296,"Room with a View, A (1986)",Drama|Romance,room with a view a
1297,Real Genius (1985),Comedy,real genius
1298,Pink Floyd - The Wall (1982),Drama|Musical|War,pink floyd  the wall
1299,"Killing Fields, The (1984)",Drama|War,killing fields the
1300,My Life as a Dog (Mitt liv som hund) (1985),Drama,my life as a dog mitt liv som hund
1301,Forbidden Planet (1956),Sci-Fi,forbidden planet
1302,Field of Dreams (1989),Drama,field of dreams
1303,"Man Who Would Be King, The (1975)",Adventure,man who would be king the
1304,Butch Cassidy and the Sundance Kid (1969),Action|Comedy|Western,butch cassidy and the sundance kid
1305,"Paris, Texas (1984)",Drama,paris texas
1306,Until the End of the World (Bis ans Ende der Welt) (1991),Drama|Sci-Fi,until the end of the world bis ans ende der welt
1307,When Harry Met Sally... (1989),Comedy|Romance,when harry met sally
1308,I Shot a Man in Vegas (1995),Comedy,i shot a man in vegas
1309,Parallel Sons (1995),Drama|Romance,parallel sons
1310,Hype! (1996),Documentary,hype
1311,Santa with Muscles (1996),Comedy,santa with muscles
1312,Female Perversions (1996),Drama,female perversions
1313,Mad Dog Time (1996),Crime,mad dog time
1314,Breathing Room (1996),Romance,breathing room
1315,Paris Was a Woman (1995),Documentary,paris was a woman
1316,Anna (1996),Drama,anna
1317,I'm Not Rappaport (1996),Comedy,im not rappaport
1318,Blue Juice (1995),Comedy|Drama,blue juice
1319,Kids of Survival (1993),Documentary,kids of survival
1320,Alien³ (1992),Action|Horror|Sci-Fi|Thriller,alien
1321,"American Werewolf in London, An (1981)",Horror,american werewolf in london an
1322,Amityville 1992: It's About Time (1992),Horror,amityville 1992 its about time
1323,Amityville 3-D (1983),Horror,amityville 3d
1324,Amityville: Dollhouse (1996),Horror,amityville dollhouse
1325,Amityville: A New Generation (1993),Horror,amityville a new generation
1326,Amityville II: The Possession (1982),Horror,amityville ii the possession
1327,"Amityville Horror, The (1979)",Horror,amityville horror the
1328,"Amityville Curse, The (1990)",Horror,amityville curse the
1329,Blood For Dracula (Andy Warhol's Dracula) (1974),Horror,blood for dracula andy warhols dracula
1330,April Fool's Day (1986),Comedy|Horror,april fools day
1331,Audrey Rose (1977),Horror,audrey rose
1332,"Believers, The (1987)",Horror|Thriller,believers the
1333,"Birds, The (1963)",Horror,birds the
1334,"Blob, The (1958)",Horror|Sci-Fi,blob the
1335,Blood Beach (1981),Action|Horror,blood beach
1336,Body Parts (1991),Horror,body parts
1337,"Body Snatcher, The (1945)",Horror,body snatcher the
1339,Bram Stoker's Dracula (1992),Horror|Romance,bram stokers dracula
1340,Bride of Frankenstein (1935),Horror,bride of frankenstein
1341,Burnt Offerings (1976),Horror,burnt offerings
1342,Candyman (1992),Horror,candyman
1343,Cape Fear (1991),Thriller,cape fear
1344,Cape Fear (1962),Film-Noir|Thriller,cape fear
1345,Carrie (1976),Horror,carrie
1346,Cat People (1982),Horror,cat people
1347,"Nightmare on Elm Street, A (1984)",Horror,nightmare on elm street a
1348,"Nosferatu (Nosferatu, eine Symphonie des Grauens) (1922)",Horror,nosferatu nosferatu eine symphonie des grauens
1349,Nosferatu a Venezia (1986),Horror,nosferatu a venezia
1350,"Omen, The (1976)",Horror,omen the
1351,Blood & Wine (1997),Drama,blood  wine
1352,Albino Alligator (1996),Crime|Thriller,albino alligator
1353,"Mirror Has Two Faces, The (1996)",Comedy|Romance,mirror has two faces the
1354,Breaking the Waves (1996),Drama,breaking the waves
1355,Nightwatch (1997),Horror|Thriller,nightwatch
1356,Star Trek: First Contact (1996),Action|Adventure|Sci-Fi,star trek first contact
1357,Shine (1996),Drama|Romance,shine
1358,Sling Blade (1996),Drama|Thriller,sling blade
1359,Jingle All the Way (1996),Adventure|Children's|Comedy,jingle all the way
1360,Identification of a Woman (Identificazione di una donna) (1982),Drama,identification of a woman identificazione di una donna
1361,Paradise Lost: The Child Murders at Robin Hood Hills (1996),Documentary,paradise lost the child murders at robin hood hills
1362,"Garden of Finzi-Contini, The (Giardino dei Finzi-Contini, Il) (1970)",Drama,garden of finzicontini the giardino dei finzicontini il
1363,"Preacher's Wife, The (1996)",Drama,preachers wife the
1364,Zero Kelvin (Kjærlighetens kjøtere) (1995),Action,zero kelvin kjrlighetens kjtere
1365,Ridicule (1996),Drama,ridicule
1366,"Crucible, The (1996)",Drama,crucible the
1367,101 Dalmatians (1996),Children's|Comedy,101 dalmatians
1368,"Forbidden Christ, The (Cristo proibito, Il) (1950)",Drama,forbidden christ the cristo proibito il
1369,I Can't Sleep (J'ai pas sommeil) (1994),Drama|Thriller,i cant sleep jai pas sommeil
1370,Die Hard 2 (1990),Action|Thriller,die hard 2
1371,Star Trek: The Motion Picture (1979),Action|Adventure|Sci-Fi,star trek the motion picture
1372,Star Trek VI: The Undiscovered Country (1991),Action|Adventure|Sci-Fi,star trek vi the undiscovered country
1373,Star Trek V: The Final Frontier (1989),Action|Adventure|Sci-Fi,star trek v the final frontier
1374,Star Trek: The Wrath of Khan (1982),Action|Adventure|Sci-Fi,star trek the wrath of khan
1375,Star Trek III: The Search for Spock (1984),Action|Adventure|Sci-Fi,star trek iii the search for spock
1376,Star Trek IV: The Voyage Home (1986),Action|Adventure|Sci-Fi,star trek iv the voyage home
1377,Batman Returns (1992),Action|Adventure|Comedy|Crime,batman returns
1378,Young Guns (1988),Action|Comedy|Western,young guns
1379,Young Guns II (1990),Action|Comedy|Western,young guns ii
1380,Grease (1978),Comedy|Musical|Romance,grease
1381,Grease 2 (1982),Comedy|Musical|Romance,grease 2
1382,Marked for Death (1990),Action|Drama,marked for death
1383,Adrenalin: Fear the Rush (1996),Action|Sci-Fi,adrenalin fear the rush
1384,"Substance of Fire, The (1996)",Drama,substance of fire the
1385,Under Siege (1992),Action,under siege
1386,Terror in a Texas Town (1958),Western,terror in a texas town
1387,Jaws (1975),Action|Horror,jaws
1388,Jaws 2 (1978),Action|Horror,jaws 2
1389,Jaws 3-D (1983),Action|Horror,jaws 3d
1390,My Fellow Americans (1996),Comedy,my fellow americans
1391,Mars Attacks! (1996),Action|Comedy|Sci-Fi|War,mars attacks
1392,Citizen Ruth (1996),Comedy|Drama,citizen ruth
1393,Jerry Maguire (1996),Drama|Romance,jerry maguire
1394,Raising Arizona (1987),Comedy,raising arizona
1395,Tin Men (1987),Comedy|Drama,tin men
1396,Sneakers (1992),Crime|Drama|Sci-Fi,sneakers
1397,Bastard Out of Carolina (1996),Drama,bastard out of carolina
1398,In Love and War (1996),Romance|War,in love and war
1399,Marvin's Room (1996),Drama,marvins room
1400,Somebody is Waiting (1996),Drama,somebody is waiting
1401,Ghosts of Mississippi (1996),Drama,ghosts of mississippi
1404,Night Falls on Manhattan (1997),Crime|Drama,night falls on manhattan
1405,Beavis and Butt-head Do America (1996),Animation|Comedy,beavis and butthead do america
1406,"Cérémonie, La (1995)",Drama,crmonie la
1407,Scream (1996),Horror|Thriller,scream
1408,"Last of the Mohicans, The (1992)",Action|Romance|War,last of the mohicans the
1409,Michael (1996),Comedy|Romance,michael
1410,"Evening Star, The (1996)",Comedy|Drama,evening star the
1411,Hamlet (1996),Drama,hamlet
1412,Some Mother's Son (1996),Drama,some mothers son
1413,"Whole Wide World, The (1996)",Drama,whole wide world the
1414,Mother (1996),Comedy,mother
1415,"Thieves (Voleurs, Les) (1996)",Crime|Drama|Romance,thieves voleurs les
1416,Evita (1996),Drama|Musical,evita
1417,"Portrait of a Lady, The (1996)",Drama,portrait of a lady the
1419,Walkabout (1971),Drama,walkabout
1420,Message to Love: The Isle of Wight Festival (1996),Documentary,message to love the isle of wight festival
1421,Grateful Dead (1995),Documentary,grateful dead
1422,Murder at 1600 (1997),Mystery|Thriller,murder at 1600
1423,Hearts and Minds (1996),Drama,hearts and minds
1424,Inside (1996),Action,inside
1425,Fierce Creatures (1997),Comedy,fierce creatures
1426,Zeus and Roxanne (1997),Children's,zeus and roxanne
1427,Turbulence (1997),Thriller,turbulence
1428,Angel Baby (1995),Drama,angel baby
1429,Jackie Chan's First Strike (1996),Action,jackie chans first strike
1430,Underworld (1997),Thriller,underworld
1431,Beverly Hills Ninja (1997),Action|Comedy,beverly hills ninja
1432,Metro (1997),Action,metro
1433,"Machine, The (1994)",Comedy|Horror,machine the
1434,"Stranger, The (1994)",Action,stranger the
1436,Falling in Love Again (1980),Comedy,falling in love again
1437,"Cement Garden, The (1993)",Drama,cement garden the
1438,Dante's Peak (1997),Action|Thriller,dantes peak
1439,Meet Wally Sparks (1997),Comedy,meet wally sparks
1440,Amos & Andrew (1993),Comedy,amos  andrew
1441,Benny & Joon (1993),Comedy|Romance,benny  joon
1442,Prefontaine (1997),Drama,prefontaine
1443,"Tickle in the Heart, A (1996)",Documentary,tickle in the heart a
1444,Guantanamera (1994),Comedy,guantanamera
1445,McHale's Navy (1997),Comedy|War,mchales navy
1446,Kolya (1996),Comedy,kolya
1447,Gridlock'd (1997),Crime,gridlockd
1448,Fire on the Mountain (1996),Documentary,fire on the mountain
1449,Waiting for Guffman (1996),Comedy,waiting for guffman
1450,Prisoner of the Mountains (Kavkazsky Plennik) (1996),War,prisoner of the mountains kavkazsky plennik
1453,"Beautician and the Beast, The (1997)",Comedy|Romance,beautician and the beast the
1454,SubUrbia (1997),Comedy,suburbia
1455,Hotel de Love (1996),Comedy|Romance,hotel de love
1456,"Pest, The (1997)",Comedy,pest the
1457,Fools Rush In (1997),Comedy|Romance,fools rush in
1458,Touch (1997),Romance,touch
1459,Absolute Power (1997),Mystery|Thriller,absolute power
1460,That Darn Cat! (1997),Children's|Comedy|Mystery,that darn cat
1461,Vegas Vacation (1997),Comedy,vegas vacation
1462,Unforgotten: Twenty-Five Years After Willowbrook (1996),Documentary,unforgotten twentyfive years after willowbrook
1463,That Old Feeling (1997),Comedy|Romance,that old feeling
1464,Lost Highway (1997),Mystery,lost highway
1465,Rosewood (1997),Drama,rosewood
1466,Donnie Brasco (1997),Crime|Drama,donnie brasco
1467,Salut cousin! (1996),Comedy|Drama,salut cousin
1468,Booty Call (1997),Comedy|Romance,booty call
1470,Rhyme & Reason (1997),Documentary,rhyme  reason
1471,Boys Life 2 (1997),Drama,boys life 2
1472,City of Industry (1997),Crime|Thriller,city of industry
1473,Best Men (1997),Action|Comedy|Crime|Drama,best men
1474,Jungle2Jungle (a.k.a. Jungle 2 Jungle) (1997),Children's|Comedy,jungle2jungle aka jungle 2 jungle
1475,Kama Sutra: A Tale of Love (1996),Romance,kama sutra a tale of love
1476,Private Parts (1997),Comedy|Drama,private parts
1477,Love Jones (1997),Romance,love jones
1479,"Saint, The (1997)",Action|Romance|Thriller,saint the
1480,Smilla's Sense of Snow (1997),Action|Drama|Thriller,smillas sense of snow
1482,"Van, The (1996)",Comedy|Drama,van the
1483,Crash (1996),Drama|Thriller,crash
1484,"Daytrippers, The (1996)",Mystery,daytrippers the
1485,Liar Liar (1997),Comedy,liar liar
1486,"Quiet Room, The (1996)",Drama,quiet room the
1487,Selena (1997),Drama|Musical,selena
1488,"Devil's Own, The (1997)",Action|Drama|Thriller|War,devils own the
1489,Cats Don't Dance (1997),Animation|Children's|Musical,cats dont dance
1490,B*A*P*S (1997),Comedy,baps
1493,Love and Other Catastrophes (1996),Romance,love and other catastrophes
1494,"Sixth Man, The (1997)",Comedy,sixth man the
1495,Turbo: A Power Rangers Movie (1997),Action|Adventure|Children's,turbo a power rangers movie
1496,Anna Karenina (1997),Drama|Romance,anna karenina
1497,Double Team (1997),Action,double team
1498,Inventing the Abbotts (1997),Drama|Romance,inventing the abbotts
1499,Anaconda (1997),Action|Adventure|Thriller,anaconda
1500,Grosse Pointe Blank (1997),Comedy|Crime,grosse pointe blank
1501,Keys to Tulsa (1997),Crime,keys to tulsa
1502,Kissed (1996),Romance,kissed
1503,8 Heads in a Duffel Bag (1997),Comedy,8 heads in a duffel bag
1504,Hollow Reed (1996),Drama,hollow reed
1507,Paradise Road (1997),Drama|War,paradise road
1508,Traveller (1997),Drama,traveller
1509,All Over Me (1997),Drama,all over me
1510,"Brother's Kiss, A (1997)",Drama,brothers kiss a
1511,A Chef in Love (1996),Comedy,a chef in love
1513,Romy and Michele's High School Reunion (1997),Comedy,romy and micheles high school reunion
1514,Temptress Moon (Feng Yue) (1996),Romance,temptress moon feng yue
1515,Volcano (1997),Drama|Thriller,volcano
1516,Children of the Revolution (1996),Comedy,children of the revolution
1517,Austin Powers: International Man of Mystery (1997),Comedy,austin powers international man of mystery
1518,Breakdown (1997),Action|Thriller,breakdown
1519,Broken English (1996),Drama,broken english
1520,Commandments (1997),Romance,commandments
1522,Ripe (1996),Drama,ripe
1523,"Truth or Consequences, N.M. (1997)",Action|Crime|Romance,truth or consequences nm
1524,"Turning, The (1992)",Drama,turning the
1525,Warriors of Virtue (1997),Action|Adventure|Children's|Fantasy,warriors of virtue
1526,Fathers' Day (1997),Comedy,fathers day
1527,"Fifth Element, The (1997)",Action|Sci-Fi,fifth element the
1528,Intimate Relations (1996),Comedy,intimate relations
1529,Nowhere (1997),Drama,nowhere
1531,Losing Chase (1996),Drama,losing chase
1532,Sprung (1997),Comedy,sprung
1533,"Promise, The (La Promesse) (1996)",Drama,promise the la promesse
1534,"Bonheur, Le (1965)",Drama,bonheur le
1535,Love! Valour! Compassion! (1997),Drama|Romance,love valour compassion
1537,Shall We Dance? (Shall We Dansu?) (1996),Comedy,shall we dance shall we dansu
1538,"Second Jungle Book: Mowgli & Baloo, The (1997)",Adventure|Children's,second jungle book mowgli  baloo the
1539,Twin Town (1997),Comedy|Crime,twin town
1541,Addicted to Love (1997),Comedy|Romance,addicted to love
1542,Brassed Off (1996),Comedy|Drama|Romance,brassed off
1543,"Designated Mourner, The (1997)",Drama,designated mourner the
1544,"Lost World: Jurassic Park, The (1997)",Action|Adventure|Sci-Fi|Thriller,lost world jurassic park the
1545,Ponette (1996),Drama,ponette
1546,Schizopolis (1996),Comedy,schizopolis
1547,Shiloh (1997),Children's|Drama,shiloh
1548,"War at Home, The (1996)",Drama,war at home the
1549,Rough Magic (1995),Drama|Romance,rough magic
1550,Trial and Error (1997),Comedy|Romance,trial and error
1551,Buddy (1997),Adventure|Children's|Drama,buddy
1552,Con Air (1997),Action|Adventure|Thriller,con air
1553,Late Bloomers (1996),Comedy,late bloomers
1554,"Pillow Book, The (1995)",Drama|Romance,pillow book the
1555,"To Have, or Not (1995)",Drama,to have or not
1556,Speed 2: Cruise Control (1997),Action|Romance|Thriller,speed 2 cruise control
1557,Squeeze (1996),Drama,squeeze
1558,Sudden Manhattan (1996),Comedy,sudden manhattan
1559,"Next Step, The (1995)",Drama,next step the
1561,Wedding Bell Blues (1996),Comedy,wedding bell blues
1562,Batman & Robin (1997),Action|Adventure|Crime,batman  robin
1563,Dream With the Fishes (1997),Drama,dream with the fishes
1564,Roseanna's Grave (For Roseanna) (1997),Comedy|Romance,roseannas grave for roseanna
1565,Head Above Water (1996),Comedy|Thriller,head above water
1566,Hercules (1997),Adventure|Animation|Children's|Comedy|Musical,hercules
1567,"Last Time I Committed Suicide, The (1997)",Drama,last time i committed suicide the
1568,MURDER and murder (1996),Crime|Drama|Mystery,murder and murder
1569,My Best Friend's Wedding (1997),Comedy|Romance,my best friends wedding
1570,Tetsuo II: Body Hammer (1992),Sci-Fi,tetsuo ii body hammer
1571,When the Cats Away (Chacun cherche son chat) (1996),Comedy|Romance,when the cats away chacun cherche son chat
1572,Contempt (Le Mépris) (1963),Drama,contempt le mpris
1573,Face/Off (1997),Action|Sci-Fi|Thriller,faceoff
1574,Fall (1997),Romance,fall
1575,Gabbeh (1996),Drama,gabbeh
1577,Mondo (1996),Drama,mondo
1578,"Innocent Sleep, The (1995)",Crime,innocent sleep the
1579,For Ever Mozart (1996),Drama,for ever mozart
1580,Men in Black (1997),Action|Adventure|Comedy|Sci-Fi,men in black
1581,Out to Sea (1997),Comedy,out to sea
1582,Wild America (1997),Adventure|Children's,wild america
1583,"Simple Wish, A (1997)",Children's|Fantasy,simple wish a
1584,Contact (1997),Drama|Sci-Fi,contact
1585,Love Serenade (1996),Comedy,love serenade
1586,G.I. Jane (1997),Action|Drama|War,gi jane
1587,Conan the Barbarian (1982),Action|Adventure,conan the barbarian
1588,George of the Jungle (1997),Children's|Comedy,george of the jungle
1589,Cop Land (1997),Crime|Drama|Mystery,cop land
1590,Event Horizon (1997),Action|Mystery|Sci-Fi|Thriller,event horizon
1591,Spawn (1997),Action|Adventure|Sci-Fi|Thriller,spawn
1592,Air Bud (1997),Children's|Comedy,air bud
1593,Picture Perfect (1997),Comedy|Romance,picture perfect
1594,In the Company of Men (1997),Drama,in the company of men
1595,Free Willy 3: The Rescue (1997),Adventure|Children's|Drama,free willy 3 the rescue
1596,Career Girls (1997),Drama,career girls
1597,Conspiracy Theory (1997),Action|Mystery|Romance|Thriller,conspiracy theory
1598,Desperate Measures (1998),Crime|Drama|Thriller,desperate measures
1599,Steel (1997),Action,steel
1600,She's So Lovely (1997),Drama|Romance,shes so lovely
1601,Hoodlum (1997),Crime|Drama|Film-Noir,hoodlum
1602,Leave It to Beaver (1997),Comedy,leave it to beaver
1603,Mimic (1997),Sci-Fi|Thriller,mimic
1604,Money Talks (1997),Action|Comedy,money talks
1605,Excess Baggage (1997),Adventure|Romance,excess baggage
1606,Kull the Conqueror (1997),Action|Adventure,kull the conqueror
1608,Air Force One (1997),Action|Thriller,air force one
1609,187 (1997),Drama,187
1610,"Hunt for Red October, The (1990)",Action|Thriller,hunt for red october the
1611,My Own Private Idaho (1991),Drama,my own private idaho
1612,"Kiss Me, Guido (1997)",Comedy,kiss me guido
1613,Star Maps (1997),Drama,star maps
1614,In & Out (1997),Comedy,in  out
1615,"Edge, The (1997)",Adventure|Thriller,edge the
1616,"Peacemaker, The (1997)",Action|Thriller|War,peacemaker the
1617,L.A. Confidential (1997),Crime|Film-Noir|Mystery|Thriller,la confidential
1619,Seven Years in Tibet (1997),Drama|War,seven years in tibet
1620,Kiss the Girls (1997),Crime|Drama|Thriller,kiss the girls
1621,Soul Food (1997),Drama,soul food
1622,Kicked in the Head (1997),Comedy|Drama,kicked in the head
1623,Wishmaster (1997),Horror,wishmaster
1624,"Thousand Acres, A (1997)",Drama,thousand acres a
1625,"Game, The (1997)",Mystery|Thriller,game the
1626,Fire Down Below (1997),Action|Drama|Thriller,fire down below
1627,U Turn (1997),Action|Crime|Mystery,u turn
1628,"Locusts, The (1997)",Drama,locusts the
1629,"MatchMaker, The (1997)",Comedy|Romance,matchmaker the
1630,"Lay of the Land, The (1997)",Comedy|Drama,lay of the land the
1631,"Assignment, The (1997)",Thriller,assignment the
1632,"Smile Like Yours, A (1997)",Comedy|Romance,smile like yours a
1633,Ulee's Gold (1997),Drama,ulees gold
1635,"Ice Storm, The (1997)",Drama,ice storm the
1636,Stag (1997),Action|Thriller,stag
1639,Chasing Amy (1997),Drama|Romance,chasing amy
1640,How to Be a Player (1997),Comedy,how to be a player
1641,"Full Monty, The (1997)",Comedy,full monty the
1642,Indian Summer (a.k.a. Alive & Kicking) (1996),Comedy|Drama,indian summer aka alive  kicking
1643,"Mrs. Brown (Her Majesty, Mrs. Brown) (1997)",Drama|Romance,mrs brown her majesty mrs brown
1644,I Know What You Did Last Summer (1997),Horror|Mystery|Thriller,i know what you did last summer
1645,"Devil's Advocate, The (1997)",Crime|Horror|Mystery|Thriller,devils advocate the
1646,Rocket Man (1997),Comedy,rocket man
1647,Playing God (1997),Crime|Thriller,playing god
1648,"House of Yes, The (1997)",Comedy|Drama|Thriller,house of yes the
1649,"Fast, Cheap & Out of Control (1997)",Documentary,fast cheap  out of control
1650,Washington Square (1997),Drama,washington square
1651,Telling Lies in America (1997),Drama,telling lies in america
1652,Year of the Horse (1997),Documentary,year of the horse
1653,Gattaca (1997),Drama|Sci-Fi|Thriller,gattaca
1654,FairyTale: A True Story (1997),Children's|Drama|Fantasy,fairytale a true story
1655,Phantoms (1998),Horror,phantoms
1656,Swept from the Sea (1997),Romance,swept from the sea
1657,Wonderland (1997),Documentary,wonderland
1658,"Life Less Ordinary, A (1997)",Romance|Thriller,life less ordinary a
1659,Hurricane Streets (1998),Drama,hurricane streets
1660,Eve's Bayou (1997),Drama,eves bayou
1661,Switchback (1997),Thriller,switchback
1662,Gang Related (1997),Crime,gang related
1663,Stripes (1981),Comedy,stripes
1664,Nénette et Boni (1996),Drama,nnette et boni
1665,Bean (1997),Comedy,bean
1666,Hugo Pool (1997),Romance,hugo pool
1667,Mad City (1997),Action|Drama,mad city
1668,One Night Stand (1997),Drama,one night stand
1669,"Tango Lesson, The (1997)",Romance,tango lesson the
1670,Welcome To Sarajevo (1997),Drama|War,welcome to sarajevo
1671,Deceiver (1997),Crime,deceiver
1672,"Rainmaker, The (1997)",Drama,rainmaker the
1673,Boogie Nights (1997),Drama,boogie nights
1674,Witness (1985),Drama|Romance|Thriller,witness
1675,Incognito (1997),Crime|Thriller,incognito
1676,Starship Troopers (1997),Action|Adventure|Sci-Fi|War,starship troopers
1677,Critical Care (1997),Comedy,critical care
1678,"Joy Luck Club, The (1993)",Drama,joy luck club the
1679,Chairman of the Board (1998),Comedy,chairman of the board
1680,Sliding Doors (1998),Drama|Romance,sliding doors
1681,Mortal Kombat: Annihilation (1997),Action|Adventure,mortal kombat annihilation
1682,"Truman Show, The (1998)",Drama,truman show the
1683,"Wings of the Dove, The (1997)",Drama|Romance|Thriller,wings of the dove the
1684,Mrs. Dalloway (1997),Romance,mrs dalloway
1685,"I Love You, I Love You Not (1996)",Romance,i love you i love you not
1686,Red Corner (1997),Crime|Thriller,red corner
1687,"Jackal, The (1997)",Action|Thriller,jackal the
1688,Anastasia (1997),Animation|Children's|Musical,anastasia
1689,"Man Who Knew Too Little, The (1997)",Comedy|Mystery,man who knew too little the
1690,Alien: Resurrection (1997),Action|Horror|Sci-Fi,alien resurrection
1692,Alien Escape (1995),Horror|Sci-Fi,alien escape
1693,Amistad (1997),Drama,amistad
1694,"Apostle, The (1997)",Drama,apostle the
1695,Artemisia (1997),Drama,artemisia
1696,Bent (1997),Drama|War,bent
1697,"Big Bang Theory, The (1994)",Crime,big bang theory the
1698,"Boys, Les (1997)",Comedy,boys les
1699,"Butcher Boy, The (1998)",Drama,butcher boy the
1701,Deconstructing Harry (1997),Comedy|Drama,deconstructing harry
1702,Flubber (1997),Children's|Comedy|Fantasy,flubber
1703,For Richer or Poorer (1997),Comedy,for richer or poorer
1704,Good Will Hunting (1997),Drama,good will hunting
1705,Guy (1996),Drama,guy
1706,Harlem River Drive (1996),Drama,harlem river drive
1707,Home Alone 3 (1997),Children's|Comedy,home alone 3
1708,Ill Gotten Gains (1997),Drama,ill gotten gains
1709,Legal Deceit (1997),Thriller,legal deceit
1710,Man of Her Dreams (1996),Drama,man of her dreams
1711,Midnight in the Garden of Good and Evil (1997),Comedy|Crime|Drama|Mystery,midnight in the garden of good and evil
1713,Mouse Hunt (1997),Children's|Comedy,mouse hunt
1714,Never Met Picasso (1996),Romance,never met picasso
1715,Office Killer (1997),Thriller,office killer
1716,"Other Voices, Other Rooms (1997)",Drama,other voices other rooms
1717,Scream 2 (1997),Horror|Thriller,scream 2
1718,Stranger in the House (1997),Thriller,stranger in the house
1719,"Sweet Hereafter, The (1997)",Drama,sweet hereafter the
1720,Time Tracers (1995),Action|Adventure|Sci-Fi,time tracers
1721,Titanic (1997),Drama|Romance,titanic
1722,Tomorrow Never Dies (1997),Action|Romance|Thriller,tomorrow never dies
1723,Twisted (1996),Comedy|Drama,twisted
1724,Full Speed (1996),Drama,full speed
1725,"Education of Little Tree, The (1997)",Drama,education of little tree the
1726,"Postman, The (1997)",Drama,postman the
1727,"Horse Whisperer, The (1998)",Drama,horse whisperer the
1728,"Winter Guest, The (1997)",Drama,winter guest the
1729,Jackie Brown (1997),Crime|Drama,jackie brown
1730,Kundun (1997),Drama,kundun
1731,Mr. Magoo (1997),Comedy,mr magoo
1732,"Big Lebowski, The (1998)",Comedy|Crime|Mystery|Thriller,big lebowski the
1733,Afterglow (1997),Drama|Romance,afterglow
1734,My Life in Pink (Ma vie en rose) (1997),Comedy|Drama,my life in pink ma vie en rose
1735,Great Expectations (1998),Drama|Romance,great expectations
1738,Vermin (1998),Comedy,vermin
1739,3 Ninjas: High Noon On Mega Mountain (1998),Action|Children's,3 ninjas high noon on mega mountain
1740,Men of Means (1998),Action|Drama,men of means
1741,"Midaq Alley (Callejón de los milagros, El) (1995)",Drama,midaq alley callejn de los milagros el
1742,Caught Up (1998),Crime,caught up
1743,Arguing the World (1996),Documentary,arguing the world
1744,Firestorm (1998),Action|Adventure|Thriller,firestorm
1746,Senseless (1998),Comedy,senseless
1747,Wag the Dog (1997),Comedy|Drama,wag the dog
1748,Dark City (1998),Film-Noir|Sci-Fi|Thriller,dark city
1749,"Leading Man, The (1996)",Romance,leading man the
1750,Star Kid (1997),Adventure|Children's|Fantasy|Sci-Fi,star kid
1752,Hard Rain (1998),Action|Thriller,hard rain
1753,Half Baked (1998),Comedy,half baked
1754,Fallen (1998),Action|Mystery|Thriller,fallen
1755,Shooting Fish (1997),Romance,shooting fish
1756,"Prophecy II, The (1998)",Horror,prophecy ii the
1757,Duoluo tianshi (1995),Drama,duoluo tianshi
1758,Dangerous Beauty (1998),Drama,dangerous beauty
1759,Four Days in September (1997),Drama,four days in september
1760,Spice World (1997),Comedy|Musical,spice world
1762,Deep Rising (1998),Action|Horror|Sci-Fi,deep rising
1764,Tainted (1998),Comedy|Thriller,tainted
1765,"Letter From Death Row, A (1998)",Crime|Drama,letter from death row a
1767,Music From Another Room (1998),Drama|Romance,music from another room
1768,Mat' i syn (1997),Drama,mat i syn
1769,"Replacement Killers, The (1998)",Action|Thriller,replacement killers the
1770,B. Monkey (1998),Romance|Thriller,b monkey
1771,Night Flier (1997),Horror,night flier
1772,Blues Brothers 2000 (1998),Action|Comedy|Musical,blues brothers 2000
1773,Tokyo Fist (1995),Action|Drama,tokyo fist
1774,Mass Transit (1998),Comedy|Drama,mass transit
1776,Ride (1998),Drama,ride
1777,"Wedding Singer, The (1998)",Comedy|Romance,wedding singer the
1779,Sphere (1998),Adventure|Sci-Fi|Thriller,sphere
1780,Ayn Rand: A Sense of Life (1997),Documentary,ayn rand a sense of life
1781,"Further Gesture, A (1996)",Drama,further gesture a
1782,Little City (1998),Comedy|Romance,little city
1783,Palmetto (1998),Film-Noir|Mystery|Thriller,palmetto
1784,As Good As It Gets (1997),Comedy|Drama,as good as it gets
1785,King of New York (1990),Action|Crime,king of new york
1787,"Paralyzing Fear: The Story of Polio in America, A (1998)",Documentary,paralyzing fear the story of polio in america a
1788,Men With Guns (1997),Action|Drama,men with guns
1789,"Sadness of Sex, The (1995)",Drama,sadness of sex the
1791,Twilight (1998),Crime|Drama,twilight
1792,U.S. Marshalls (1998),Action|Thriller,us marshalls
1793,Welcome to Woop-Woop (1997),Comedy,welcome to woopwoop
1794,Love and Death on Long Island (1997),Comedy|Drama,love and death on long island
1795,"Callejón de los milagros, El (1995)",Drama,callejn de los milagros el
1796,In God's Hands (1998),Action|Drama,in gods hands
1797,Everest (1998),Documentary,everest
1798,Hush (1998),Thriller,hush
1799,Suicide Kings (1997),Crime|Drama,suicide kings
1801,"Man in the Iron Mask, The (1998)",Action|Drama|Romance,man in the iron mask the
1804,"Newton Boys, The (1998)",Crime|Drama,newton boys the
1805,Wild Things (1998),Crime|Drama|Mystery|Thriller,wild things
1806,Paulie (1998),Adventure|Children's|Comedy,paulie
1807,"Cool Dry Place, A (1998)",Drama,cool dry place a
1809,Hana-bi (1997),Comedy|Crime|Drama,hanabi
1810,Primary Colors (1998),Drama,primary colors
1811,"Niagara, Niagara (1997)",Drama,niagara niagara
1812,Wide Awake (1998),Children's|Comedy|Drama,wide awake
1814,"Price Above Rubies, A (1998)",Drama,price above rubies a
1815,Eden (1997),Drama,eden
1816,Two Girls and a Guy (1997),Comedy|Drama,two girls and a guy
1817,No Looking Back (1998),Comedy|Drama|Romance,no looking back
1819,Storefront Hitchcock (1997),Drama,storefront hitchcock
1820,"Proposition, The (1998)",Drama,proposition the
1821,"Object of My Affection, The (1998)",Comedy|Romance,object of my affection the
1822,Meet the Deedles (1998),Children's|Comedy,meet the deedles
1824,Homegrown (1998),Comedy|Thriller,homegrown
1825,"Player's Club, The (1998)",Action|Drama,players club the
1826,Barney's Great Adventure (1998),Adventure|Children's,barneys great adventure
1827,"Big One, The (1997)",Comedy|Documentary,big one the
1829,Chinese Box (1997),Drama|Romance,chinese box
1830,Follow the Bitch (1998),Comedy,follow the bitch
1831,Lost in Space (1998),Action|Sci-Fi|Thriller,lost in space
1832,Heaven's Burning (1997),Action|Drama,heavens burning
1833,Mercury Rising (1998),Action|Drama|Thriller,mercury rising
1834,"Spanish Prisoner, The (1997)",Drama|Thriller,spanish prisoner the
1835,City of Angels (1998),Romance,city of angels
1836,"Last Days of Disco, The (1998)",Drama,last days of disco the
1837,"Odd Couple II, The (1998)",Comedy,odd couple ii the
1839,My Giant (1998),Comedy,my giant
1840,He Got Game (1998),Drama,he got game
1841,"Gingerbread Man, The (1998)",Drama|Thriller,gingerbread man the
1842,Illtown (1996),Crime|Drama,illtown
1843,Slappy and the Stinkers (1998),Children's|Comedy,slappy and the stinkers
1844,Live Flesh (1997),Drama,live flesh
1845,Zero Effect (1998),Comedy|Thriller,zero effect
1846,Nil By Mouth (1997),Drama,nil by mouth
1847,Ratchet (1996),Drama|Thriller,ratchet
1848,"Borrowers, The (1997)",Adventure|Children's|Comedy|Fantasy,borrowers the
1849,Prince Valiant (1997),Adventure,prince valiant
1850,"I Love You, Don't Touch Me! (1998)",Drama|Romance,i love you dont touch me
1851,Leather Jacket Love Story (1997),Drama|Romance,leather jacket love story
1852,Love Walked In (1998),Drama|Thriller,love walked in
1853,"Alan Smithee Film: Burn Hollywood Burn, An (1997)",Comedy,alan smithee film burn hollywood burn an
1854,Kissing a Fool (1998),Comedy|Romance,kissing a fool
1855,Krippendorf's Tribe (1998),Comedy,krippendorfs tribe
1856,Kurt & Courtney (1998),Documentary|Musical,kurt  courtney
1857,"Real Blonde, The (1997)",Comedy,real blonde the
1858,Mr. Nice Guy (1997),Action|Comedy,mr nice guy
1859,Taste of Cherry (1997),Drama,taste of cherry
1860,Character (Karakter) (1997),Drama,character karakter
1861,Junk Mail (1997),Comedy|Thriller,junk mail
1862,Species II (1998),Horror|Sci-Fi,species ii
1863,Major League: Back to the Minors (1998),Comedy,major league back to the minors
1864,Sour Grapes (1998),Comedy,sour grapes
1865,Wild Man Blues (1998),Documentary,wild man blues
1866,"Big Hit, The (1998)",Action|Comedy,big hit the
1867,Tarzan and the Lost City (1998),Action|Adventure,tarzan and the lost city
1868,"Truce, The (1996)",Drama|War,truce the
1869,Black Dog (1998),Action|Thriller,black dog
1870,"Dancer, Texas Pop. 81 (1998)",Comedy|Drama,dancer texas pop 81
1871,"Friend of the Deceased, A (1997)",Comedy|Drama,friend of the deceased a
1872,Go Now (1995),Drama,go now
1873,"Misérables, Les (1998)",Drama,misrables les
1874,Still Breathing (1997),Comedy|Romance,still breathing
1875,Clockwatchers (1997),Comedy,clockwatchers
1876,Deep Impact (1998),Action|Drama|Sci-Fi|Thriller,deep impact
1877,Little Men (1998),Drama,little men
1878,Woo (1998),Comedy|Romance,woo
1879,"Hanging Garden, The (1997)",Drama,hanging garden the
1880,Lawn Dogs (1997),Drama,lawn dogs
1881,Quest for Camelot (1998),Adventure|Animation|Children's|Fantasy,quest for camelot
1882,Godzilla (1998),Action|Sci-Fi,godzilla
1883,Bulworth (1998),Comedy,bulworth
1884,Fear and Loathing in Las Vegas (1998),Comedy|Drama,fear and loathing in las vegas
1885,"Opposite of Sex, The (1998)",Comedy|Drama,opposite of sex the
1886,I Got the Hook Up (1998),Comedy,i got the hook up
1887,Almost Heroes (1998),Adventure|Comedy,almost heroes
1888,Hope Floats (1998),Comedy|Drama|Romance,hope floats
1889,Insomnia (1997),Thriller,insomnia
1890,Little Boy Blue (1997),Drama,little boy blue
1891,"Ugly, The (1997)",Horror|Thriller,ugly the
1892,"Perfect Murder, A (1998)",Mystery|Thriller,perfect murder a
1893,Beyond Silence (1996),Drama,beyond silence
1894,Six Days Seven Nights (1998),Adventure|Comedy|Romance,six days seven nights
1895,Can't Hardly Wait (1998),Comedy|Drama|Romance,cant hardly wait
1896,Cousin Bette (1998),Comedy,cousin bette
1897,High Art (1998),Drama|Romance,high art
1898,"Land Girls, The (1998)",Drama|War,land girls the
1899,Passion in the Desert (1998),Adventure|Drama,passion in the desert
1900,"Children of Heaven, The (Bacheha-Ye Aseman) (1997)",Drama,children of heaven the bachehaye aseman
1901,Dear Jesse (1997),Documentary,dear jesse
1902,Dream for an Insomniac (1996),Drama|Romance,dream for an insomniac
1903,Hav Plenty (1997),Comedy,hav plenty
1904,Henry Fool (1997),Comedy|Drama,henry fool
1905,Marie Baie Des Anges (1997),Drama,marie baie des anges
1906,Mr. Jealousy (1997),Comedy|Romance,mr jealousy
1907,Mulan (1998),Animation|Children's,mulan
1908,Resurrection Man (1998),Drama|Thriller,resurrection man
1909,"X-Files: Fight the Future, The (1998)",Mystery|Sci-Fi|Thriller,xfiles fight the future the
1910,I Went Down (1997),Action|Comedy|Crime,i went down
1911,Doctor Dolittle (1998),Comedy,doctor dolittle
1912,Out of Sight (1998),Action|Crime|Romance,out of sight
1913,Picnic at Hanging Rock (1975),Drama|Mystery,picnic at hanging rock
1914,Smoke Signals (1998),Comedy|Drama,smoke signals
1915,Voyage to the Beginning of the World (1997),Drama,voyage to the beginning of the world
1916,Buffalo 66 (1998),Action|Comedy|Drama,buffalo 66
1917,Armageddon (1998),Action|Adventure|Sci-Fi|Thriller,armageddon
1918,Lethal Weapon 4 (1998),Action|Comedy|Crime|Drama,lethal weapon 4
1919,Madeline (1998),Children's|Comedy,madeline
1920,Small Soldiers (1998),Animation|Children's|Fantasy|War,small soldiers
1921,Pi (1998),Sci-Fi|Thriller,pi
1922,Whatever (1998),Drama,whatever
1923,There's Something About Mary (1998),Comedy,theres something about mary
1924,Plan 9 from Outer Space (1958),Horror|Sci-Fi,plan 9 from outer space
1925,Wings (1927),Drama|Romance|War,wings
1926,"Broadway Melody, The (1929)",Musical,broadway melody the
1927,All Quiet on the Western Front (1930),War,all quiet on the western front
1928,Cimarron (1931),Western,cimarron
1929,Grand Hotel (1932),Drama,grand hotel
1930,Cavalcade (1933),Drama,cavalcade
1931,Mutiny on the Bounty (1935),Adventure,mutiny on the bounty
1932,"Great Ziegfeld, The (1936)",Musical,great ziegfeld the
1933,"Life of Émile Zola, The (1937)",Drama,life of mile zola the
1934,You Can't Take It With You (1938),Comedy,you cant take it with you
1935,How Green Was My Valley (1941),Drama,how green was my valley
1936,Mrs. Miniver (1942),Drama|War,mrs miniver
1937,Going My Way (1944),Comedy,going my way
1938,"Lost Weekend, The (1945)",Drama,lost weekend the
1939,"Best Years of Our Lives, The (1946)",Drama|War,best years of our lives the
1940,Gentleman's Agreement (1947),Drama,gentlemans agreement
1941,Hamlet (1948),Drama,hamlet
1942,All the King's Men (1949),Drama,all the kings men
1943,"Greatest Show on Earth, The (1952)",Drama,greatest show on earth the
1944,From Here to Eternity (1953),Drama|Romance|War,from here to eternity
1945,On the Waterfront (1954),Crime|Drama,on the waterfront
1946,Marty (1955),Drama|Romance,marty
1947,West Side Story (1961),Musical|Romance,west side story
1948,Tom Jones (1963),Comedy,tom jones
1949,"Man for All Seasons, A (1966)",Drama,man for all seasons a
1950,In the Heat of the Night (1967),Drama|Mystery,in the heat of the night
1951,Oliver! (1968),Musical,oliver
1952,Midnight Cowboy (1969),Drama,midnight cowboy
1953,"French Connection, The (1971)",Action|Crime|Drama|Thriller,french connection the
1954,Rocky (1976),Action|Drama,rocky
1955,Kramer Vs. Kramer (1979),Drama,kramer vs kramer
1956,Ordinary People (1980),Drama,ordinary people
1957,Chariots of Fire (1981),Drama,chariots of fire
1958,Terms of Endearment (1983),Comedy|Drama,terms of endearment
1959,Out of Africa (1985),Drama|Romance,out of africa
1960,"Last Emperor, The (1987)",Drama|War,last emperor the
1961,Rain Man (1988),Drama,rain man
1962,Driving Miss Daisy (1989),Drama,driving miss daisy
1963,Take the Money and Run (1969),Comedy,take the money and run
1964,Klute (1971),Drama|Mystery,klute
1965,Repo Man (1984),Comedy|Sci-Fi,repo man
1966,Metropolitan (1990),Comedy,metropolitan
1967,Labyrinth (1986),Adventure|Children's|Fantasy,labyrinth
1968,"Breakfast Club, The (1985)",Comedy|Drama,breakfast club the
1969,"Nightmare on Elm Street Part 2: Freddy's Revenge, A (1985)",Horror,nightmare on elm street part 2 freddys revenge a
1970,"Nightmare on Elm Street 3: Dream Warriors, A (1987)",Horror,nightmare on elm street 3 dream warriors a
1971,"Nightmare on Elm Street 4: The Dream Master, A (1988)",Horror,nightmare on elm street 4 the dream master a
1972,"Nightmare on Elm Street 5: The Dream Child, A (1989)",Horror,nightmare on elm street 5 the dream child a
1973,Freddy's Dead: The Final Nightmare (1991),Horror,freddys dead the final nightmare
1974,Friday the 13th (1980),Horror,friday the 13th
1975,Friday the 13th Part 2 (1981),Horror,friday the 13th part 2
1976,Friday the 13th Part 3: 3D (1982),Horror,friday the 13th part 3 3d
1977,Friday the 13th: The Final Chapter (1984),Horror,friday the 13th the final chapter
1978,Friday the 13th Part V: A New Beginning (1985),Horror,friday the 13th part v a new beginning
1979,Friday the 13th Part VI: Jason Lives (1986),Horror,friday the 13th part vi jason lives
1980,Friday the 13th Part VII: The New Blood (1988),Horror,friday the 13th part vii the new blood
1981,Friday the 13th Part VIII: Jason Takes Manhattan (1989),Horror,friday the 13th part viii jason takes manhattan
1982,Halloween (1978),Horror,halloween
1983,Halloween II (1981),Horror,halloween ii
1984,Halloween III: Season of the Witch (1983),Horror,halloween iii season of the witch
1985,Halloween 4: The Return of Michael Myers (1988),Horror,halloween 4 the return of michael myers
1986,Halloween 5: The Revenge of Michael Myers (1989),Horror,halloween 5 the revenge of michael myers
1987,Prom Night (1980),Horror,prom night
1988,Hello Mary Lou: Prom Night II (1987),Horror,hello mary lou prom night ii
1989,Prom Night III: The Last Kiss (1989),Horror,prom night iii the last kiss
1990,Prom Night IV: Deliver Us From Evil (1992),Horror,prom night iv deliver us from evil
1991,Child's Play (1988),Horror,childs play
1992,Child's Play 2 (1990),Horror,childs play 2
1993,Child's Play 3 (1992),Horror,childs play 3
1994,Poltergeist (1982),Horror|Thriller,poltergeist
1995,Poltergeist II: The Other Side (1986),Horror|Thriller,poltergeist ii the other side
1996,Poltergeist III (1988),Horror|Thriller,poltergeist iii
1997,"Exorcist, The (1973)",Horror,exorcist the
1998,Exorcist II: The Heretic (1977),Horror,exorcist ii the heretic
1999,"Exorcist III, The (1990)",Horror,exorcist iii the
2000,Lethal Weapon (1987),Action|Comedy|Crime|Drama,lethal weapon
2001,Lethal Weapon 2 (1989),Action|Comedy|Crime|Drama,lethal weapon 2
2002,Lethal Weapon 3 (1992),Action|Comedy|Crime|Drama,lethal weapon 3
2003,Gremlins (1984),Comedy|Horror,gremlins
2004,Gremlins 2: The New Batch (1990),Comedy|Horror,gremlins 2 the new batch
2005,"Goonies, The (1985)",Adventure|Children's|Fantasy,goonies the
2006,"Mask of Zorro, The (1998)",Action|Adventure|Romance,mask of zorro the
2007,Polish Wedding (1998),Comedy,polish wedding
2008,"This World, Then the Fireworks (1996)",Crime|Drama|Film-Noir,this world then the fireworks
2009,Soylent Green (1973),Sci-Fi|Thriller,soylent green
2010,Metropolis (1926),Sci-Fi,metropolis
2011,Back to the Future Part II (1989),Comedy|Sci-Fi,back to the future part ii
2012,Back to the Future Part III (1990),Comedy|Sci-Fi|Western,back to the future part iii
2013,"Poseidon Adventure, The (1972)",Action|Adventure,poseidon adventure the
2014,Freaky Friday (1977),Children's|Comedy,freaky friday
2015,"Absent Minded Professor, The (1961)",Children's|Comedy|Fantasy,absent minded professor the
2016,"Apple Dumpling Gang Rides Again, The (1979)",Children's|Comedy|Western,apple dumpling gang rides again the
2017,Babes in Toyland (1961),Children's|Fantasy|Musical,babes in toyland
2018,Bambi (1942),Animation|Children's,bambi
2019,Seven Samurai (The Magnificent Seven) (Shichinin no samurai) (1954),Action|Drama,seven samurai the magnificent seven shichinin no samurai
2020,Dangerous Liaisons (1988),Drama|Romance,dangerous liaisons
2021,Dune (1984),Fantasy|Sci-Fi,dune
2022,"Last Temptation of Christ, The (1988)",Drama,last temptation of christ the
2023,"Godfather: Part III, The (1990)",Action|Crime|Drama,godfather part iii the
2024,"Rapture, The (1991)",Drama|Mystery,rapture the
2025,Lolita (1997),Drama|Romance,lolita
2026,Disturbing Behavior (1998),Horror|Thriller,disturbing behavior
2027,Mafia! (1998),Comedy|Crime,mafia
2028,Saving Private Ryan (1998),Action|Drama|War,saving private ryan
2029,Billy's Hollywood Screen Kiss (1997),Comedy|Romance,billys hollywood screen kiss
2030,East Palace West Palace (Dong gong xi gong) (1997),Drama,east palace west palace dong gong xi gong
2031,"$1,000,000 Duck (1971)",Children's|Comedy,1000000 duck
2032,"Barefoot Executive, The (1971)",Children's|Comedy,barefoot executive the
2033,"Black Cauldron, The (1985)",Animation|Children's,black cauldron the
2034,"Black Hole, The (1979)",Sci-Fi,black hole the
2035,Blackbeard's Ghost (1968),Children's|Comedy,blackbeards ghost
2036,Blank Check (1994),Children's|Comedy,blank check
2037,Candleshoe (1977),Adventure|Children's|Comedy,candleshoe
2038,"Cat from Outer Space, The (1978)",Children's|Comedy|Sci-Fi,cat from outer space the
2039,Cheetah (1989),Adventure|Children's,cheetah
2040,"Computer Wore Tennis Shoes, The (1970)",Children's|Comedy,computer wore tennis shoes the
2041,Condorman (1981),Action|Adventure|Children's|Comedy,condorman
2042,D2: The Mighty Ducks (1994),Children's|Comedy,d2 the mighty ducks
2043,Darby O'Gill and the Little People (1959),Adventure|Children's|Fantasy,darby ogill and the little people
2044,"Devil and Max Devlin, The (1981)",Comedy,devil and max devlin the
2045,"Far Off Place, A (1993)",Adventure|Children's|Drama|Romance,far off place a
2046,Flight of the Navigator (1986),Adventure|Children's|Sci-Fi,flight of the navigator
2047,"Gnome-Mobile, The (1967)",Children's,gnomemobile the
2048,"Great Mouse Detective, The (1986)",Animation|Children's,great mouse detective the
2049,"Happiest Millionaire, The (1967)",Comedy|Musical,happiest millionaire the
2050,Herbie Goes Bananas (1980),Adventure|Children's|Comedy,herbie goes bananas
2051,Herbie Goes to Monte Carlo (1977),Adventure|Children's|Comedy,herbie goes to monte carlo
2052,Hocus Pocus (1993),Children's|Comedy,hocus pocus
2053,"Honey, I Blew Up the Kid (1992)",Children's|Comedy|Sci-Fi,honey i blew up the kid
2054,"Honey, I Shrunk the Kids (1989)",Adventure|Children's|Comedy|Fantasy|Sci-Fi,honey i shrunk the kids
2055,Hot Lead and Cold Feet (1978),Comedy|Western,hot lead and cold feet
2056,In Search of the Castaways (1962),Adventure|Children's,in search of the castaways
2057,"Incredible Journey, The (1963)",Adventure|Children's,incredible journey the
2058,"Negotiator, The (1998)",Action|Thriller,negotiator the
2059,"Parent Trap, The (1998)",Children's|Drama,parent trap the
2060,BASEketball (1998),Comedy,baseketball
2061,Full Tilt Boogie (1997),Documentary,full tilt boogie
2062,"Governess, The (1998)",Drama|Romance,governess the
2063,Seventh Heaven (Le Septième ciel) (1997),Drama|Romance,seventh heaven le septime ciel
2064,Roger & Me (1989),Comedy|Documentary,roger  me
2065,"Purple Rose of Cairo, The (1985)",Comedy|Drama|Romance,purple rose of cairo the
2066,Out of the Past (1947),Film-Noir,out of the past
2067,Doctor Zhivago (1965),Drama|Romance|War,doctor zhivago
2068,Fanny and Alexander (1982),Drama,fanny and alexander
2069,"Trip to Bountiful, The (1985)",Drama,trip to bountiful the
2070,Tender Mercies (1983),Drama,tender mercies
2071,And the Band Played On (1993),Drama,and the band played on
2072,"'burbs, The (1989)",Comedy,burbs the
2073,Fandango (1985),Comedy,fandango
2074,"Night Porter, The (Il Portiere di notte) (1974)",Drama,night porter the il portiere di notte
2075,Mephisto (1981),Drama|War,mephisto
2076,Blue Velvet (1986),Drama|Mystery,blue velvet
2077,"Journey of Natty Gann, The (1985)",Adventure|Children's,journey of natty gann the
2078,"Jungle Book, The (1967)",Animation|Children's|Comedy|Musical,jungle book the
2079,Kidnapped (1960),Children's|Drama,kidnapped
2080,Lady and the Tramp (1955),Animation|Children's|Comedy|Musical|Romance,lady and the tramp
2081,"Little Mermaid, The (1989)",Animation|Children's|Comedy|Musical|Romance,little mermaid the
2082,"Mighty Ducks, The (1992)",Children's|Comedy,mighty ducks the
2083,"Muppet Christmas Carol, The (1992)",Children's|Musical,muppet christmas carol the
2084,Newsies (1992),Children's|Musical,newsies
2085,101 Dalmatians (1961),Animation|Children's,101 dalmatians
2086,One Magic Christmas (1985),Drama|Fantasy,one magic christmas
2087,Peter Pan (1953),Animation|Children's|Fantasy|Musical,peter pan
2088,Popeye (1980),Adventure|Comedy|Musical,popeye
2089,"Rescuers Down Under, The (1990)",Animation|Children's,rescuers down under the
2090,"Rescuers, The (1977)",Animation|Children's,rescuers the
2091,Return from Witch Mountain (1978),Children's|Sci-Fi,return from witch mountain
2092,"Return of Jafar, The (1993)",Animation|Children's|Musical,return of jafar the
2093,Return to Oz (1985),Adventure|Children's|Fantasy|Sci-Fi,return to oz
2094,"Rocketeer, The (1991)",Action|Adventure|Sci-Fi,rocketeer the
2095,"Shaggy D.A., The (1976)",Children's|Comedy,shaggy da the
2096,Sleeping Beauty (1959),Animation|Children's|Musical,sleeping beauty
2097,Something Wicked This Way Comes (1983),Children's|Horror,something wicked this way comes
2098,Son of Flubber (1963),Children's|Comedy,son of flubber
2099,Song of the South (1946),Adventure|Animation|Children's|Musical,song of the south
2100,Splash (1984),Comedy|Fantasy|Romance,splash
2101,Squanto: A Warrior's Tale (1994),Adventure|Drama,squanto a warriors tale
2102,Steamboat Willie (1940),Animation|Children's|Comedy|Musical,steamboat willie
2103,Tall Tale (1994),Adventure|Children's,tall tale
2104,Tex (1982),Drama,tex
2105,Tron (1982),Action|Adventure|Fantasy|Sci-Fi,tron
2106,Swing Kids (1993),Drama|War,swing kids
2107,Halloween: H20 (1998),Horror|Thriller,halloween h20
2108,L.A. Story (1991),Comedy|Romance,la story
2109,"Jerk, The (1979)",Comedy,jerk the
2110,Dead Men Don't Wear Plaid (1982),Comedy|Crime|Thriller,dead men dont wear plaid
2111,"Man with Two Brains, The (1983)",Comedy,man with two brains the
2112,Grand Canyon (1991),Crime|Drama,grand canyon
2113,Graveyard Shift (1990),Horror|Thriller,graveyard shift
2114,"Outsiders, The (1983)",Drama,outsiders the
2115,Indiana Jones and the Temple of Doom (1984),Action|Adventure,indiana jones and the temple of doom
2116,"Lord of the Rings, The (1978)",Adventure|Animation|Children's|Sci-Fi,lord of the rings the
2117,Nineteen Eighty-Four (1984),Drama|Sci-Fi,nineteen eightyfour
2118,"Dead Zone, The (1983)",Horror|Thriller,dead zone the
2119,Maximum Overdrive (1986),Horror,maximum overdrive
2120,Needful Things (1993),Drama|Horror,needful things
2121,Cujo (1983),Horror|Thriller,cujo
2122,Children of the Corn (1984),Horror|Thriller,children of the corn
2123,All Dogs Go to Heaven (1989),Animation|Children's,all dogs go to heaven
2124,"Addams Family, The (1991)",Comedy,addams family the
2125,Ever After: A Cinderella Story (1998),Drama|Romance,ever after a cinderella story
2126,Snake Eyes (1998),Action|Crime|Mystery|Thriller,snake eyes
2127,"First Love, Last Rites (1997)",Drama|Romance,first love last rites
2128,Safe Men (1998),Comedy,safe men
2129,"Saltmen of Tibet, The (1997)",Documentary,saltmen of tibet the
2130,Atlantic City (1980),Crime|Drama|Romance,atlantic city
2131,Autumn Sonata (Höstsonaten ) (1978),Drama,autumn sonata hstsonaten
2132,Who's Afraid of Virginia Woolf? (1966),Drama,whos afraid of virginia woolf
2133,Adventures in Babysitting (1987),Adventure|Comedy,adventures in babysitting
2134,Weird Science (1985),Comedy,weird science
2135,Doctor Dolittle (1967),Adventure|Musical,doctor dolittle
2136,"Nutty Professor, The (1963)",Comedy,nutty professor the
2137,Charlotte's Web (1973),Animation|Children's,charlottes web
2138,Watership Down (1978),Animation|Children's|Drama|Fantasy,watership down
2139,"Secret of NIMH, The (1982)",Animation|Children's,secret of nimh the
2140,"Dark Crystal, The (1982)",Children's|Fantasy|Sci-Fi,dark crystal the
2141,"American Tail, An (1986)",Animation|Children's|Comedy,american tail an
2142,"American Tail: Fievel Goes West, An (1991)",Animation|Children's|Comedy,american tail fievel goes west an
2143,Legend (1985),Adventure|Fantasy|Romance,legend
2144,Sixteen Candles (1984),Comedy,sixteen candles
2145,Pretty in Pink (1986),Comedy|Drama|Romance,pretty in pink
2146,St. Elmo's Fire (1985),Drama|Romance,st elmos fire
2147,"Clan of the Cave Bear, The (1986)",Drama,clan of the cave bear the
2148,House (1986),Comedy|Horror,house
2149,House II: The Second Story (1987),Comedy|Horror,house ii the second story
2150,"Gods Must Be Crazy, The (1980)",Comedy,gods must be crazy the
2151,"Gods Must Be Crazy II, The (1989)",Comedy,gods must be crazy ii the
2152,Air Bud: Golden Receiver (1998),Children's|Comedy,air bud golden receiver
2153,"Avengers, The (1998)",Action|Adventure,avengers the
2154,How Stella Got Her Groove Back (1998),Drama|Romance,how stella got her groove back
2155,"Slums of Beverly Hills, The (1998)",Comedy,slums of beverly hills the
2156,"Best Man, The (Il Testimone dello sposo) (1997)",Comedy|Drama,best man the il testimone dello sposo
2157,"Chambermaid on the Titanic, The (1998)",Romance,chambermaid on the titanic the
2158,"Henry: Portrait of a Serial Killer, Part 2 (1996)",Crime|Horror,henry portrait of a serial killer part 2
2159,Henry: Portrait of a Serial Killer (1990),Crime|Horror,henry portrait of a serial killer
2160,Rosemary's Baby (1968),Horror|Thriller,rosemarys baby
2161,"NeverEnding Story, The (1984)",Adventure|Children's|Fantasy,neverending story the
2162,"NeverEnding Story II: The Next Chapter, The (1990)",Adventure|Children's|Fantasy,neverending story ii the next chapter the
2163,Attack of the Killer Tomatoes! (1980),Comedy|Horror,attack of the killer tomatoes
2164,Surf Nazis Must Die (1987),Drama,surf nazis must die
2165,Your Friends and Neighbors (1998),Drama,your friends and neighbors
2166,Return to Paradise (1998),Drama|Romance,return to paradise
2167,Blade (1998),Action|Adventure|Horror,blade
2168,Dance with Me (1998),Drama|Romance,dance with me
2169,Dead Man on Campus (1998),Comedy,dead man on campus
2170,Wrongfully Accused (1998),Action|Comedy,wrongfully accused
2171,"Next Stop, Wonderland (1998)",Comedy|Drama|Romance,next stop wonderland
2172,"Strike! (a.k.a. All I Wanna Do, The Hairy Bird) (1998)",Comedy,strike aka all i wanna do the hairy bird
2173,"Navigator: A Mediaeval Odyssey, The (1988)",Adventure|Fantasy|Sci-Fi,navigator a mediaeval odyssey the
2174,Beetlejuice (1988),Comedy|Fantasy,beetlejuice
2175,Déjà Vu (1997),Drama|Romance,dj vu
2176,Rope (1948),Thriller,rope
2177,Family Plot (1976),Comedy|Thriller,family plot
2178,Frenzy (1972),Thriller,frenzy
2179,Topaz (1969),Thriller,topaz
2180,Torn Curtain (1966),Thriller,torn curtain
2181,Marnie (1964),Thriller,marnie
2182,"Wrong Man, The (1956)",Drama|Film-Noir|Thriller,wrong man the
2183,"Man Who Knew Too Much, The (1956)",Thriller,man who knew too much the
2184,"Trouble with Harry, The (1955)",Mystery|Thriller,trouble with harry the
2185,I Confess (1953),Thriller,i confess
2186,Strangers on a Train (1951),Film-Noir|Thriller,strangers on a train
2187,Stage Fright (1950),Mystery|Thriller,stage fright
2188,54 (1998),Drama,54
2189,I Married A Strange Person (1997),Animation,i married a strange person
2190,Why Do Fools Fall In Love? (1998),Drama,why do fools fall in love
2191,"Merry War, A (1997)",Comedy,merry war a
2192,See the Sea (Regarde la mer) (1997),Drama,see the sea regarde la mer
2193,Willow (1988),Action|Adventure|Fantasy,willow
2194,"Untouchables, The (1987)",Action|Crime|Drama,untouchables the
2195,Dirty Work (1998),Comedy,dirty work
2196,Knock Off (1998),Action,knock off
2197,Firelight (1997),Drama,firelight
2198,Modulations (1998),Documentary,modulations
2199,Phoenix (1998),Crime|Drama,phoenix
2200,Under Capricorn (1949),Drama,under capricorn
2201,"Paradine Case, The (1947)",Drama,paradine case the
2202,Lifeboat (1944),Drama|Thriller|War,lifeboat
2203,Shadow of a Doubt (1943),Film-Noir|Thriller,shadow of a doubt
2204,Saboteur (1942),Thriller,saboteur
2205,Mr. & Mrs. Smith (1941),Comedy,mr  mrs smith
2206,Suspicion (1941),Mystery|Thriller,suspicion
2207,Jamaica Inn (1939),Drama,jamaica inn
2208,"Lady Vanishes, The (1938)",Comedy|Mystery|Romance|Thriller,lady vanishes the
2209,Young and Innocent (1937),Crime|Thriller,young and innocent
2210,Sabotage (1936),Thriller,sabotage
2211,Secret Agent (1936),Thriller,secret agent
2212,"Man Who Knew Too Much, The (1934)",Thriller,man who knew too much the
2213,Waltzes from Vienna (1933),Comedy|Musical,waltzes from vienna
2214,Number Seventeen (1932),Thriller,number seventeen
2215,Rich and Strange (1932),Comedy|Romance,rich and strange
2216,"Skin Game, The (1931)",Drama,skin game the
2217,Elstree Calling (1930),Comedy|Musical,elstree calling
2218,Juno and Paycock (1930),Drama,juno and paycock
2219,Murder! (1930),Mystery|Thriller,murder
2220,"Manxman, The (1929)",Drama,manxman the
2221,Blackmail (1929),Thriller,blackmail
2222,Champagne (1928),Comedy,champagne
2223,"Farmer's Wife, The (1928)",Comedy,farmers wife the
2224,Downhill (1927),Drama,downhill
2225,Easy Virtue (1927),Drama,easy virtue
2226,"Ring, The (1927)",Drama,ring the
2227,"Lodger, The (1926)",Thriller,lodger the
2228,"Mountain Eagle, The (1926)",Drama,mountain eagle the
2229,"Pleasure Garden, The (1925)",Drama,pleasure garden the
2230,Always Tell Your Wife (1923),Comedy,always tell your wife
2231,Rounders (1998),Crime|Drama,rounders
2232,Cube (1997),Sci-Fi|Thriller,cube
2233,Digging to China (1998),Drama,digging to china
2234,Let's Talk About Sex (1998),Drama,lets talk about sex
2235,One Man's Hero (1999),Drama|War,one mans hero
2236,Simon Birch (1998),Drama,simon birch
2237,Without Limits (1998),Drama,without limits
2238,Seven Beauties (Pasqualino Settebellezze) (1976),Comedy|Drama,seven beauties pasqualino settebellezze
2239,Swept Away (Travolti da un insolito destino nell'azzurro mare d'Agosto) (1975),Comedy|Drama,swept away travolti da un insolito destino nellazzurro mare dagosto
2240,My Bodyguard (1980),Drama,my bodyguard
2241,Class (1983),Comedy,class
2242,"Grandview, U.S.A. (1984)",Drama,grandview usa
2243,Broadcast News (1987),Comedy|Drama|Romance,broadcast news
2244,"Allnighter, The (1987)",Comedy|Romance,allnighter the
2245,Working Girl (1988),Comedy|Drama,working girl
2246,Stars and Bars (1988),Comedy,stars and bars
2247,Married to the Mob (1988),Comedy,married to the mob
2248,Say Anything... (1989),Comedy|Drama|Romance,say anything
2249,My Blue Heaven (1990),Comedy,my blue heaven
2250,Men Don't Leave (1990),Drama,men dont leave
2251,"Cabinet of Dr. Ramirez, The (1991)",Comedy,cabinet of dr ramirez the
2252,Hero (1992),Comedy|Drama,hero
2253,Toys (1992),Action|Comedy|Fantasy,toys
2254,Choices (1981),Drama,choices
2255,Young Doctors in Love (1982),Comedy,young doctors in love
2256,Parasite (1982),Horror|Sci-Fi,parasite
2257,No Small Affair (1984),Comedy|Romance,no small affair
2258,Master Ninja I (1984),Action,master ninja i
2259,Blame It on Rio (1984),Comedy|Romance,blame it on rio
2260,Wisdom (1986),Action|Crime,wisdom
2261,One Crazy Summer (1986),Comedy,one crazy summer
2262,About Last Night... (1986),Comedy|Drama|Romance,about last night
2263,"Seventh Sign, The (1988)",Thriller,seventh sign the
2264,We're No Angels (1989),Drama,were no angels
2265,Nothing But Trouble (1991),Adventure|Comedy,nothing but trouble
2266,"Butcher's Wife, The (1991)",Comedy|Romance,butchers wife the
2267,Mortal Thoughts (1991),Mystery|Thriller,mortal thoughts
2268,"Few Good Men, A (1992)",Crime|Drama,few good men a
2269,Indecent Proposal (1993),Drama,indecent proposal
2270,"Century of Cinema, A (1994)",Documentary,century of cinema a
2271,Permanent Midnight (1998),Drama,permanent midnight
2272,One True Thing (1998),Drama,one true thing
2273,Rush Hour (1998),Action|Thriller,rush hour
2274,Lilian's Story (1995),Drama,lilians story
2275,Six-String Samurai (1998),Action|Adventure|Sci-Fi,sixstring samurai
2276,"Soldier's Daughter Never Cries, A (1998)",Drama,soldiers daughter never cries a
2277,Somewhere in the City (1997),Drama,somewhere in the city
2278,Ronin (1998),Action|Crime|Thriller,ronin
2279,Urban Legend (1998),Horror|Thriller,urban legend
2280,Clay Pigeons (1998),Crime,clay pigeons
2281,Monument Ave. (1998),Crime,monument ave
2282,Pecker (1998),Comedy|Drama,pecker
2283,"Sheltering Sky, The (1990)",Drama,sheltering sky the
2284,Bandit Queen (1994),Drama,bandit queen
2285,If.... (1968),Drama,if
2286,"Fiendish Plot of Dr. Fu Manchu, The (1980)",Comedy,fiendish plot of dr fu manchu the
2287,Them! (1954),Sci-Fi|Thriller|War,them
2288,"Thing, The (1982)",Action|Horror|Sci-Fi|Thriller,thing the
2289,"Player, The (1992)",Comedy|Drama,player the
2290,Stardust Memories (1980),Comedy|Drama,stardust memories
2291,Edward Scissorhands (1990),Drama|Romance,edward scissorhands
2292,Overnight Delivery (1996),Romance,overnight delivery
2293,Shadrach (1998),Drama,shadrach
2294,Antz (1998),Animation|Children's,antz
2295,"Impostors, The (1998)",Comedy,impostors the
2296,"Night at the Roxbury, A (1998)",Comedy,night at the roxbury a
2297,What Dreams May Come (1998),Drama|Romance,what dreams may come
2298,Strangeland (1998),Thriller,strangeland
2299,"Battle of the Sexes, The (1959)",Comedy,battle of the sexes the
2300,"Producers, The (1968)",Comedy|Musical,producers the
2301,History of the World: Part I (1981),Comedy,history of the world part i
2302,My Cousin Vinny (1992),Comedy,my cousin vinny
2303,Nashville (1975),Drama|Musical,nashville
2304,Love Is the Devil (1998),Drama,love is the devil
2305,Slam (1998),Drama,slam
2306,Holy Man (1998),Comedy,holy man
2307,One Tough Cop (1998),Action|Drama,one tough cop
2308,Detroit 9000 (1973),Action|Crime,detroit 9000
2309,"Inheritors, The (Die Siebtelbauern) (1998)",Drama,inheritors the die siebtelbauern
2310,"Mighty, The (1998)",Drama,mighty the
2311,2010 (1984),Mystery|Sci-Fi,2010
2312,Children of a Lesser God (1986),Drama,children of a lesser god
2313,"Elephant Man, The (1980)",Drama,elephant man the
2314,Beloved (1998),Drama,beloved
2315,Bride of Chucky (1998),Horror|Thriller,bride of chucky
2316,Practical Magic (1998),Drama|Romance,practical magic
2317,"Alarmist, The (1997)",Comedy,alarmist the
2318,Happiness (1998),Comedy,happiness
2319,Reach the Rock (1997),Comedy,reach the rock
2320,Apt Pupil (1998),Drama|Thriller,apt pupil
2321,Pleasantville (1998),Comedy,pleasantville
2322,Soldier (1998),Action|Adventure|Sci-Fi|Thriller|War,soldier
2323,"Cruise, The (1998)",Documentary,cruise the
2324,Life Is Beautiful (La Vita è bella) (1997),Comedy|Drama,life is beautiful la vita  bella
2325,Orgazmo (1997),Comedy,orgazmo
2326,Shattered Image (1998),Drama|Thriller,shattered image
2327,Tales from the Darkside: The Movie (1990),Horror,tales from the darkside the movie
2328,Vampires (1998),Horror,vampires
2329,American History X (1998),Drama,american history x
2330,Hands on a Hard Body (1996),Documentary,hands on a hard body
2331,Living Out Loud (1998),Comedy|Romance,living out loud
2332,Belly (1998),Crime|Drama,belly
2333,Gods and Monsters (1998),Drama,gods and monsters
2334,"Siege, The (1998)",Action|Thriller,siege the
2335,"Waterboy, The (1998)",Comedy,waterboy the
2336,Elizabeth (1998),Drama,elizabeth
2337,Velvet Goldmine (1998),Drama,velvet goldmine
2338,I Still Know What You Did Last Summer (1998),Horror|Mystery|Thriller,i still know what you did last summer
2339,I'll Be Home For Christmas (1998),Comedy|Romance,ill be home for christmas
2340,Meet Joe Black (1998),Romance,meet joe black
2341,Dancing at Lughnasa (1998),Drama,dancing at lughnasa
2342,Hard Core Logo (1996),Comedy,hard core logo
2343,"Naked Man, The (1998)",Drama,naked man the
2344,Runaway Train (1985),Action|Adventure|Drama|Thriller,runaway train
2345,Desert Bloom (1986),Drama,desert bloom
2346,"Stepford Wives, The (1975)",Sci-Fi|Thriller,stepford wives the
2347,"Pope of Greenwich Village, The (1984)",Action,pope of greenwich village the
2348,Sid and Nancy (1986),Drama,sid and nancy
2349,Mona Lisa (1986),Comedy|Thriller,mona lisa
2350,Heart Condition (1990),Comedy,heart condition
2351,Nights of Cabiria (Le Notti di Cabiria) (1957),Drama,nights of cabiria le notti di cabiria
2352,"Big Chill, The (1983)",Comedy|Drama,big chill the
2353,Enemy of the State (1998),Action|Thriller,enemy of the state
2354,"Rugrats Movie, The (1998)",Animation|Children's|Comedy,rugrats movie the
2355,"Bug's Life, A (1998)",Animation|Children's|Comedy,bugs life a
2356,Celebrity (1998),Comedy,celebrity
2357,Central Station (Central do Brasil) (1998),Drama,central station central do brasil
2358,Savior (1998),Drama,savior
2359,Waking Ned Devine (1998),Comedy,waking ned devine
2360,"Celebration, The (Festen) (1998)",Drama,celebration the festen
2361,Pink Flamingos (1972),Comedy,pink flamingos
2362,Glen or Glenda (1953),Drama,glen or glenda
2363,Godzilla (Gojira) (1954),Action|Sci-Fi,godzilla gojira
2364,Godzilla (Gojira) (1984),Action|Sci-Fi,godzilla gojira
2365,King Kong vs. Godzilla (Kingukongu tai Gojira) (1962),Action|Sci-Fi,king kong vs godzilla kingukongu tai gojira
2366,King Kong (1933),Action|Adventure|Horror,king kong
2367,King Kong (1976),Action|Adventure|Horror,king kong
2368,King Kong Lives (1986),Action|Adventure|Horror,king kong lives
2369,Desperately Seeking Susan (1985),Comedy|Romance,desperately seeking susan
2370,"Emerald Forest, The (1985)",Action|Adventure|Drama,emerald forest the
2371,Fletch (1985),Comedy,fletch
2372,Fletch Lives (1989),Comedy,fletch lives
2373,Red Sonja (1985),Action|Adventure,red sonja
2374,Gung Ho (1986),Comedy|Drama,gung ho
2375,"Money Pit, The (1986)",Comedy,money pit the
2376,"View to a Kill, A (1985)",Action,view to a kill a
2377,Lifeforce (1985),Horror|Sci-Fi,lifeforce
2378,Police Academy (1984),Comedy,police academy
2379,Police Academy 2: Their First Assignment (1985),Comedy,police academy 2 their first assignment
2380,Police Academy 3: Back in Training (1986),Comedy,police academy 3 back in training
2381,Police Academy 4: Citizens on Patrol (1987),Comedy,police academy 4 citizens on patrol
2382,Police Academy 5: Assignment: Miami Beach (1988),Comedy,police academy 5 assignment miami beach
2383,Police Academy 6: City Under Siege (1989),Comedy,police academy 6 city under siege
2384,Babe: Pig in the City (1998),Children's|Comedy,babe pig in the city
2385,Home Fries (1998),Comedy|Romance,home fries
2386,Jerry Springer: Ringmaster (1998),Drama,jerry springer ringmaster
2387,Very Bad Things (1998),Comedy|Crime,very bad things
2388,Steam: The Turkish Bath (Hamam) (1997),Drama|Romance,steam the turkish bath hamam
2389,Psycho (1998),Crime|Horror|Thriller,psycho
2390,Little Voice (1998),Comedy,little voice
2391,"Simple Plan, A (1998)",Crime|Thriller,simple plan a
2392,Jack Frost (1998),Comedy|Drama,jack frost
2393,Star Trek: Insurrection (1998),Action|Sci-Fi,star trek insurrection
2394,"Prince of Egypt, The (1998)",Animation|Musical,prince of egypt the
2395,Rushmore (1998),Comedy,rushmore
2396,Shakespeare in Love (1998),Comedy|Romance,shakespeare in love
2397,Mass Appeal (1984),Drama,mass appeal
2398,Miracle on 34th Street (1947),Drama,miracle on 34th street
2399,Santa Claus: The Movie (1985),Adventure|Children's|Fantasy,santa claus the movie
2400,Prancer (1989),Children's|Drama,prancer
2401,Pale Rider (1985),Western,pale rider
2402,Rambo: First Blood Part II (1985),Action|War,rambo first blood part ii
2403,First Blood (1982),Action,first blood
2404,Rambo III (1988),Action|War,rambo iii
2405,"Jewel of the Nile, The (1985)",Action|Adventure|Comedy|Romance,jewel of the nile the
2406,Romancing the Stone (1984),Action|Adventure|Comedy|Romance,romancing the stone
2407,Cocoon (1985),Comedy|Sci-Fi,cocoon
2408,Cocoon: The Return (1988),Comedy|Sci-Fi,cocoon the return
2409,Rocky II (1979),Action|Drama,rocky ii
2410,Rocky III (1982),Action|Drama,rocky iii
2411,Rocky IV (1985),Action|Drama,rocky iv
2412,Rocky V (1990),Action|Drama,rocky v
2413,Clue (1985),Comedy|Mystery,clue
2414,Young Sherlock Holmes (1985),Action|Adventure|Mystery,young sherlock holmes
2415,Violets Are Blue... (1986),Drama|Romance,violets are blue
2416,Back to School (1986),Comedy,back to school
2417,Heartburn (1986),Comedy|Drama,heartburn
2418,Nothing in Common (1986),Comedy,nothing in common
2419,Extremities (1986),Drama|Thriller,extremities
2420,"Karate Kid, The (1984)",Drama,karate kid the
2421,"Karate Kid, Part II, The (1986)",Action|Adventure|Drama,karate kid part ii the
2422,"Karate Kid III, The (1989)",Action|Adventure|Drama,karate kid iii the
2423,Christmas Vacation (1989),Comedy,christmas vacation
2424,You've Got Mail (1998),Comedy|Romance,youve got mail
2425,"General, The (1998)",Crime,general the
2426,"Theory of Flight, The (1998)",Comedy|Drama|Romance,theory of flight the
2427,"Thin Red Line, The (1998)",Action|Drama|War,thin red line the
2428,"Faculty, The (1998)",Horror|Sci-Fi,faculty the
2429,Mighty Joe Young (1998),Adventure|Children's|Drama,mighty joe young
2430,Mighty Joe Young (1949),Adventure|Children's|Drama,mighty joe young
2431,Patch Adams (1998),Comedy|Drama,patch adams
2432,Stepmom (1998),Drama,stepmom
2433,"Civil Action, A (1998)",Drama,civil action a
2434,Down in the Delta (1998),Drama,down in the delta
2435,Hurlyburly (1998),Drama,hurlyburly
2436,Tea with Mussolini (1999),Comedy,tea with mussolini
2437,Wilde (1997),Drama,wilde
2438,Outside Ozona (1998),Drama|Thriller,outside ozona
2439,Affliction (1997),Drama,affliction
2440,Another Day in Paradise (1998),Drama,another day in paradise
2441,"Hi-Lo Country, The (1998)",Drama|Western,hilo country the
2442,Hilary and Jackie (1998),Drama,hilary and jackie
2443,Playing by Heart (1998),Drama|Romance,playing by heart
2444,24 7: Twenty Four Seven (1997),Comedy|Drama,24 7 twenty four seven
2445,At First Sight (1999),Drama,at first sight
2446,In Dreams (1999),Thriller,in dreams
2447,Varsity Blues (1999),Comedy|Drama,varsity blues
2448,Virus (1999),Horror|Sci-Fi,virus
2449,"Garbage Pail Kids Movie, The (1987)",Adventure|Children's,garbage pail kids movie the
2450,Howard the Duck (1986),Adventure|Children's|Sci-Fi,howard the duck
2451,"Gate, The (1987)",Horror,gate the
2452,"Gate II: Trespassers, The (1990)",Horror,gate ii trespassers the
2453,"Boy Who Could Fly, The (1986)",Drama|Fantasy,boy who could fly the
2454,"Fly, The (1958)",Horror|Sci-Fi,fly the
2455,"Fly, The (1986)",Horror|Sci-Fi,fly the
2456,"Fly II, The (1989)",Horror|Sci-Fi,fly ii the
2457,Running Scared (1986),Action|Comedy,running scared
2458,Armed and Dangerous (1986),Comedy|Crime,armed and dangerous
2459,"Texas Chainsaw Massacre, The (1974)",Horror,texas chainsaw massacre the
2460,"Texas Chainsaw Massacre 2, The (1986)",Horror,texas chainsaw massacre 2 the
2461,Leatherface: Texas Chainsaw Massacre III (1990),Horror,leatherface texas chainsaw massacre iii
2462,"Return of the Texas Chainsaw Massacre, The (1994)",Horror,return of the texas chainsaw massacre the
2463,Ruthless People (1986),Comedy,ruthless people
2464,Trick or Treat (1986),Horror,trick or treat
2465,Deadly Friend (1986),Horror,deadly friend
2466,Belizaire the Cajun (1986),Drama,belizaire the cajun
2467,"Name of the Rose, The (1986)",Mystery,name of the rose the
2468,Jumpin' Jack Flash (1986),Action|Comedy|Romance|Thriller,jumpin jack flash
2469,Peggy Sue Got Married (1986),Comedy|Romance,peggy sue got married
2470,Crocodile Dundee (1986),Adventure|Comedy,crocodile dundee
2471,Crocodile Dundee II (1988),Adventure|Comedy,crocodile dundee ii
2472,Tough Guys (1986),Comedy,tough guys
2473,Soul Man (1986),Comedy,soul man
2474,"Color of Money, The (1986)",Drama,color of money the
2475,52 Pick-Up (1986),Action|Mystery|Thriller,52 pickup
2476,Heartbreak Ridge (1986),Action|War,heartbreak ridge
2477,Firewalker (1986),Adventure,firewalker
2478,Three Amigos! (1986),Comedy|Western,three amigos
2479,Gloria (1999),Drama|Thriller,gloria
2480,Dry Cleaning (Nettoyage à sec) (1997),Drama,dry cleaning nettoyage  sec
2481,My Name Is Joe (1998),Drama|Romance,my name is joe
2482,Still Crazy (1998),Comedy|Romance,still crazy
2483,"Day of the Beast, The (El Día de la bestia) (1995)",Comedy|Horror|Thriller,day of the beast the el da de la bestia
2484,Tinseltown (1998),Comedy,tinseltown
2485,She's All That (1999),Comedy|Romance,shes all that
2486,24-hour Woman (1998),Drama,24hour woman
2487,"Blood, Guts, Bullets and Octane (1998)",Action|Comedy,blood guts bullets and octane
2488,Peeping Tom (1960),Drama|Horror|Thriller,peeping tom
2489,Spanish Fly (1998),Drama,spanish fly
2490,Payback (1999),Action|Thriller,payback
2491,Simply Irresistible (1999),Comedy|Romance,simply irresistible
2492,20 Dates (1998),Comedy,20 dates
2493,"Harmonists, The (1997)",Drama,harmonists the
2494,"Last Days, The (1998)",Documentary,last days the
2495,"Fantastic Planet, The (La Planète sauvage) (1973)",Animation|Sci-Fi,fantastic planet the la plante sauvage
2496,Blast from the Past (1999),Comedy|Romance,blast from the past
2497,Message in a Bottle (1999),Romance,message in a bottle
2498,My Favorite Martian (1999),Comedy|Sci-Fi,my favorite martian
2499,God Said 'Ha!' (1998),Comedy,god said ha
2500,Jawbreaker (1999),Comedy,jawbreaker
2501,October Sky (1999),Drama,october sky
2502,Office Space (1999),Comedy|Romance,office space
2503,"Apple, The (Sib) (1998)",Drama,apple the sib
2504,200 Cigarettes (1999),Comedy|Drama,200 cigarettes
2505,8MM (1999),Thriller,8mm
2506,"Other Sister, The (1999)",Comedy|Drama|Romance,other sister the
2507,Breakfast of Champions (1999),Comedy,breakfast of champions
2508,"Breaks, The (1999)",Drama,breaks the
2509,Eight Days a Week (1997),Comedy,eight days a week
2510,Just the Ticket (1999),Comedy|Romance,just the ticket
2511,"Long Goodbye, The (1973)",Crime,long goodbye the
2512,"Ballad of Narayama, The (Narayama Bushiko) (1982)",Drama,ballad of narayama the narayama bushiko
2513,Pet Sematary (1989),Horror,pet sematary
2514,Pet Sematary II (1992),Horror,pet sematary ii
2515,Children of the Corn II: The Final Sacrifice (1993),Horror,children of the corn ii the final sacrifice
2516,Children of the Corn III (1994),Horror,children of the corn iii
2517,Christine (1983),Horror,christine
2518,Night Shift (1982),Comedy,night shift
2519,House on Haunted Hill (1958),Horror,house on haunted hill
2520,Airport (1970),Drama,airport
2521,Airport 1975 (1974),Drama,airport 1975
2522,Airport '77 (1977),Drama,airport 77
2523,Rollercoaster (1977),Drama|Thriller,rollercoaster
2524,"Towering Inferno, The (1974)",Action|Drama,towering inferno the
2525,Alligator (1980),Action|Horror|Sci-Fi,alligator
2526,Meteor (1979),Sci-Fi,meteor
2527,Westworld (1973),Action|Sci-Fi|Thriller|Western,westworld
2528,Logan's Run (1976),Action|Adventure|Sci-Fi,logans run
2529,Planet of the Apes (1968),Action|Sci-Fi,planet of the apes
2530,Beneath the Planet of the Apes (1970),Action|Sci-Fi,beneath the planet of the apes
2531,Battle for the Planet of the Apes (1973),Action|Sci-Fi,battle for the planet of the apes
2532,Conquest of the Planet of the Apes (1972),Action|Sci-Fi,conquest of the planet of the apes
2533,Escape from the Planet of the Apes (1971),Action|Sci-Fi,escape from the planet of the apes
2534,Avalanche (1978),Action,avalanche
2535,Earthquake (1974),Action,earthquake
2536,"Concorde: Airport '79, The (1979)",Drama,concorde airport 79 the
2537,Beyond the Poseidon Adventure (1979),Adventure,beyond the poseidon adventure
2538,Dancemaker (1998),Documentary,dancemaker
2539,Analyze This (1999),Comedy,analyze this
2540,"Corruptor, The (1999)",Action|Crime|Drama|Thriller,corruptor the
2541,Cruel Intentions (1999),Drama,cruel intentions
2542,"Lock, Stock & Two Smoking Barrels (1998)",Comedy|Crime|Thriller,lock stock  two smoking barrels
2543,Six Ways to Sunday (1997),Comedy,six ways to sunday
2544,"School of Flesh, The (L' École de la chair) (1998)",Drama,school of flesh the l cole de la chair
2545,Relax... It's Just Sex (1998),Comedy,relax its just sex
2546,"Deep End of the Ocean, The (1999)",Drama,deep end of the ocean the
2547,Harvest (1998),Drama,harvest
2548,"Rage: Carrie 2, The (1999)",Horror,rage carrie 2 the
2549,Wing Commander (1999),Action|Sci-Fi,wing commander
2550,"Haunting, The (1963)",Horror|Thriller,haunting the
2551,Dead Ringers (1988),Drama|Thriller,dead ringers
2552,My Boyfriend's Back (1993),Comedy,my boyfriends back
2553,Village of the Damned (1960),Horror|Sci-Fi|Thriller,village of the damned
2554,Children of the Damned (1963),Horror|Sci-Fi|Thriller,children of the damned
2555,Baby Geniuses (1999),Comedy,baby geniuses
2556,Telling You (1998),Comedy|Drama|Romance,telling you
2557,I Stand Alone (Seul contre tous) (1998),Drama,i stand alone seul contre tous
2558,Forces of Nature (1999),Comedy|Romance,forces of nature
2559,"King and I, The (1999)",Animation|Children's,king and i the
2560,Ravenous (1999),Drama|Horror,ravenous
2561,True Crime (1999),Crime|Thriller,true crime
2562,Bandits (1997),Drama,bandits
2563,Beauty (1998),Drama,beauty
2564,"Empty Mirror, The (1999)",Drama,empty mirror the
2565,"King and I, The (1956)",Musical,king and i the
2566,Doug's 1st Movie (1999),Animation|Children's,dougs 1st movie
2567,EDtv (1999),Comedy,edtv
2568,"Mod Squad, The (1999)",Action|Crime,mod squad the
2569,Among Giants (1998),Drama|Romance,among giants
2570,"Walk on the Moon, A (1999)",Drama|Romance,walk on the moon a
2571,"Matrix, The (1999)",Action|Sci-Fi|Thriller,matrix the
2572,10 Things I Hate About You (1999),Comedy|Romance,10 things i hate about you
2573,Tango (1998),Drama,tango
2574,"Out-of-Towners, The (1999)",Comedy,outoftowners the
2575,"Dreamlife of Angels, The (La Vie rêvée des anges) (1998)",Drama,dreamlife of angels the la vie rve des anges
2576,"Love, etc. (1996)",Drama,love etc
2577,Metroland (1997),Comedy|Drama,metroland
2578,"Sticky Fingers of Time, The (1997)",Sci-Fi,sticky fingers of time the
2579,Following (1998),Drama,following
2580,Go (1999),Crime,go
2581,Never Been Kissed (1999),Comedy|Romance,never been kissed
2582,Twin Dragons (Shuang long hui) (1992),Action|Comedy,twin dragons shuang long hui
2583,Cookie's Fortune (1999),Mystery,cookies fortune
2584,Foolish (1999),Comedy,foolish
2585,"Lovers of the Arctic Circle, The (Los Amantes del Círculo Polar) (1998)",Drama|Romance,lovers of the arctic circle the los amantes del crculo polar
2586,"Goodbye, Lover (1999)",Comedy|Crime|Thriller,goodbye lover
2587,Life (1999),Comedy,life
2588,Clubland (1998),Drama,clubland
2589,Friends & Lovers (1999),Comedy|Drama|Romance,friends  lovers
2590,Hideous Kinky (1998),Drama,hideous kinky
2591,Jeanne and the Perfect Guy (Jeanne et le garçon formidable) (1998),Comedy|Romance,jeanne and the perfect guy jeanne et le garon formidable
2592,"Joyriders, The (1999)",Drama,joyriders the
2593,"Monster, The (Il Mostro) (1994)",Comedy,monster the il mostro
2594,Open Your Eyes (Abre los ojos) (1997),Drama|Romance|Sci-Fi,open your eyes abre los ojos
2595,Photographer (Fotoamator) (1998),Documentary,photographer fotoamator
2596,SLC Punk! (1998),Comedy|Drama,slc punk
2597,Lost & Found (1999),Comedy|Romance,lost  found
2598,Pushing Tin (1999),Comedy,pushing tin
2599,Election (1999),Comedy,election
2600,eXistenZ (1999),Action|Sci-Fi|Thriller,existenz
2601,"Little Bit of Soul, A (1998)",Comedy,little bit of soul a
2602,Mighty Peking Man (Hsing hsing wang) (1977),Adventure|Sci-Fi,mighty peking man hsing hsing wang
2603,Nô (1998),Drama,n
2604,Let it Come Down: The Life of Paul Bowles (1998),Documentary,let it come down the life of paul bowles
2605,Entrapment (1999),Crime|Thriller,entrapment
2606,Idle Hands (1999),Comedy|Horror,idle hands
2607,Get Real (1998),Drama,get real
2608,Heaven (1998),Thriller,heaven
2609,"King of Masks, The (Bian Lian) (1996)",Drama,king of masks the bian lian
2610,Three Seasons (1999),Drama,three seasons
2611,"Winslow Boy, The (1998)",Drama,winslow boy the
2612,Mildred Pierce (1945),Drama,mildred pierce
2613,Night of the Comet (1984),Action|Horror|Sci-Fi,night of the comet
2614,Chopping Mall (a.k.a. Killbots) (1986),Action|Horror|Sci-Fi,chopping mall aka killbots
2615,My Science Project (1985),Adventure|Sci-Fi,my science project
2616,Dick Tracy (1990),Action|Crime,dick tracy
2617,"Mummy, The (1999)",Action|Adventure|Horror|Thriller,mummy the
2618,"Castle, The (1997)",Comedy,castle the
2619,Mascara (1999),Drama,mascara
2620,This Is My Father (1998),Drama|Romance,this is my father
2621,Xiu Xiu: The Sent-Down Girl (Tian yu) (1998),Drama|Romance,xiu xiu the sentdown girl tian yu
2622,"Midsummer Night's Dream, A (1999)",Comedy|Fantasy,midsummer nights dream a
2623,Trippin' (1999),Comedy,trippin
2624,After Life (1998),Drama,after life
2625,Black Mask (Hak hap) (1996),Action,black mask hak hap
2626,Edge of Seventeen (1998),Comedy|Drama|Romance,edge of seventeen
2627,Endurance (1998),Documentary|Drama,endurance
2628,Star Wars: Episode I - The Phantom Menace (1999),Action|Adventure|Fantasy|Sci-Fi,star wars episode i  the phantom menace
2629,"Love Letter, The (1999)",Comedy|Romance,love letter the
2630,Besieged (L' Assedio) (1998),Drama,besieged l assedio
2631,Frogs for Snakes (1998),Comedy|Film-Noir|Thriller,frogs for snakes
2632,"Saragossa Manuscript, The (Rekopis znaleziony w Saragossie) (1965)",Drama,saragossa manuscript the rekopis znaleziony w saragossie
2633,"Mummy, The (1932)",Horror|Romance,mummy the
2634,"Mummy, The (1959)",Horror,mummy the
2635,"Mummy's Curse, The (1944)",Horror,mummys curse the
2636,"Mummy's Ghost, The (1944)",Horror,mummys ghost the
2637,"Mummy's Hand, The (1940)",Horror,mummys hand the
2638,"Mummy's Tomb, The (1942)",Horror,mummys tomb the
2639,Mommie Dearest (1981),Drama,mommie dearest
2640,Superman (1978),Action|Adventure|Sci-Fi,superman
2641,Superman II (1980),Action|Adventure|Sci-Fi,superman ii
2642,Superman III (1983),Action|Adventure|Sci-Fi,superman iii
2643,Superman IV: The Quest for Peace (1987),Action|Adventure|Sci-Fi,superman iv the quest for peace
2644,Dracula (1931),Horror,dracula
2645,Dracula (1958),Horror,dracula
2646,House of Dracula (1945),Horror,house of dracula
2647,House of Frankenstein (1944),Horror,house of frankenstein
2648,Frankenstein (1931),Horror,frankenstein
2649,Son of Frankenstein (1939),Horror,son of frankenstein
2650,"Ghost of Frankenstein, The (1942)",Horror,ghost of frankenstein the
2651,Frankenstein Meets the Wolf Man (1943),Horror,frankenstein meets the wolf man
2652,"Curse of Frankenstein, The (1957)",Horror,curse of frankenstein the
2653,Son of Dracula (1943),Horror,son of dracula
2654,"Wolf Man, The (1941)",Horror,wolf man the
2655,Howling II: Your Sister Is a Werewolf (1985),Horror,howling ii your sister is a werewolf
2656,Tarantula (1955),Horror|Sci-Fi,tarantula
2657,"Rocky Horror Picture Show, The (1975)",Comedy|Horror|Musical|Sci-Fi,rocky horror picture show the
2658,"Flying Saucer, The (1950)",Sci-Fi,flying saucer the
2659,It Came from Hollywood (1982),Comedy|Documentary,it came from hollywood
2660,"Thing From Another World, The (1951)",Sci-Fi,thing from another world the
2661,It Came from Outer Space (1953),Sci-Fi,it came from outer space
2662,"War of the Worlds, The (1953)",Action|Sci-Fi|War,war of the worlds the
2663,It Came from Beneath the Sea (1955),Sci-Fi,it came from beneath the sea
2664,Invasion of the Body Snatchers (1956),Horror|Sci-Fi,invasion of the body snatchers
2665,Earth Vs. the Flying Saucers (1956),Sci-Fi,earth vs the flying saucers
2666,It Conquered the World (1956),Sci-Fi,it conquered the world
2667,"Mole People, The (1956)",Sci-Fi,mole people the
2668,Swamp Thing (1982),Horror|Sci-Fi,swamp thing
2669,Pork Chop Hill (1959),War,pork chop hill
2670,"Run Silent, Run Deep (1958)",War,run silent run deep
2671,Notting Hill (1999),Comedy|Romance,notting hill
2672,"Thirteenth Floor, The (1999)",Drama|Sci-Fi|Thriller,thirteenth floor the
2673,Eternity and a Day (Mia eoniotita ke mia mera ) (1998),Drama,eternity and a day mia eoniotita ke mia mera
2674,"Loss of Sexual Innocence, The (1999)",Drama,loss of sexual innocence the
2675,Twice Upon a Yesterday (1998),Comedy|Drama|Romance,twice upon a yesterday
2676,Instinct (1999),Drama|Thriller,instinct
2677,Buena Vista Social Club (1999),Documentary,buena vista social club
2678,Desert Blue (1999),Drama,desert blue
2679,Finding North (1999),Drama|Romance,finding north
2680,Floating (1997),Drama,floating
2681,Free Enterprise (1998),Comedy|Romance|Sci-Fi,free enterprise
2682,Limbo (1999),Drama,limbo
2683,Austin Powers: The Spy Who Shagged Me (1999),Comedy,austin powers the spy who shagged me
2684,Taxman (1999),Comedy|Drama,taxman
2685,"Red Dwarf, The (Le Nain rouge) (1998)",Comedy|Drama,red dwarf the le nain rouge
2686,"Red Violin, The (Le Violon rouge) (1998)",Drama|Mystery,red violin the le violon rouge
2687,Tarzan (1999),Animation|Children's,tarzan
2688,"General's Daughter, The (1999)",Drama|Thriller,generals daughter the
2689,Get Bruce (1999),Documentary,get bruce
2690,"Ideal Husband, An (1999)",Comedy,ideal husband an
2691,"Legend of 1900, The (Leggenda del pianista sull'oceano) (1998)",Drama,legend of 1900 the leggenda del pianista sulloceano
2692,Run Lola Run (Lola rennt) (1998),Action|Crime|Romance,run lola run lola rennt
2693,Trekkies (1997),Documentary,trekkies
2694,Big Daddy (1999),Comedy,big daddy
2695,"Boys, The (1997)",Drama,boys the
2696,"Dinner Game, The (Le Dîner de cons) (1998)",Comedy,dinner game the le dner de cons
2697,My Son the Fanatic (1998),Comedy|Drama|Romance,my son the fanatic
2698,Zone 39 (1997),Sci-Fi,zone 39
2699,Arachnophobia (1990),Action|Comedy|Sci-Fi|Thriller,arachnophobia
2700,"South Park: Bigger, Longer and Uncut (1999)",Animation|Comedy,south park bigger longer and uncut
2701,Wild Wild West (1999),Action|Sci-Fi|Western,wild wild west
2702,Summer of Sam (1999),Drama,summer of sam
2703,Broken Vessels (1998),Drama,broken vessels
2704,"Lovers on the Bridge, The (Les Amants du Pont-Neuf) (1991)",Drama|Romance,lovers on the bridge the les amants du pontneuf
2705,"Late August, Early September (Fin août, début septembre) (1998)",Drama,late august early september fin aot dbut septembre
2706,American Pie (1999),Comedy,american pie
2707,Arlington Road (1999),Thriller,arlington road
2708,"Autumn Tale, An (Conte d'automne) (1998)",Romance,autumn tale an conte dautomne
2709,Muppets From Space (1999),Children's|Comedy,muppets from space
2710,"Blair Witch Project, The (1999)",Horror,blair witch project the
2711,My Life So Far (1999),Drama,my life so far
2712,Eyes Wide Shut (1999),Drama,eyes wide shut
2713,Lake Placid (1999),Horror|Thriller,lake placid
2714,"Wood, The (1999)",Drama,wood the
2715,"Velocity of Gary, The (1998)",Comedy|Romance,velocity of gary the
2716,Ghostbusters (1984),Comedy|Horror,ghostbusters
2717,Ghostbusters II (1989),Comedy|Horror,ghostbusters ii
2718,Drop Dead Gorgeous (1999),Comedy,drop dead gorgeous
2719,"Haunting, The (1999)",Horror|Thriller,haunting the
2720,Inspector Gadget (1999),Action|Adventure|Children's|Comedy,inspector gadget
2721,Trick (1999),Romance,trick
2722,Deep Blue Sea (1999),Action|Sci-Fi|Thriller,deep blue sea
2723,Mystery Men (1999),Action|Adventure|Comedy,mystery men
2724,Runaway Bride (1999),Comedy|Romance,runaway bride
2725,Twin Falls Idaho (1999),Drama,twin falls idaho
2726,"Killing, The (1956)",Crime|Film-Noir,killing the
2727,Killer's Kiss (1955),Film-Noir,killers kiss
2728,Spartacus (1960),Drama,spartacus
2729,Lolita (1962),Drama,lolita
2730,Barry Lyndon (1975),Drama,barry lyndon
2731,"400 Blows, The (Les Quatre cents coups) (1959)",Drama,400 blows the les quatre cents coups
2732,Jules and Jim (Jules et Jim) (1961),Drama,jules and jim jules et jim
2733,Vibes (1988),Adventure|Comedy,vibes
2734,"Mosquito Coast, The (1986)",Drama,mosquito coast the
2735,"Golden Child, The (1986)",Action|Adventure|Comedy,golden child the
2736,Brighton Beach Memoirs (1986),Comedy,brighton beach memoirs
2737,Assassination (1987),Action,assassination
2738,Crimes of the Heart (1986),Comedy|Drama,crimes of the heart
2739,"Color Purple, The (1985)",Drama,color purple the
2740,"Kindred, The (1986)",Horror,kindred the
2741,No Mercy (1986),Action|Thriller,no mercy
2742,Ménage (Tenue de soirée) (1986),Comedy|Drama,mnage tenue de soire
2743,Native Son (1986),Drama,native son
2744,Otello (1986),Drama,otello
2745,"Mission, The (1986)",Drama,mission the
2746,Little Shop of Horrors (1986),Comedy|Horror|Musical,little shop of horrors
2747,"Little Shop of Horrors, The (1960)",Comedy|Horror,little shop of horrors the
2748,Allan Quartermain and the Lost City of Gold (1987),Action|Adventure,allan quartermain and the lost city of gold
2749,"Morning After, The (1986)",Drama|Mystery,morning after the
2750,Radio Days (1987),Comedy|Drama,radio days
2751,From the Hip (1987),Comedy,from the hip
2752,Outrageous Fortune (1987),Comedy|Mystery,outrageous fortune
2753,"Bedroom Window, The (1987)",Thriller,bedroom window the
2754,Deadtime Stories (1987),Horror,deadtime stories
2755,Light of Day (1987),Drama,light of day
2756,Wanted: Dead or Alive (1987),Action,wanted dead or alive
2757,Frances (1982),Drama,frances
2758,Plenty (1985),Drama,plenty
2759,Dick (1999),Comedy,dick
2760,"Gambler, The (A Játékos) (1997)",Drama,gambler the a jtkos
2761,"Iron Giant, The (1999)",Animation|Children's,iron giant the
2762,"Sixth Sense, The (1999)",Thriller,sixth sense the
2763,"Thomas Crown Affair, The (1999)",Action|Thriller,thomas crown affair the
2764,"Thomas Crown Affair, The (1968)",Crime|Drama|Thriller,thomas crown affair the
2765,"Acid House, The (1998)",Comedy|Drama,acid house the
2766,"Adventures of Sebastian Cole, The (1998)",Comedy|Drama,adventures of sebastian cole the
2767,Illuminata (1998),Comedy,illuminata
2768,Stiff Upper Lips (1998),Comedy,stiff upper lips
2769,"Yards, The (1999)",Crime|Mystery,yards the
2770,Bowfinger (1999),Comedy,bowfinger
2771,Brokedown Palace (1999),Drama,brokedown palace
2772,Detroit Rock City (1999),Comedy,detroit rock city
2773,Alice and Martin (Alice et Martin) (1998),Drama,alice and martin alice et martin
2774,Better Than Chocolate (1999),Comedy|Romance,better than chocolate
2775,Head On (1998),Drama,head on
2776,"Marcello Mastroianni: I Remember Yes, I Remember (1997)",Documentary,marcello mastroianni i remember yes i remember
2777,Cobra (1925),Drama,cobra
2778,Never Talk to Strangers (1995),Thriller,never talk to strangers
2779,Heaven Can Wait (1978),Comedy,heaven can wait
2780,"Raven, The (1963)",Comedy|Horror,raven the
2781,"Tingler, The (1959)",Horror,tingler the
2782,Pit and the Pendulum (1961),Horror,pit and the pendulum
2783,"Tomb of Ligeia, The (1965)",Horror,tomb of ligeia the
2784,"Masque of the Red Death, The (1964)",Horror,masque of the red death the
2785,Tales of Terror (1962),Horror,tales of terror
2786,Haunted Honeymoon (1986),Comedy,haunted honeymoon
2787,Cat's Eye (1985),Horror,cats eye
2788,And Now for Something Completely Different (1971),Comedy,and now for something completely different
2789,Damien: Omen II (1978),Horror,damien omen ii
2790,"Final Conflict, The (a.k.a. Omen III: The Final Conflict) (1981)",Horror,final conflict the aka omen iii the final conflict
2791,Airplane! (1980),Comedy,airplane
2792,Airplane II: The Sequel (1982),Comedy,airplane ii the sequel
2793,"American Werewolf in Paris, An (1997)",Comedy|Horror,american werewolf in paris an
2794,European Vacation (1985),Comedy,european vacation
2795,Vacation (1983),Comedy,vacation
2796,Funny Farm (1988),Comedy,funny farm
2797,Big (1988),Comedy|Fantasy,big
2798,Problem Child (1990),Comedy,problem child
2799,Problem Child 2 (1991),Comedy,problem child 2
2800,Little Nemo: Adventures in Slumberland (1992),Animation|Children's,little nemo adventures in slumberland
2801,Oscar and Lucinda (a.k.a. Oscar & Lucinda) (1997),Drama|Romance,oscar and lucinda aka oscar  lucinda
2802,Tequila Sunrise (1988),Action|Romance|Thriller,tequila sunrise
2803,"Pelican Brief, The (1993)",Thriller,pelican brief the
2804,"Christmas Story, A (1983)",Comedy|Drama,christmas story a
2805,Mickey Blue Eyes (1999),Comedy|Romance,mickey blue eyes
2806,Teaching Mrs. Tingle (1999),Comedy|Thriller,teaching mrs tingle
2807,Universal Soldier: The Return (1999),Action|Sci-Fi,universal soldier the return
2808,Universal Soldier (1992),Action|Sci-Fi,universal soldier
2809,Love Stinks (1999),Comedy,love stinks
2810,Perfect Blue (1997),Animation|Mystery,perfect blue
2811,With Friends Like These... (1998),Comedy,with friends like these
2812,In Too Deep (1999),Action|Thriller,in too deep
2813,"Source, The (1999)",Documentary,source the
2814,"Bat, The (1959)",Horror,bat the
2815,Iron Eagle (1986),Action|War,iron eagle
2816,Iron Eagle II (1988),Action|War,iron eagle ii
2817,Aces: Iron Eagle III (1992),Action|War,aces iron eagle iii
2818,Iron Eagle IV (1995),Action|War,iron eagle iv
2819,Three Days of the Condor (1975),Thriller,three days of the condor
2820,Hamlet (1964),Drama,hamlet
2821,Male and Female (1919),Adventure|Drama,male and female
2822,Medicine Man (1992),Adventure|Romance,medicine man
2823,"Spiders, The (Die Spinnen, 1. Teil: Der Goldene See) (1919)",Action|Drama,spiders the die spinnen 1 teil der goldene see
2824,On the Ropes (1999),Documentary,on the ropes
2825,Rosie (1998),Drama,rosie
2826,"13th Warrior, The (1999)",Action|Horror|Thriller,13th warrior the
2827,"Astronaut's Wife, The (1999)",Sci-Fi|Thriller,astronauts wife the
2828,Dudley Do-Right (1999),Children's|Comedy,dudley doright
2829,"Muse, The (1999)",Comedy|Drama,muse the
2830,Cabaret Balkan (Bure Baruta) (1998),Drama,cabaret balkan bure baruta
2831,"Dog of Flanders, A (1999)",Drama,dog of flanders a
2832,"Lost Son, The (1999)",Drama,lost son the
2833,Lucie Aubrac (1997),Romance|War,lucie aubrac
2834,"Very Thought of You, The (1998)",Comedy|Romance,very thought of you the
2835,Chill Factor (1999),Action|Thriller,chill factor
2836,Outside Providence (1999),Comedy,outside providence
2837,Bedrooms & Hallways (1998),Comedy|Romance,bedrooms  hallways
2838,I Woke Up Early the Day I Died (1998),Comedy,i woke up early the day i died
2839,West Beirut (West Beyrouth) (1998),Drama,west beirut west beyrouth
2840,Stigmata (1999),Thriller,stigmata
2841,Stir of Echoes (1999),Thriller,stir of echoes
2842,Best Laid Plans (1999),Crime|Drama,best laid plans
2843,"Black Cat, White Cat (Crna macka, beli macor) (1998)",Comedy|Romance,black cat white cat crna macka beli macor
2844,"Minus Man, The (1999)",Drama|Mystery,minus man the
2845,White Boys (1999),Drama,white boys
2846,"Adventures of Milo and Otis, The (1986)",Children's,adventures of milo and otis the
2847,Only Angels Have Wings (1939),Drama,only angels have wings
2848,Othello (1952),Drama,othello
2849,Queens Logic (1991),Comedy|Drama,queens logic
2850,Public Access (1993),Drama|Thriller,public access
2851,Saturn 3 (1979),Adventure|Sci-Fi|Thriller,saturn 3
2852,"Soldier's Story, A (1984)",Drama,soldiers story a
2853,"Communion (a.k.a. Alice, Sweet Alice/Holy Terror) (1977)",Horror,communion aka alice sweet aliceholy terror
2854,Don't Look in the Basement! (1973),Horror,dont look in the basement
2855,Nightmares (1983),Horror,nightmares
2856,I Saw What You Did (1965),Thriller,i saw what you did
2857,Yellow Submarine (1968),Animation|Musical,yellow submarine
2858,American Beauty (1999),Comedy|Drama,american beauty
2859,Stop Making Sense (1984),Documentary,stop making sense
2860,Blue Streak (1999),Comedy,blue streak
2861,For Love of the Game (1999),Comedy|Drama,for love of the game
2862,Caligula (1980),Drama,caligula
2863,"Hard Day's Night, A (1964)",Comedy|Musical,hard days night a
2864,Splendor (1999),Comedy,splendor
2865,Sugar Town (1999),Comedy,sugar town
2866,"Buddy Holly Story, The (1978)",Drama,buddy holly story the
2867,Fright Night (1985),Comedy|Horror,fright night
2868,Fright Night Part II (1989),Horror,fright night part ii
2869,"Separation, The (La Séparation) (1994)",Drama,separation the la sparation
2870,Barefoot in the Park (1967),Comedy,barefoot in the park
2871,Deliverance (1972),Adventure|Thriller,deliverance
2872,Excalibur (1981),Action|Drama|Fantasy|Romance,excalibur
2873,Lulu on the Bridge (1998),Drama|Mystery|Romance,lulu on the bridge
2874,"Pajama Game, The (1957)",Comedy,pajama game the
2875,Sommersby (1993),Drama|Mystery|Romance,sommersby
2876,Thumbelina (1994),Animation|Children's,thumbelina
2877,Tommy (1975),Drama|Musical,tommy
2878,Hell Night (1981),Horror,hell night
2879,Operation Condor (Feiying gaiwak) (1990),Action|Adventure|Comedy,operation condor feiying gaiwak
2880,Operation Condor 2 (Longxiong hudi) (1990),Action|Adventure|Comedy,operation condor 2 longxiong hudi
2881,Double Jeopardy (1999),Action|Thriller,double jeopardy
2882,Jakob the Liar (1999),Drama,jakob the liar
2883,Mumford (1999),Comedy,mumford
2884,Dog Park (1998),Comedy|Romance,dog park
2885,Guinevere (1999),Drama|Romance,guinevere
2886,"Adventures of Elmo in Grouchland, The (1999)",Children's|Comedy,adventures of elmo in grouchland the
2887,Simon Sez (1999),Drama,simon sez
2888,Drive Me Crazy (1999),Comedy|Romance,drive me crazy
2889,"Mystery, Alaska (1999)",Comedy,mystery alaska
2890,Three Kings (1999),Drama|War,three kings
2891,"Happy, Texas (1999)",Comedy,happy texas
2892,New Rose Hotel (1998),Action|Drama,new rose hotel
2893,Plunkett & MaCleane (1999),Action|Drama,plunkett  macleane
2894,Romance (1999),Drama|Romance,romance
2895,Napoleon and Samantha (1972),Adventure,napoleon and samantha
2896,Alvarez Kelly (1966),Western,alvarez kelly
2897,And the Ship Sails On (E la nave va) (1984),Comedy|War,and the ship sails on e la nave va
2898,"Dark Half, The (1993)",Horror|Mystery,dark half the
2899,Gulliver's Travels (1939),Adventure|Animation|Children's,gullivers travels
2900,Monkey Shines (1988),Horror|Sci-Fi,monkey shines
2901,Phantasm (1979),Horror|Sci-Fi,phantasm
2902,Psycho II (1983),Horror|Thriller,psycho ii
2903,Psycho III (1986),Horror|Thriller,psycho iii
2904,Rain (1932),Drama,rain
2905,Sanjuro (1962),Action|Adventure,sanjuro
2906,Random Hearts (1999),Drama|Romance,random hearts
2907,Superstar (1999),Comedy,superstar
2908,Boys Don't Cry (1999),Drama,boys dont cry
2909,"Five Wives, Three Secretaries and Me (1998)",Documentary,five wives three secretaries and me
2910,"Ennui, L' (1998)",Drama|Romance,ennui l
2911,"Grandfather, The (El Abuelo) (1998)",Drama,grandfather the el abuelo
2912,"Limey, The (1999)",Action|Crime|Drama,limey the
2913,"Mating Habits of the Earthbound Human, The (1998)",Comedy,mating habits of the earthbound human the
2914,Molly (1999),Comedy|Drama,molly
2915,Risky Business (1983),Comedy,risky business
2916,Total Recall (1990),Action|Adventure|Sci-Fi|Thriller,total recall
2917,Body Heat (1981),Crime|Thriller,body heat
2918,Ferris Bueller's Day Off (1986),Comedy,ferris buellers day off
2919,Year of Living Dangerously (1982),Drama|Romance,year of living dangerously
2920,Children of Paradise (Les enfants du paradis) (1945),Drama|Romance,children of paradise les enfants du paradis
2921,High Plains Drifter (1972),Western,high plains drifter
2922,Hang 'em High (1967),Western,hang em high
2923,Citizen's Band (a.k.a. Handle with Care) (1977),Comedy,citizens band aka handle with care
2924,Drunken Master (Zui quan) (1979),Action|Comedy,drunken master zui quan
2925,"Conformist, The (Il Conformista) (1970)",Drama,conformist the il conformista
2926,Hairspray (1988),Comedy|Drama,hairspray
2927,Brief Encounter (1946),Drama|Romance,brief encounter
2928,"Razor's Edge, The (1984)",Drama,razors edge the
2929,Reds (1981),Drama,reds
2930,Return with Honor (1998),Documentary,return with honor
2931,Time of the Gypsies (Dom za vesanje) (1989),Drama,time of the gypsies dom za vesanje
2932,Days of Heaven (1978),Drama,days of heaven
2933,"Fire Within, The (Le Feu Follet) (1963)",Drama,fire within the le feu follet
2934,"Love Bewitched, A (El Amor Brujo) (1986)",Musical,love bewitched a el amor brujo
2935,"Lady Eve, The (1941)",Comedy|Romance,lady eve the
2936,Sullivan's Travels (1942),Comedy,sullivans travels
2937,"Palm Beach Story, The (1942)",Comedy,palm beach story the
2938,Man Facing Southeast (Hombre Mirando al Sudeste) (1986),Drama,man facing southeast hombre mirando al sudeste
2939,Niagara (1953),Drama|Thriller,niagara
2940,Gilda (1946),Film-Noir,gilda
2941,South Pacific (1958),Musical|Romance|War,south pacific
2942,Flashdance (1983),Drama|Romance,flashdance
2943,Indochine (1992),Drama|Romance,indochine
2944,"Dirty Dozen, The (1967)",Action|War,dirty dozen the
2945,Mike's Murder (1984),Mystery,mikes murder
2946,Help! (1965),Comedy|Musical,help
2947,Goldfinger (1964),Action,goldfinger
2948,From Russia with Love (1963),Action,from russia with love
2949,Dr. No (1962),Action,dr no
2950,"Blue Lagoon, The (1980)",Adventure|Drama|Romance,blue lagoon the
2951,"Fistful of Dollars, A (1964)",Action|Western,fistful of dollars a
2952,"Hard 8 (a.k.a. Sydney, a.k.a. Hard Eight) (1996)",Crime|Thriller,hard 8 aka sydney aka hard eight
2953,Home Alone 2: Lost in New York (1992),Children's|Comedy,home alone 2 lost in new york
2954,Penitentiary (1979),Drama,penitentiary
2955,Penitentiary II (1982),Drama,penitentiary ii
2956,Someone to Watch Over Me (1987),Action|Crime|Thriller,someone to watch over me
2957,Sparrows (1926),Drama,sparrows
2958,Naturally Native (1998),Drama,naturally native
2959,Fight Club (1999),Drama,fight club
2960,Beefcake (1999),Drama,beefcake
2961,"Story of Us, The (1999)",Comedy|Drama,story of us the
2962,Fever Pitch (1997),Comedy|Romance,fever pitch
2963,Joe the King (1999),Crime|Drama,joe the king
2964,Julien Donkey-Boy (1999),Drama,julien donkeyboy
2965,"Omega Code, The (1999)",Action,omega code the
2966,"Straight Story, The (1999)",Drama,straight story the
2967,"Bad Seed, The (1956)",Drama|Thriller,bad seed the
2968,Time Bandits (1981),Adventure|Fantasy|Sci-Fi,time bandits
2969,"Man and a Woman, A (Un Homme et une Femme) (1966)",Drama|Romance,man and a woman a un homme et une femme
2970,Fitzcarraldo (1982),Adventure|Drama,fitzcarraldo
2971,All That Jazz (1979),Musical,all that jazz
2972,Red Sorghum (Hong Gao Liang) (1987),Drama|War,red sorghum hong gao liang
2973,Crimes and Misdemeanors (1989),Comedy,crimes and misdemeanors
2974,Bats (1999),Horror|Thriller,bats
2975,"Best Man, The (1999)",Drama,best man the
2976,Bringing Out the Dead (1999),Drama|Horror,bringing out the dead
2977,Crazy in Alabama (1999),Comedy|Drama,crazy in alabama
2978,Three to Tango (1999),Comedy|Romance,three to tango
2979,Body Shots (1999),Drama,body shots
2980,Men Cry Bullets (1997),Drama,men cry bullets
2981,"Brother, Can You Spare a Dime? (1975)",Documentary,brother can you spare a dime
2982,"Guardian, The (1990)",Horror|Thriller,guardian the
2983,"Ipcress File, The (1965)",Thriller,ipcress file the
2984,On Any Sunday (1971),Documentary,on any sunday
2985,Robocop (1987),Action|Crime|Sci-Fi,robocop
2986,Robocop 2 (1990),Action|Crime|Sci-Fi,robocop 2
2987,Who Framed Roger Rabbit? (1988),Adventure|Animation|Film-Noir,who framed roger rabbit
2988,Melvin and Howard (1980),Drama,melvin and howard
2989,For Your Eyes Only (1981),Action,for your eyes only
2990,Licence to Kill (1989),Action,licence to kill
2991,Live and Let Die (1973),Action,live and let die
2992,Rawhead Rex (1986),Horror|Thriller,rawhead rex
2993,Thunderball (1965),Action,thunderball
2994,"City, The (1998)",Drama,city the
2995,"House on Haunted Hill, The (1999)",Horror,house on haunted hill the
2996,Music of the Heart (1999),Drama,music of the heart
2997,Being John Malkovich (1999),Comedy,being john malkovich
2998,Dreaming of Joseph Lees (1998),Romance,dreaming of joseph lees
2999,Man of the Century (1999),Comedy,man of the century
3000,"Princess Mononoke, The (Mononoke Hime) (1997)",Action|Adventure|Animation,princess mononoke the mononoke hime
3001,"Suburbans, The (1999)",Drama,suburbans the
3002,My Best Fiend (Mein liebster Feind) (1999),Documentary,my best fiend mein liebster feind
3003,Train of Life (Train De Vie) (1998),Comedy|Drama,train of life train de vie
3004,"Bachelor, The (1999)",Comedy|Romance,bachelor the
3005,"Bone Collector, The (1999)",Thriller,bone collector the
3006,"Insider, The (1999)",Drama,insider the
3007,American Movie (1999),Documentary,american movie
3008,Last Night (1998),Thriller,last night
3009,Portraits Chinois (1996),Drama,portraits chinois
3010,Rosetta (1999),Drama,rosetta
3011,"They Shoot Horses, Don't They? (1969)",Drama,they shoot horses dont they
3012,Battling Butler (1926),Comedy,battling butler
3013,Bride of Re-Animator (1990),Comedy|Horror,bride of reanimator
3014,Bustin' Loose (1981),Comedy,bustin loose
3015,Coma (1978),Thriller,coma
3016,Creepshow (1982),Horror,creepshow
3017,Creepshow 2 (1987),Horror,creepshow 2
3018,Re-Animator (1985),Horror,reanimator
3019,Drugstore Cowboy (1989),Crime|Drama,drugstore cowboy
3020,Falling Down (1993),Action|Drama,falling down
3021,"Funhouse, The (1981)",Horror,funhouse the
3022,"General, The (1927)",Comedy,general the
3023,My Best Girl (1927),Comedy|Romance,my best girl
3024,Piranha (1978),Horror|Sci-Fi,piranha
3025,Rough Night in Jericho (1967),Western,rough night in jericho
3026,Slaughterhouse (1987),Horror,slaughterhouse
3027,Slaughterhouse 2 (1988),Horror,slaughterhouse 2
3028,"Taming of the Shrew, The (1967)",Comedy,taming of the shrew the
3029,Nighthawks (1981),Action|Drama,nighthawks
3030,Yojimbo (1961),Comedy|Drama|Western,yojimbo
3031,Repossessed (1990),Comedy,repossessed
3032,"Omega Man, The (1971)",Sci-Fi,omega man the
3033,Spaceballs (1987),Comedy|Sci-Fi,spaceballs
3034,Robin Hood (1973),Animation|Children's,robin hood
3035,Mister Roberts (1955),Comedy|Drama|War,mister roberts
3036,Quest for Fire (1981),Adventure,quest for fire
3037,Little Big Man (1970),Comedy|Drama|Western,little big man
3038,"Face in the Crowd, A (1957)",Drama,face in the crowd a
3039,Trading Places (1983),Comedy,trading places
3040,Meatballs (1979),Comedy,meatballs
3041,Meatballs Part II (1984),Comedy,meatballs part ii
3042,Meatballs III (1987),Comedy,meatballs iii
3043,Meatballs 4 (1992),Comedy,meatballs 4
3044,Dead Again (1991),Mystery|Romance|Thriller,dead again
3045,Peter's Friends (1992),Comedy|Drama,peters friends
3046,"Incredibly True Adventure of Two Girls in Love, The (1995)",Comedy|Romance,incredibly true adventure of two girls in love the
3047,Experience Preferred... But Not Essential (1982),Drama,experience preferred but not essential
3048,Under the Rainbow (1981),Comedy,under the rainbow
3049,How I Won the War (1967),Comedy|War,how i won the war
3050,Light It Up (1999),Drama,light it up
3051,Anywhere But Here (1999),Drama,anywhere but here
3052,Dogma (1999),Comedy,dogma
3053,"Messenger: The Story of Joan of Arc, The (1999)",Drama|War,messenger the story of joan of arc the
3054,Pokémon: The First Movie (1998),Animation|Children's,pokmon the first movie
3055,Felicia's Journey (1999),Thriller,felicias journey
3056,Oxygen (1999),Thriller,oxygen
3057,Where's Marlowe? (1999),Comedy,wheres marlowe
3058,"Ape, The (1940)",Horror|Sci-Fi,ape the
3059,British Intelligence (1940),Drama,british intelligence
3060,"Commitments, The (1991)",Comedy|Drama,commitments the
3061,Holiday Inn (1942),Comedy|Musical,holiday inn
3062,"Longest Day, The (1962)",Action|Drama|War,longest day the
3063,Poison Ivy (1992),Thriller,poison ivy
3064,Poison Ivy: New Seduction (1997),Thriller,poison ivy new seduction
3065,Ten Benny (1997),Drama,ten benny
3066,Tora! Tora! Tora! (1970),War,tora tora tora
3067,Women on the Verge of a Nervous Breakdown (1988),Comedy|Drama,women on the verge of a nervous breakdown
3068,"Verdict, The (1982)",Drama,verdict the
3069,"Effect of Gamma Rays on Man-in-the-Moon Marigolds, The (1972)",Drama,effect of gamma rays on maninthemoon marigolds the
3070,"Adventures of Buckaroo Bonzai Across the 8th Dimension, The (1984)",Adventure|Comedy|Sci-Fi,adventures of buckaroo bonzai across the 8th dimension the
3071,Stand and Deliver (1987),Drama,stand and deliver
3072,Moonstruck (1987),Comedy,moonstruck
3073,"Sandpiper, The (1965)",Drama|Romance,sandpiper the
3074,Jeremiah Johnson (1972),Western,jeremiah johnson
3075,Repulsion (1965),Thriller,repulsion
3076,Irma la Douce (1963),Comedy,irma la douce
3077,42 Up (1998),Documentary,42 up
3078,Liberty Heights (1999),Drama,liberty heights
3079,Mansfield Park (1999),Drama,mansfield park
3080,"Goodbye, 20th Century (Zbogum na dvadesetiot vek) (1998)",Drama|Sci-Fi,goodbye 20th century zbogum na dvadesetiot vek
3081,Sleepy Hollow (1999),Horror|Romance,sleepy hollow
3082,"World Is Not Enough, The (1999)",Action|Thriller,world is not enough the
3083,All About My Mother (Todo Sobre Mi Madre) (1999),Comedy|Drama,all about my mother todo sobre mi madre
3084,Home Page (1999),Documentary,home page
3085,"Living Dead Girl, The (La Morte Vivante) (1982)",Horror,living dead girl the la morte vivante
3086,March of the Wooden Soldiers (a.k.a. Laurel & Hardy in Toyland) (1934),Comedy,march of the wooden soldiers aka laurel  hardy in toyland
3087,Scrooged (1988),Comedy,scrooged
3088,Harvey (1950),Comedy,harvey
3089,"Bicycle Thief, The (Ladri di biciclette) (1948)",Drama,bicycle thief the ladri di biciclette
3090,Matewan (1987),Drama,matewan
3091,Kagemusha (1980),Drama|War,kagemusha
3092,Chushingura (1962),Drama,chushingura
3093,McCabe & Mrs. Miller (1971),Drama|Western,mccabe  mrs miller
3094,Maurice (1987),Drama|Romance,maurice
3095,"Grapes of Wrath, The (1940)",Drama,grapes of wrath the
3096,My Man Godfrey (1957),Comedy,my man godfrey
3097,"Shop Around the Corner, The (1940)",Comedy|Romance,shop around the corner the
3098,"Natural, The (1984)",Drama,natural the
3099,Shampoo (1975),Comedy|Romance,shampoo
3100,"River Runs Through It, A (1992)",Drama,river runs through it a
3101,Fatal Attraction (1987),Thriller,fatal attraction
3102,Jagged Edge (1985),Thriller,jagged edge
3103,Stanley & Iris (1990),Drama|Romance,stanley  iris
3104,Midnight Run (1988),Action|Adventure|Comedy|Crime,midnight run
3105,Awakenings (1990),Drama,awakenings
3106,Come See the Paradise (1990),Drama|Romance,come see the paradise
3107,Backdraft (1991),Action|Drama,backdraft
3108,"Fisher King, The (1991)",Comedy|Drama|Romance,fisher king the
3109,"River, The (1984)",Drama,river the
3110,Country (1984),Drama,country
3111,Places in the Heart (1984),Drama,places in the heart
3112,'Night Mother (1986),Drama,night mother
3113,End of Days (1999),Action|Thriller,end of days
3114,Toy Story 2 (1999),Animation|Children's|Comedy,toy story 2
3115,Flawless (1999),Drama,flawless
3116,Miss Julie (1999),Drama,miss julie
3117,Ride with the Devil (1999),Drama|Romance|War,ride with the devil
3118,Tumbleweeds (1999),Drama,tumbleweeds
3119,Bay of Blood (Reazione a catena) (1971),Horror,bay of blood reazione a catena
3120,"Distinguished Gentleman, The (1992)",Comedy,distinguished gentleman the
3121,"Hitch-Hiker, The (1953)",Film-Noir,hitchhiker the
3122,Santa Fe Trail (1940),Drama|Romance|Western,santa fe trail
3123,Spring Fever USA (a.k.a. Lauderdale) (1989),Comedy,spring fever usa aka lauderdale
3124,Agnes Browne (1999),Comedy|Drama,agnes browne
3125,"End of the Affair, The (1999)",Drama,end of the affair the
3126,"End of the Affair, The (1955)",Drama,end of the affair the
3127,Holy Smoke (1999),Drama,holy smoke
3128,"Map of the World, A (1999)",Drama,map of the world a
3129,Sweet and Lowdown (1999),Comedy|Drama,sweet and lowdown
3130,Bonfire of the Vanities (1990),Comedy,bonfire of the vanities
3131,Broadway Damage (1997),Comedy,broadway damage
3132,Daddy Long Legs (1919),Comedy,daddy long legs
3133,Go West (1925),Comedy,go west
3134,"Grand Illusion (Grande illusion, La) (1937)",Drama|War,grand illusion grande illusion la
3135,"Great Santini, The (1979)",Drama,great santini the
3136,"James Dean Story, The (1957)",Documentary,james dean story the
3137,"Sea Wolves, The (1980)",Action|War,sea wolves the
3138,Stealing Home (1988),Drama,stealing home
3139,Tarzan the Fearless (1933),Action|Adventure,tarzan the fearless
3140,"Three Ages, The (1923)",Comedy,three ages the
3141,"Two Jakes, The (1990)",Drama,two jakes the
3142,U2: Rattle and Hum (1988),Documentary|Musical,u2 rattle and hum
3143,Hell in the Pacific (1968),Drama|War,hell in the pacific
3144,"Glass Bottom Boat, The (1966)",Comedy|Romance,glass bottom boat the
3145,"Cradle Will Rock, The (1999)",Drama,cradle will rock the
3146,Deuce Bigalow: Male Gigolo (1999),Comedy,deuce bigalow male gigolo
3147,"Green Mile, The (1999)",Drama|Thriller,green mile the
3148,"Cider House Rules, The (1999)",Drama,cider house rules the
3149,Diamonds (1999),Mystery,diamonds
3150,"War Zone, The (1999)",Drama,war zone the
3151,"Bat Whispers, The (1930)",Crime|Drama|Mystery,bat whispers the
3152,"Last Picture Show, The (1971)",Drama,last picture show the
3153,"7th Voyage of Sinbad, The (1958)",Action|Adventure|Fantasy,7th voyage of sinbad the
3154,Blood on the Sun (1945),Drama|War,blood on the sun
3155,Anna and the King (1999),Drama|Romance,anna and the king
3156,Bicentennial Man (1999),Comedy|Drama|Sci-Fi,bicentennial man
3157,Stuart Little (1999),Children's|Comedy,stuart little
3158,"Emperor and the Assassin, The (Jing ke ci qin wang) (1999)",Drama,emperor and the assassin the jing ke ci qin wang
3159,Fantasia 2000 (1999),Animation|Children's|Musical,fantasia 2000
3160,Magnolia (1999),Drama,magnolia
3161,Onegin (1999),Drama,onegin
3162,Simpatico (1999),Comedy|Drama,simpatico
3163,Topsy-Turvy (1999),Drama,topsyturvy
3164,"Alley Cats, The (1968)",Drama,alley cats the
3165,Boiling Point (1993),Action|Drama,boiling point
3166,Brenda Starr (1989),Adventure,brenda starr
3167,Carnal Knowledge (1971),Drama,carnal knowledge
3168,Easy Rider (1969),Adventure|Drama,easy rider
3169,"Falcon and the Snowman, The (1984)",Drama,falcon and the snowman the
3170,Hi-Yo Silver (1940),Western,hiyo silver
3171,Room at the Top (1959),Drama,room at the top
3172,Ulysses (Ulisse) (1954),Adventure,ulysses ulisse
3173,Any Given Sunday (1999),Drama,any given sunday
3174,Man on the Moon (1999),Comedy|Drama,man on the moon
3175,Galaxy Quest (1999),Adventure|Comedy|Sci-Fi,galaxy quest
3176,"Talented Mr. Ripley, The (1999)",Drama|Mystery|Thriller,talented mr ripley the
3177,Next Friday (1999),Comedy,next friday
3178,"Hurricane, The (1999)",Drama,hurricane the
3179,Angela's Ashes (1999),Drama,angelas ashes
3180,Play it to the Bone (1999),Comedy|Drama,play it to the bone
3181,Titus (1999),Drama,titus
3182,Mr. Death: The Rise and Fall of Fred A. Leuchter Jr. (1999),Documentary,mr death the rise and fall of fred a leuchter jr
3183,"Third Miracle, The (1999)",Drama,third miracle the
3184,Montana (1998),Action|Comedy|Crime|Drama,montana
3185,Snow Falling on Cedars (1999),Drama,snow falling on cedars
3186,"Girl, Interrupted (1999)",Drama,girl interrupted
3187,Trans (1998),Drama,trans
3188,"Life and Times of Hank Greenberg, The (1998)",Documentary,life and times of hank greenberg the
3189,My Dog Skip (1999),Comedy,my dog skip
3190,Supernova (2000),Adventure|Sci-Fi,supernova
3191,"Quarry, The (1998)",Drama,quarry the
3192,"Terrorist, The (Malli) (1998)",Drama,terrorist the malli
3193,Creature (1999),Documentary,creature
3194,"Way We Were, The (1973)",Drama,way we were the
3195,Tess of the Storm Country (1922),Drama,tess of the storm country
3196,Stalag 17 (1953),Drama|War,stalag 17
3197,"Presidio, The (1988)",Action,presidio the
3198,Papillon (1973),Drama,papillon
3199,Pal Joey (1957),Comedy|Musical|Romance,pal joey
3200,"Last Detail, The (1973)",Comedy|Drama,last detail the
3201,Five Easy Pieces (1970),Drama,five easy pieces
3202,Even Dwarfs Started Small (Auch Zwerge haben klein angefangen) (1971),Drama,even dwarfs started small auch zwerge haben klein angefangen
3203,Dead Calm (1989),Thriller,dead calm
3204,"Boys from Brazil, The (1978)",Thriller,boys from brazil the
3205,Black Sunday (La Maschera Del Demonio) (1960),Horror,black sunday la maschera del demonio
3206,Against All Odds (1984),Romance,against all odds
3207,"Snows of Kilimanjaro, The (1952)",Adventure,snows of kilimanjaro the
3208,Loaded Weapon 1 (1993),Action|Comedy,loaded weapon 1
3209,"Loves of Carmen, The (1948)",Drama,loves of carmen the
3210,Fast Times at Ridgemont High (1982),Comedy,fast times at ridgemont high
3211,"Cry in the Dark, A (1988)",Drama,cry in the dark a
3212,Born to Win (1971),Drama,born to win
3213,Batman: Mask of the Phantasm (1993),Animation|Children's,batman mask of the phantasm
3214,American Flyers (1985),Drama,american flyers
3215,Voyage of the Damned (1976),Drama,voyage of the damned
3216,Vampyros Lesbos (Las Vampiras) (1970),Horror,vampyros lesbos las vampiras
3217,"Star Is Born, A (1937)",Drama,star is born a
3218,Poison (1991),Drama,poison
3219,Pacific Heights (1990),Thriller,pacific heights
3220,Night Tide (1961),Drama,night tide
3221,"Draughtsman's Contract, The (1982)",Drama,draughtsmans contract the
3222,Carmen (1984),Drama,carmen
3223,"Zed & Two Noughts, A (1985)",Drama,zed  two noughts a
3224,Woman in the Dunes (Suna no onna) (1964),Drama,woman in the dunes suna no onna
3225,Down to You (2000),Comedy|Romance,down to you
3226,Hellhounds on My Trail (1999),Documentary,hellhounds on my trail
3227,"Not Love, Just Frenzy (Más que amor, frenesí) (1996)",Comedy|Drama|Thriller,not love just frenzy ms que amor frenes
3228,Wirey Spindell (1999),Comedy,wirey spindell
3229,Another Man's Poison (1952),Crime|Drama,another mans poison
3230,"Odessa File, The (1974)",Thriller,odessa file the
3231,"Saphead, The (1920)",Comedy,saphead the
3232,Seven Chances (1925),Comedy,seven chances
3233,Smashing Time (1967),Comedy,smashing time
3234,Train Ride to Hollywood (1978),Comedy,train ride to hollywood
3235,Where the Buffalo Roam (1980),Comedy,where the buffalo roam
3236,Zachariah (1971),Western,zachariah
3237,Kestrel's Eye (Falkens öga) (1998),Documentary,kestrels eye falkens ga
3238,Eye of the Beholder (1999),Thriller,eye of the beholder
3239,Isn't She Great? (2000),Comedy,isnt she great
3240,"Big Tease, The (1999)",Comedy,big tease the
3241,"Cup, The (Phörpa) (1999)",Comedy,cup the phrpa
3242,Santitos (1997),Comedy,santitos
3243,Encino Man (1992),Comedy,encino man
3244,"Goodbye Girl, The (1977)",Comedy|Romance,goodbye girl the
3245,I Am Cuba (Soy Cuba/Ya Kuba) (1964),Drama,i am cuba soy cubaya kuba
3246,Malcolm X (1992),Drama,malcolm x
3247,Sister Act (1992),Comedy|Crime,sister act
3248,Sister Act 2: Back in the Habit (1993),Comedy,sister act 2 back in the habit
3249,"Hand That Rocks the Cradle, The (1992)",Thriller,hand that rocks the cradle the
3250,Alive (1993),Drama,alive
3251,Agnes of God (1985),Drama|Mystery,agnes of god
3252,Scent of a Woman (1992),Drama,scent of a woman
3253,Wayne's World (1992),Comedy,waynes world
3254,Wayne's World 2 (1993),Comedy,waynes world 2
3255,"League of Their Own, A (1992)",Comedy|Drama,league of their own a
3256,Patriot Games (1992),Action|Thriller,patriot games
3257,"Bodyguard, The (1992)",Action|Drama|Romance|Thriller,bodyguard the
3258,Death Becomes Her (1992),Comedy,death becomes her
3259,Far and Away (1992),Drama|Romance,far and away
3260,Howards End (1992),Drama,howards end
3261,Singles (1992),Comedy|Drama|Romance,singles
3262,Twin Peaks: Fire Walk with Me (1992),Drama|Mystery,twin peaks fire walk with me
3263,White Men Can't Jump (1992),Comedy,white men cant jump
3264,Buffy the Vampire Slayer (1992),Comedy|Horror,buffy the vampire slayer
3265,Hard-Boiled (Lashou shentan) (1992),Action|Crime,hardboiled lashou shentan
3266,Man Bites Dog (C'est arrivé près de chez vous) (1992),Action|Comedy|Crime|Drama,man bites dog cest arriv prs de chez vous
3267,"Mariachi, El (1992)",Action|Thriller,mariachi el
3268,Stop! Or My Mom Will Shoot (1992),Action|Comedy,stop or my mom will shoot
3269,Forever Young (1992),Adventure|Romance|Sci-Fi,forever young
3270,"Cutting Edge, The (1992)",Drama,cutting edge the
3271,Of Mice and Men (1992),Drama,of mice and men
3272,Bad Lieutenant (1992),Crime|Drama,bad lieutenant
3273,Scream 3 (2000),Horror|Mystery|Thriller,scream 3
3274,Single White Female (1992),Action,single white female
3275,"Boondock Saints, The (1999)",Action|Comedy,boondock saints the
3276,Gun Shy (2000),Comedy,gun shy
3277,Beloved/Friend (Amigo/Amado) (1999),Drama,belovedfriend amigoamado
3278,Gendernauts (1999),Documentary,gendernauts
3279,Knockout (1999),Action|Adventure,knockout
3280,"Baby, The (1973)",Horror,baby the
3281,"Brandon Teena Story, The (1998)",Documentary,brandon teena story the
3282,Different for Girls (1996),Comedy,different for girls
3283,Minnie and Moskowitz (1971),Action,minnie and moskowitz
3284,They Might Be Giants (1971),Comedy|Romance,they might be giants
3285,"Beach, The (2000)",Adventure|Drama,beach the
3286,Snow Day (2000),Comedy,snow day
3287,"Tigger Movie, The (2000)",Animation|Children's,tigger movie the
3288,Cotton Mary (1999),Drama,cotton mary
3289,Not One Less (Yi ge dou bu neng shao) (1999),Drama,not one less yi ge dou bu neng shao
3290,Soft Toilet Seats (1999),Comedy,soft toilet seats
3291,Trois (2000),Thriller,trois
3292,"Big Combo, The (1955)",Film-Noir,big combo the
3293,Conceiving Ada (1997),Drama|Sci-Fi,conceiving ada
3294,Eaten Alive (1976),Horror,eaten alive
3295,Raining Stones (1993),Drama,raining stones
3296,To Sir with Love (1967),Drama,to sir with love
3297,With Byrd at the South Pole (1930),Documentary,with byrd at the south pole
3298,Boiler Room (2000),Drama,boiler room
3299,Hanging Up (2000),Comedy|Drama,hanging up
3300,Pitch Black (2000),Action|Sci-Fi,pitch black
3301,"Whole Nine Yards, The (2000)",Comedy|Crime,whole nine yards the
3302,Beautiful People (1999),Comedy,beautiful people
3303,Black Tar Heroin: The Dark End of the Street (1999),Documentary,black tar heroin the dark end of the street
3304,Blue Collar (1978),Crime|Drama,blue collar
3305,Bluebeard (1944),Film-Noir|Horror,bluebeard
3306,"Circus, The (1928)",Comedy,circus the
3307,City Lights (1931),Comedy|Drama|Romance,city lights
3308,"Flamingo Kid, The (1984)",Comedy|Drama,flamingo kid the
3309,"Dog's Life, A (1920)",Comedy,dogs life a
3310,"Kid, The (1921)",Action,kid the
3311,"Man from Laramie, The (1955)",Western,man from laramie the
3312,"McCullochs, The (1975)",Drama,mccullochs the
3313,Class Reunion (1982),Comedy,class reunion
3314,"Big Trees, The (1952)",Action|Drama,big trees the
3315,Happy Go Lovely (1951),Musical,happy go lovely
3316,Reindeer Games (2000),Action|Thriller,reindeer games
3317,Wonder Boys (2000),Comedy|Drama,wonder boys
3318,Deterrence (1998),Thriller,deterrence
3319,Judy Berlin (1999),Drama,judy berlin
3320,Mifune (Mifunes sidste sang) (1999),Comedy|Romance,mifune mifunes sidste sang
3321,"Waiting Game, The (2000)",Comedy,waiting game the
3322,3 Strikes (2000),Comedy,3 strikes
3323,Chain of Fools (2000),Comedy|Crime,chain of fools
3324,Drowning Mona (2000),Comedy,drowning mona
3325,"Next Best Thing, The (2000)",Comedy|Drama,next best thing the
3326,What Planet Are You From? (2000),Comedy|Sci-Fi,what planet are you from
3327,Beyond the Mat (2000),Documentary,beyond the mat
3328,Ghost Dog: The Way of the Samurai (1999),Crime|Drama,ghost dog the way of the samurai
3329,"Year My Voice Broke, The (1987)",Drama,year my voice broke the
3330,Splendor in the Grass (1961),Drama,splendor in the grass
3331,My Tutor (1983),Drama,my tutor
3332,"Legend of Lobo, The (1962)",Adventure|Children's,legend of lobo the
3333,"Killing of Sister George, The (1968)",Drama,killing of sister george the
3334,Key Largo (1948),Crime|Drama|Film-Noir|Thriller,key largo
3335,Jail Bait (1954),Crime|Drama,jail bait
3336,It Happened Here (1961),Drama,it happened here
3337,I'll Never Forget What's 'is Name (1967),Comedy|Drama,ill never forget whats is name
3338,For All Mankind (1989),Documentary,for all mankind
3339,Cross of Iron (1977),War,cross of iron
3340,Bride of the Monster (1956),Horror|Sci-Fi,bride of the monster
3341,Born Yesterday (1950),Comedy,born yesterday
3342,Birdy (1984),Drama|War,birdy
3343,And God Created Woman (1988),Comedy|Drama|Romance,and god created woman
3344,Blood Feast (1963),Horror,blood feast
3345,"Charlie, the Lonesome Cougar (1967)",Adventure|Children's,charlie the lonesome cougar
3346,Color Me Blood Red (1965),Horror,color me blood red
3347,Never Cry Wolf (1983),Drama,never cry wolf
3348,"Night Visitor, The (1970)",Crime|Thriller,night visitor the
3349,"Perils of Pauline, The (1947)",Comedy,perils of pauline the
3350,"Raisin in the Sun, A (1961)",Drama,raisin in the sun a
3351,Two Thousand Maniacs! (1964),Horror,two thousand maniacs
3352,Brown's Requiem (1998),Drama,browns requiem
3353,"Closer You Get, The (2000)",Comedy|Romance,closer you get the
3354,Mission to Mars (2000),Sci-Fi,mission to mars
3355,"Ninth Gate, The (2000)",Thriller,ninth gate the
3356,Condo Painting (2000),Documentary,condo painting
3357,East-West (Est-ouest) (1999),Drama|Romance,eastwest estouest
3358,Defending Your Life (1991),Comedy|Romance,defending your life
3359,Breaking Away (1979),Drama,breaking away
3360,Hoosiers (1986),Drama,hoosiers
3361,Bull Durham (1988),Comedy,bull durham
3362,Dog Day Afternoon (1975),Comedy|Crime|Drama,dog day afternoon
3363,American Graffiti (1973),Comedy|Drama,american graffiti
3364,"Asphalt Jungle, The (1950)",Crime|Film-Noir,asphalt jungle the
3365,"Searchers, The (1956)",Western,searchers the
3366,Where Eagles Dare (1969),Action|Adventure|War,where eagles dare
3367,"Devil's Brigade, The (1968)",War,devils brigade the
3368,"Big Country, The (1958)",Romance|Western,big country the
3369,Any Number Can Win (Mélodie en sous-sol ) (1963),Crime,any number can win mlodie en soussol
3370,Betrayed (1988),Drama|Thriller,betrayed
3371,Bound for Glory (1976),Drama,bound for glory
3372,"Bridge at Remagen, The (1969)",Action|War,bridge at remagen the
3373,Buck and the Preacher (1972),Western,buck and the preacher
3374,Daughters of the Dust (1992),Drama,daughters of the dust
3375,Destination Moon (1950),Sci-Fi,destination moon
3376,"Fantastic Night, The (La Nuit Fantastique) (1949)",Romance,fantastic night the la nuit fantastique
3377,Hangmen Also Die (1943),Drama|War,hangmen also die
3378,"Ogre, The (Der Unhold) (1996)",Drama,ogre the der unhold
3379,On the Beach (1959),Drama,on the beach
3380,Railroaded! (1947),Film-Noir,railroaded
3381,Slaves to the Underground (1997),Comedy|Drama,slaves to the underground
3382,Song of Freedom (1936),Drama,song of freedom
3383,Big Fella (1937),Drama|Musical,big fella
3384,"Taking of Pelham One Two Three, The (1974)",Action,taking of pelham one two three the
3385,Volunteers (1985),Comedy,volunteers
3386,JFK (1991),Drama|Mystery,jfk
3387,Who's Harry Crumb? (1989),Comedy,whos harry crumb
3388,Harry and the Hendersons (1987),Comedy,harry and the hendersons
3389,Let's Get Harry (1986),Action|Adventure,lets get harry
3390,Shanghai Surprise (1986),Adventure,shanghai surprise
3391,Who's That Girl? (1987),Comedy,whos that girl
3392,She-Devil (1989),Comedy,shedevil
3393,Date with an Angel (1987),Comedy|Fantasy,date with an angel
3394,Blind Date (1987),Comedy|Romance,blind date
3395,Nadine (1987),Comedy,nadine
3396,"Muppet Movie, The (1979)",Children's|Comedy,muppet movie the
3397,"Great Muppet Caper, The (1981)",Children's|Comedy,great muppet caper the
3398,"Muppets Take Manhattan, The (1984)",Children's|Comedy,muppets take manhattan the
3399,Sesame Street Presents Follow That Bird (1985),Children's|Comedy,sesame street presents follow that bird
3400,We're Back! A Dinosaur's Story (1993),Animation|Children's,were back a dinosaurs story
3401,Baby... Secret of the Lost Legend (1985),Adventure|Sci-Fi,baby secret of the lost legend
3402,Turtle Diary (1985),Drama,turtle diary
3403,Raise the Titanic (1980),Drama|Thriller,raise the titanic
3404,Titanic (1953),Action|Drama,titanic
3405,"Night to Remember, A (1958)",Action|Drama,night to remember a
3406,Captain Horatio Hornblower (1951),Action|Adventure|War,captain horatio hornblower
3407,"Carriers Are Waiting, The (Les Convoyeurs Attendent) (1999)",Comedy|Drama,carriers are waiting the les convoyeurs attendent
3408,Erin Brockovich (2000),Drama,erin brockovich
3409,Final Destination (2000),Drama|Thriller,final destination
3410,Soft Fruit (1999),Comedy|Drama,soft fruit
3411,Babymother (1998),Drama,babymother
3412,"Bear, The (1988)",Adventure,bear the
3413,Impact (1949),Crime|Drama,impact
3414,Love Is a Many-Splendored Thing (1955),Romance,love is a manysplendored thing
3415,"Mirror, The (Zerkalo) (1975)",Drama,mirror the zerkalo
3416,"Trial, The (Le Procès) (1963)",Drama,trial the le procs
3417,"Crimson Pirate, The (1952)",Adventure|Comedy|Sci-Fi,crimson pirate the
3418,Thelma & Louise (1991),Action|Drama,thelma  louise
3419,Something for Everyone (1970),Comedy|Crime,something for everyone
3420,...And Justice for All (1979),Drama|Thriller,and justice for all
3421,Animal House (1978),Comedy,animal house
3422,She's Gotta Have It (1986),Comedy|Romance,shes gotta have it
3423,School Daze (1988),Drama,school daze
3424,Do the Right Thing (1989),Comedy|Drama,do the right thing
3425,Mo' Better Blues (1990),Drama,mo better blues
3426,Jungle Fever (1991),Drama|Romance,jungle fever
3427,Coogan's Bluff (1968),Crime,coogans bluff
3428,"Champ, The (1979)",Drama,champ the
3429,Creature Comforts (1990),Animation|Comedy,creature comforts
3430,Death Wish (1974),Action|Drama,death wish
3431,Death Wish II (1982),Action|Drama,death wish ii
3432,Death Wish 3 (1985),Action|Drama,death wish 3
3433,Death Wish 4: The Crackdown (1987),Action|Drama,death wish 4 the crackdown
3434,Death Wish V: The Face of Death (1994),Action|Drama,death wish v the face of death
3435,Double Indemnity (1944),Crime|Film-Noir,double indemnity
3436,Dying Young (1991),Drama|Romance,dying young
3437,Cool as Ice (1991),Drama,cool as ice
3438,Teenage Mutant Ninja Turtles (1990),Action|Children's|Fantasy,teenage mutant ninja turtles
3439,Teenage Mutant Ninja Turtles II: The Secret of the Ooze (1991),Action|Children's|Fantasy,teenage mutant ninja turtles ii the secret of the ooze
3440,Teenage Mutant Ninja Turtles III (1993),Action|Children's|Fantasy,teenage mutant ninja turtles iii
3441,Red Dawn (1984),Action|War,red dawn
3442,Band of the Hand (1986),Action,band of the hand
3443,Born American (1986),Action|Drama|Thriller,born american
3444,Bloodsport (1988),Action,bloodsport
3445,Eyes of Laura Mars (1978),Mystery|Thriller,eyes of laura mars
3446,Funny Bones (1995),Comedy,funny bones
3447,"Good Earth, The (1937)",Drama,good earth the
3448,"Good Morning, Vietnam (1987)",Comedy|Drama|War,good morning vietnam
3449,"Good Mother, The (1988)",Drama,good mother the
3450,Grumpy Old Men (1993),Comedy,grumpy old men
3451,Guess Who's Coming to Dinner (1967),Comedy|Drama,guess whos coming to dinner
3452,Romeo Must Die (2000),Action|Romance,romeo must die
3453,Here on Earth (2000),Drama|Romance,here on earth
3454,Whatever It Takes (2000),Comedy|Romance,whatever it takes
3455,Buddy Boy (1999),Drama|Thriller,buddy boy
3456,"Color of Paradise, The (Rang-e Khoda) (1999)",Drama,color of paradise the range khoda
3457,Waking the Dead (1999),Drama,waking the dead
3458,Blood and Sand (Sangre y Arena) (1989),Drama|Romance,blood and sand sangre y arena
3459,Gothic (1986),Drama|Horror,gothic
3460,Hillbillys in a Haunted House (1967),Comedy,hillbillys in a haunted house
3461,Lord of the Flies (1963),Adventure|Drama|Thriller,lord of the flies
3462,Modern Times (1936),Comedy,modern times
3463,Last Resort (1994),Comedy,last resort
3464,Solar Crisis (1993),Sci-Fi|Thriller,solar crisis
3465,That's Life! (1986),Drama,thats life
3466,Heart and Souls (1993),Comedy|Fantasy,heart and souls
3467,Hud (1963),Drama|Western,hud
3468,"Hustler, The (1961)",Drama,hustler the
3469,Inherit the Wind (1960),Drama,inherit the wind
3470,Dersu Uzala (1974),Adventure|Drama,dersu uzala
3471,Close Encounters of the Third Kind (1977),Drama|Sci-Fi,close encounters of the third kind
3472,Horror Hotel (a.k.a. The City of the Dead) (1960),Horror,horror hotel aka the city of the dead
3473,Jonah Who Will Be 25 in the Year 2000 (1976),Comedy,jonah who will be 25 in the year 2000
3474,Retroactive (1997),Sci-Fi|Thriller,retroactive
3475,"Place in the Sun, A (1951)",Drama|Romance,place in the sun a
3476,Jacob's Ladder (1990),Horror|Mystery|Thriller,jacobs ladder
3477,Empire Records (1995),Comedy|Drama,empire records
3478,"Bamba, La (1987)",Drama,bamba la
3479,Ladyhawke (1985),Adventure|Fantasy|Romance,ladyhawke
3480,Lucas (1986),Drama,lucas
3481,High Fidelity (2000),Comedy,high fidelity
3482,Price of Glory (2000),Drama,price of glory
3483,"Road to El Dorado, The (2000)",Animation|Children's,road to el dorado the
3484,"Skulls, The (2000)",Thriller,skulls the
3485,Autopsy (Macchie Solari) (1975),Horror,autopsy macchie solari
3486,Devil Girl From Mars (1954),Sci-Fi,devil girl from mars
3487,"Dorado, El (1967)",Western,dorado el
3488,"Hideous Sun Demon, The (1959)",Horror|Sci-Fi,hideous sun demon the
3489,Hook (1991),Adventure|Fantasy,hook
3490,Horror Express (1972),Horror,horror express
3491,My Chauffeur (1986),Comedy,my chauffeur
3492,"Son of the Sheik, The (1926)",Adventure,son of the sheik the
3493,Torso (Corpi Presentano Tracce di Violenza Carnale) (1973),Horror,torso corpi presentano tracce di violenza carnale
3494,True Grit (1969),Adventure|Western,true grit
3495,Roadside Prophets (1992),Comedy|Drama,roadside prophets
3496,Madame Sousatzka (1988),Drama,madame sousatzka
3497,Max Dugan Returns (1983),Comedy,max dugan returns
3498,Midnight Express (1978),Drama,midnight express
3499,Misery (1990),Horror,misery
3500,Mr. Saturday Night (1992),Comedy|Drama,mr saturday night
3501,Murphy's Romance (1985),Comedy|Romance,murphys romance
3502,My Life (1993),Drama,my life
3503,Solaris (Solyaris) (1972),Drama|Sci-Fi,solaris solyaris
3504,Network (1976),Comedy|Drama,network
3505,No Way Out (1987),Thriller,no way out
3506,North Dallas Forty (1979),Comedy|Drama,north dallas forty
3507,"Odd Couple, The (1968)",Comedy,odd couple the
3508,"Outlaw Josey Wales, The (1976)",Western,outlaw josey wales the
3509,Black and White (1999),Drama,black and white
3510,Frequency (2000),Drama|Thriller,frequency
3511,Ready to Rumble (2000),Comedy,ready to rumble
3512,Return to Me (2000),Drama|Romance,return to me
3513,Rules of Engagement (2000),Drama|Thriller,rules of engagement
3514,Joe Gould's Secret (2000),Drama,joe goulds secret
3515,Me Myself I (2000),Comedy,me myself i
3516,"Bell, Book and Candle (1958)",Comedy|Romance,bell book and candle
3517,"Bells, The (1926)",Crime|Drama,bells the
3518,"End of Violence, The (1997)",Drama|Thriller,end of violence the
3519,Force 10 from Navarone (1978),Action|War,force 10 from navarone
3520,How to Stuff a Wild Bikini (1965),Comedy,how to stuff a wild bikini
3521,Mystery Train (1989),Comedy|Crime|Drama,mystery train
3522,Sacco and Vanzetti (Sacco e Vanzetti) (1971),Drama,sacco and vanzetti sacco e vanzetti
3523,Taffin (1988),Action|Thriller,taffin
3524,Arthur (1981),Comedy|Romance,arthur
3525,Bachelor Party (1984),Comedy,bachelor party
3526,Parenthood (1989),Comedy|Drama,parenthood
3527,Predator (1987),Action|Sci-Fi|Thriller,predator
3528,"Prince of Tides, The (1991)",Drama|Romance,prince of tides the
3529,"Postman Always Rings Twice, The (1981)",Crime|Thriller,postman always rings twice the
3530,Smoking/No Smoking (1993),Comedy,smokingno smoking
3531,All the Vermeers in New York (1990),Comedy|Drama|Romance,all the vermeers in new york
3532,Freedom for Us (À nous la liberté ) (1931),Comedy,freedom for us  nous la libert
3533,"Actor's Revenge, An (Yukinojo Henge) (1963)",Drama,actors revenge an yukinojo henge
3534,28 Days (2000),Comedy,28 days
3535,American Psycho (2000),Comedy|Horror|Thriller,american psycho
3536,Keeping the Faith (2000),Comedy|Romance,keeping the faith
3537,Where the Money Is (2000),Comedy|Drama,where the money is
3538,East is East (1999),Comedy,east is east
3539,"Filth and the Fury, The (2000)",Documentary,filth and the fury the
3540,Passion of Mind (1999),Romance|Thriller,passion of mind
3541,Third World Cop (1999),Action,third world cop
3542,Coming Apart (1969),Drama,coming apart
3543,Diner (1982),Comedy|Drama,diner
3544,Shakes the Clown (1991),Comedy,shakes the clown
3545,Cabaret (1972),Musical|War,cabaret
3546,What Ever Happened to Baby Jane? (1962),Drama|Thriller,what ever happened to baby jane
3547,Prick Up Your Ears (1987),Drama,prick up your ears
3548,Auntie Mame (1958),Comedy|Drama,auntie mame
3549,Guys and Dolls (1955),Musical,guys and dolls
3550,"Hunger, The (1983)",Horror,hunger the
3551,Marathon Man (1976),Thriller,marathon man
3552,Caddyshack (1980),Comedy,caddyshack
3553,Gossip (2000),Drama|Thriller,gossip
3554,Love and Basketball (2000),Drama|Romance,love and basketball
3555,U-571 (2000),Action|Thriller,u571
3556,"Virgin Suicides, The (1999)",Comedy|Drama,virgin suicides the
3557,Jennifer 8 (1992),Thriller,jennifer 8
3558,"Law, The (Le Legge) (1958)",Drama,law the le legge
3559,Limelight (1952),Drama,limelight
3560,Phantom Love (Ai No Borei) (1978),Drama,phantom love ai no borei
3561,Stacy's Knights (1982),Drama,stacys knights
3562,Committed (2000),Comedy|Drama,committed
3563,"Crow: Salvation, The (2000)",Action|Horror,crow salvation the
3564,"Flintstones in Viva Rock Vegas, The (2000)",Children's|Comedy,flintstones in viva rock vegas the
3565,Where the Heart Is (2000),Comedy|Drama,where the heart is
3566,"Big Kahuna, The (2000)",Comedy|Drama,big kahuna the
3567,Bossa Nova (1999),Comedy,bossa nova
3568,Smiling Fish and Goat on Fire (1999),Drama,smiling fish and goat on fire
3569,"Idiots, The (Idioterne) (1998)",Comedy|Drama,idiots the idioterne
3570,"Last September, The (1999)",Drama,last september the
3571,Time Code (2000),Drama,time code
3572,Carnosaur (1993),Horror|Sci-Fi,carnosaur
3573,Carnosaur 2 (1995),Horror|Sci-Fi,carnosaur 2
3574,Carnosaur 3: Primal Species (1996),Horror|Sci-Fi,carnosaur 3 primal species
3575,Defying Gravity (1997),Drama,defying gravity
3576,"Hidden, The (1987)",Action|Horror|Sci-Fi,hidden the
3577,Two Moon Juction (1988),Drama,two moon juction
3578,Gladiator (2000),Action|Drama,gladiator
3579,I Dreamed of Africa (2000),Drama,i dreamed of africa
3580,Up at the Villa (2000),Drama,up at the villa
3581,Human Traffic (1999),Drama,human traffic
3582,"Jails, Hospitals & Hip-Hop (2000)",Drama,jails hospitals  hiphop
3583,Black Tights (Les Collants Noirs) (1960),Drama,black tights les collants noirs
3584,Breathless (1983),Action|Drama|Romance|Thriller,breathless
3585,"Great Locomotive Chase, The (1956)",Adventure|War,great locomotive chase the
3586,"Idolmaker, The (1980)",Drama,idolmaker the
3587,Inferno (1980),Horror,inferno
3588,"King of Marvin Gardens, The (1972)",Crime|Drama,king of marvin gardens the
3589,"Kill, Baby... Kill! (Operazione Paura) (1966)",Horror,kill baby kill operazione paura
3590,"Lords of Flatbush, The (1974)",Comedy,lords of flatbush the
3591,Mr. Mom (1983),Comedy|Drama,mr mom
3592,Time Masters (Les Maîtres du Temps) (1982),Animation|Sci-Fi,time masters les matres du temps
3593,Battlefield Earth (2000),Action|Sci-Fi,battlefield earth
3594,Center Stage (2000),Drama,center stage
3595,Held Up (2000),Comedy,held up
3596,Screwed (2000),Comedy,screwed
3597,Whipped (2000),Comedy,whipped
3598,Hamlet (2000),Drama,hamlet
3599,Anchors Aweigh (1945),Comedy|Musical,anchors aweigh
3600,Blue Hawaii (1961),Comedy|Musical,blue hawaii
3601,"Castaway Cowboy, The (1974)",Comedy|Western,castaway cowboy the
3602,G. I. Blues (1960),Musical,g i blues
3603,"Gay Deceivers, The (1969)",Comedy,gay deceivers the
3604,Gypsy (1962),Musical,gypsy
3605,King Creole (1958),Drama|Musical,king creole
3606,On the Town (1949),Musical,on the town
3607,One Little Indian (1973),Comedy|Drama|Western,one little indian
3608,Pee-wee's Big Adventure (1985),Comedy,peewees big adventure
3609,Regret to Inform (1998),Documentary,regret to inform
3610,Roustabout (1964),Musical,roustabout
3611,Saludos Amigos (1943),Animation|Children's|Comedy,saludos amigos
3612,"Slipper and the Rose, The (1976)",Adventure|Musical|Romance,slipper and the rose the
3613,Things Change (1988),Comedy,things change
3614,Honeymoon in Vegas (1992),Comedy|Romance,honeymoon in vegas
3615,Dinosaur (2000),Animation|Children's,dinosaur
3616,Loser (2000),Comedy|Romance,loser
3617,Road Trip (2000),Comedy,road trip
3618,Small Time Crooks (2000),Comedy,small time crooks
3619,"Hollywood Knights, The (1980)",Comedy,hollywood knights the
3620,"Myth of Fingerprints, The (1997)",Comedy|Drama,myth of fingerprints the
3621,Possession (1981),Drama|Horror,possession
3622,"Twelve Chairs, The (1970)",Comedy,twelve chairs the
3623,Mission: Impossible 2 (2000),Action|Thriller,mission impossible 2
3624,Shanghai Noon (2000),Action,shanghai noon
3625,Better Living Through Circuitry (1999),Documentary,better living through circuitry
3626,8 1/2 Women (1999),Comedy,8 12 women
3627,Carnival of Souls (1962),Horror|Thriller,carnival of souls
3628,Flying Tigers (1942),Action|Drama|War,flying tigers
3629,"Gold Rush, The (1925)",Comedy,gold rush the
3630,"House of Exorcism, The (La Casa dell'esorcismo) (1974)",Horror,house of exorcism the la casa dellesorcismo
3631,It's in the Water (1998),Comedy,its in the water
3632,Monsieur Verdoux (1947),Comedy,monsieur verdoux
3633,On Her Majesty's Secret Service (1969),Action,on her majestys secret service
3634,Seven Days in May (1964),Thriller,seven days in may
3635,"Spy Who Loved Me, The (1977)",Action,spy who loved me the
3636,Those Who Love Me Can Take the Train (Ceux qui m'aiment prendront le train) (1998),Drama,those who love me can take the train ceux qui maiment prendront le train
3637,Vagabond (Sans toit ni loi) (1985),Drama,vagabond sans toit ni loi
3638,Moonraker (1979),Action|Romance|Sci-Fi,moonraker
3639,"Man with the Golden Gun, The (1974)",Action,man with the golden gun the
3640,"King in New York, A (1957)",Comedy|Drama,king in new york a
3641,"Woman of Paris, A (1923)",Drama,woman of paris a
3642,In Old California (1942),Western,in old california
3643,"Fighting Seabees, The (1944)",Action|Drama|War,fighting seabees the
3644,Dark Command (1940),Western,dark command
3645,Cleo From 5 to 7 (Cléo de 5 à 7) (1962),Drama,cleo from 5 to 7 clo de 5  7
3646,Big Momma's House (2000),Comedy,big mommas house
3647,Running Free (2000),Drama,running free
3648,"Abominable Snowman, The (1957)",Horror|Sci-Fi,abominable snowman the
3649,American Gigolo (1980),Drama,american gigolo
3650,Anguish (Angustia) (1986),Horror,anguish angustia
3651,"Blood Spattered Bride, The (La Novia Ensangrentada) (1972)",Horror,blood spattered bride the la novia ensangrentada
3652,City of the Living Dead (Paura nella città dei morti viventi) (1980),Horror,city of the living dead paura nella citt dei morti viventi
3653,"Endless Summer, The (1966)",Documentary,endless summer the
3654,"Guns of Navarone, The (1961)",Action|Drama|War,guns of navarone the
3655,Blow-Out (La Grande Bouffe) (1973),Drama,blowout la grande bouffe
3656,Lured (1947),Crime,lured
3657,Pandora and the Flying Dutchman (1951),Drama,pandora and the flying dutchman
3658,Quatermass and the Pit (1967),Sci-Fi,quatermass and the pit
3659,Quatermass II (1957),Sci-Fi|Thriller,quatermass ii
3660,Puppet Master (1989),Horror|Sci-Fi|Thriller,puppet master
3661,Puppet Master II (1990),Horror|Sci-Fi|Thriller,puppet master ii
3662,Puppet Master III: Toulon's Revenge (1991),Horror|Sci-Fi|Thriller,puppet master iii toulons revenge
3663,Puppet Master 4 (1993),Horror|Sci-Fi|Thriller,puppet master 4
3664,Puppet Master 5: The Final Chapter (1994),Horror|Sci-Fi|Thriller,puppet master 5 the final chapter
3665,Curse of the Puppet Master (1998),Horror|Sci-Fi|Thriller,curse of the puppet master
3666,Retro Puppetmaster (1999),Horror|Sci-Fi|Thriller,retro puppetmaster
3667,Rent-A-Cop (1988),Action|Comedy,rentacop
3668,Romeo and Juliet (1968),Drama|Romance,romeo and juliet
3669,Stay Tuned (1992),Comedy,stay tuned
3670,"Story of G.I. Joe, The (1945)",War,story of gi joe the
3671,Blazing Saddles (1974),Comedy|Western,blazing saddles
3672,Benji (1974),Adventure|Children's,benji
3673,Benji the Hunted (1987),Adventure|Children's,benji the hunted
3674,For the Love of Benji (1977),Adventure|Children's,for the love of benji
3675,White Christmas (1954),Musical,white christmas
3676,Eraserhead (1977),Drama|Horror,eraserhead
3677,Baraka (1992),Documentary,baraka
3678,"Man with the Golden Arm, The (1955)",Drama,man with the golden arm the
3679,"Decline of Western Civilization, The (1981)",Documentary,decline of western civilization the
3680,"Decline of Western Civilization Part II: The Metal Years, The (1988)",Documentary,decline of western civilization part ii the metal years the
3681,For a Few Dollars More (1965),Western,for a few dollars more
3682,Magnum Force (1973),Western,magnum force
3683,Blood Simple (1984),Drama|Film-Noir,blood simple
3684,"Fabulous Baker Boys, The (1989)",Drama|Romance,fabulous baker boys the
3685,Prizzi's Honor (1985),Comedy|Drama|Romance,prizzis honor
3686,Flatliners (1990),Thriller,flatliners
3687,Light Years (1988),Sci-Fi,light years
3688,Porky's (1981),Comedy,porkys
3689,Porky's II: The Next Day (1983),Comedy,porkys ii the next day
3690,Porky's Revenge (1985),Comedy,porkys revenge
3691,Private School (1983),Comedy,private school
3692,Class of Nuke 'Em High (1986),Comedy|Horror,class of nuke em high
3693,"Toxic Avenger, The (1985)",Comedy|Horror,toxic avenger the
3694,"Toxic Avenger, Part II, The (1989)",Comedy|Horror,toxic avenger part ii the
3695,"Toxic Avenger Part III: The Last Temptation of Toxie, The (1989)",Comedy|Horror,toxic avenger part iii the last temptation of toxie the
3696,Night of the Creeps (1986),Comedy|Horror|Sci-Fi,night of the creeps
3697,Predator 2 (1990),Action|Sci-Fi|Thriller,predator 2
3698,"Running Man, The (1987)",Action|Adventure|Sci-Fi,running man the
3699,Starman (1984),Adventure|Drama|Romance|Sci-Fi,starman
3700,"Brother from Another Planet, The (1984)",Drama|Sci-Fi,brother from another planet the
3701,Alien Nation (1988),Crime|Drama|Sci-Fi,alien nation
3702,Mad Max (1979),Action|Sci-Fi,mad max
3703,Mad Max 2 (a.k.a. The Road Warrior) (1981),Action|Sci-Fi,mad max 2 aka the road warrior
3704,Mad Max Beyond Thunderdome (1985),Action|Sci-Fi,mad max beyond thunderdome
3705,Bird on a Wire (1990),Action|Adventure|Romance|Thriller,bird on a wire
3706,Angel Heart (1987),Film-Noir|Mystery|Thriller,angel heart
3707,Nine 1/2 Weeks (1986),Drama,nine 12 weeks
3708,Firestarter (1984),Horror|Thriller,firestarter
3709,Sleepwalkers (1992),Horror,sleepwalkers
3710,Action Jackson (1988),Action|Comedy,action jackson
3711,Sarafina! (1992),Drama,sarafina
3712,Soapdish (1991),Comedy,soapdish
3713,"Long Walk Home, The (1990)",Drama,long walk home the
3714,Clara's Heart (1988),Drama,claras heart
3715,Burglar (1987),Comedy,burglar
3716,Fatal Beauty (1987),Action|Crime,fatal beauty
3717,Gone in 60 Seconds (2000),Action|Crime,gone in 60 seconds
3718,American Pimp (1999),Documentary,american pimp
3719,Love's Labour's Lost (2000),Comedy|Romance,loves labours lost
3720,Sunshine (1999),Drama,sunshine
3721,Trixie (1999),Comedy,trixie
3722,Live Virgin (1999),Comedy,live virgin
3723,Hamlet (1990),Drama,hamlet
3724,Coming Home (1978),Drama|War,coming home
3725,American Pop (1981),Animation|Musical,american pop
3726,Assault on Precinct 13 (1976),Action|Thriller,assault on precinct 13
3727,Near Dark (1987),Comedy|Horror,near dark
3728,One False Move (1991),Thriller,one false move
3729,Shaft (1971),Action|Crime,shaft
3730,"Conversation, The (1974)",Drama|Mystery,conversation the
3731,Cutter's Way (1981),Drama|Thriller,cutters way
3732,"Fury, The (1978)",Horror,fury the
3733,"Paper Chase, The (1973)",Drama,paper chase the
3734,Prince of the City (1981),Drama,prince of the city
3735,Serpico (1973),Crime|Drama,serpico
3736,"Big Carnival, The (1951)",Drama,big carnival the
3737,Lonely Are the Brave (1962),Drama|Western,lonely are the brave
3738,"Sugarland Express, The (1974)",Drama,sugarland express the
3739,Trouble in Paradise (1932),Comedy|Romance,trouble in paradise
3740,Big Trouble in Little China (1986),Action|Comedy,big trouble in little china
3741,Badlands (1973),Crime|Drama,badlands
3742,"Battleship Potemkin, The (Bronenosets Potyomkin) (1925)",Drama|War,battleship potemkin the bronenosets potyomkin
3743,Boys and Girls (2000),Comedy|Romance,boys and girls
3744,Shaft (2000),Action|Crime,shaft
3745,Titan A.E. (2000),Adventure|Animation|Sci-Fi,titan ae
3746,Butterfly (La Lengua de las Mariposas) (2000),Drama|War,butterfly la lengua de las mariposas
3747,Jesus' Son (1999),Drama,jesus son
3748,"Match, The (1999)",Comedy|Romance,match the
3749,Time Regained (Le Temps Retrouvé) (1999),Drama,time regained le temps retrouv
3750,Boricua's Bond (2000),Drama,boricuas bond
3751,Chicken Run (2000),Animation|Children's|Comedy,chicken run
3752,"Me, Myself and Irene (2000)",Comedy,me myself and irene
3753,"Patriot, The (2000)",Action|Drama|War,patriot the
3754,"Adventures of Rocky and Bullwinkle, The (2000)",Animation|Children's|Comedy,adventures of rocky and bullwinkle the
3755,"Perfect Storm, The (2000)",Action|Adventure|Thriller,perfect storm the
3756,"Golden Bowl, The (2000)",Drama,golden bowl the
3757,Asylum (1972),Horror,asylum
3758,Communion (1989),Drama|Sci-Fi|Thriller,communion
3759,Fun and Fancy Free (1947),Animation|Children's|Musical,fun and fancy free
3760,"Kentucky Fried Movie, The (1977)",Comedy,kentucky fried movie the
3761,"Blood In, Blood Out (a.k.a. Bound by Honor) (1993)",Crime|Drama,blood in blood out aka bound by honor
3762,Daughter of Dr. Jeckyll (1957),Horror,daughter of dr jeckyll
3763,F/X (1986),Action|Crime|Thriller,fx
3764,F/X 2 (1992),Action|Crime|Thriller,fx 2
3765,"Hot Spot, The (1990)",Drama|Romance,hot spot the
3766,Missing in Action (1984),Action|War,missing in action
3767,Missing in Action 2: The Beginning (1985),Action|War,missing in action 2 the beginning
3768,Braddock: Missing in Action III (1988),Action|War,braddock missing in action iii
3769,Thunderbolt and Lightfoot (1974),Action,thunderbolt and lightfoot
3770,Dreamscape (1984),Adventure|Crime|Sci-Fi|Thriller,dreamscape
3771,"Golden Voyage of Sinbad, The (1974)",Action|Adventure,golden voyage of sinbad the
3772,Hatchet For the Honeymoon (Rosso Segno Della Follia) (1969),Horror,hatchet for the honeymoon rosso segno della follia
3773,House Party (1990),Comedy,house party
3774,House Party 2 (1991),Comedy,house party 2
3775,Make Mine Music (1946),Animation|Children's|Musical,make mine music
3776,Melody Time (1948),Animation|Children's|Musical,melody time
3777,Nekromantik (1987),Comedy|Horror,nekromantik
3778,On Our Merry Way (1948),Comedy|Drama,on our merry way
3779,Project Moon Base (1953),Sci-Fi,project moon base
3780,Rocketship X-M (1950),Sci-Fi,rocketship xm
3781,Shaft in Africa (1973),Action|Crime,shaft in africa
3782,Shaft's Big Score! (1972),Action|Crime,shafts big score
3783,Croupier (1998),Crime|Drama,croupier
3784,"Kid, The (2000)",Comedy,kid the
3785,Scary Movie (2000),Comedy|Horror,scary movie
3786,But I'm a Cheerleader (1999),Comedy,but im a cheerleader
3787,Shower (Xizhao) (1999),Comedy,shower xizhao
3788,Blowup (1966),Drama|Mystery,blowup
3789,"Pawnbroker, The (1965)",Drama,pawnbroker the
3790,Groove (2000),Drama,groove
3791,Footloose (1984),Drama,footloose
3792,Duel in the Sun (1946),Western,duel in the sun
3793,X-Men (2000),Action|Sci-Fi,xmen
3794,Chuck & Buck (2000),Comedy|Drama,chuck  buck
3795,"Five Senses, The (1999)",Drama,five senses the
3796,"Wisdom of Crocodiles, The (a.k.a. Immortality) (2000)",Romance|Thriller,wisdom of crocodiles the aka immortality
3797,"In Crowd, The (2000)",Thriller,in crowd the
3798,What Lies Beneath (2000),Thriller,what lies beneath
3799,Pokémon the Movie 2000 (2000),Animation|Children's,pokmon the movie 2000
3800,Criminal Lovers (Les Amants Criminels) (1999),Drama|Romance,criminal lovers les amants criminels
3801,Anatomy of a Murder (1959),Drama|Mystery,anatomy of a murder
3802,Freejack (1992),Action|Sci-Fi,freejack
3803,Greaser's Palace (1972),Drama,greasers palace
3804,H.O.T.S. (1979),Comedy,hots
3805,Knightriders (1981),Action|Adventure|Drama,knightriders
3806,MacKenna's Gold (1969),Western,mackennas gold
3807,Sinbad and the Eye of the Tiger (1977),Action|Adventure,sinbad and the eye of the tiger
3808,Two Women (La Ciociara) (1961),Drama|War,two women la ciociara
3809,What About Bob? (1991),Comedy,what about bob
3810,White Sands (1992),Drama|Thriller,white sands
3811,Breaker Morant (1980),Drama|War,breaker morant
3812,Everything You Always Wanted to Know About Sex (1972),Comedy,everything you always wanted to know about sex
3813,Interiors (1978),Drama,interiors
3814,Love and Death (1975),Comedy,love and death
3816,"Official Story, The (La Historia Oficial) (1985)",Drama,official story the la historia oficial
3817,"Other Side of Sunday, The (Søndagsengler) (1996)",Comedy|Drama,other side of sunday the sndagsengler
3818,Pot O' Gold (1941),Comedy|Musical,pot o gold
3819,Tampopo (1986),Comedy,tampopo
3820,Thomas and the Magic Railroad (2000),Children's,thomas and the magic railroad
3821,Nutty Professor II: The Klumps (2000),Comedy,nutty professor ii the klumps
3822,"Girl on the Bridge, The (La Fille sur le Pont) (1999)",Drama|Romance,girl on the bridge the la fille sur le pont
3823,Wonderland (1999),Drama,wonderland
3824,Autumn in New York (2000),Drama|Romance,autumn in new york
3825,Coyote Ugly (2000),Drama,coyote ugly
3826,Hollow Man (2000),Horror|Sci-Fi|Thriller,hollow man
3827,Space Cowboys (2000),Action|Sci-Fi,space cowboys
3828,Better Living (1998),Comedy,better living
3829,Mad About Mambo (2000),Comedy|Romance,mad about mambo
3830,Psycho Beach Party (2000),Comedy|Horror|Thriller,psycho beach party
3831,Saving Grace (2000),Comedy,saving grace
3832,"Black Sabbath (Tre Volti Della Paura, I) (1963)",Horror,black sabbath tre volti della paura i
3833,"Brain That Wouldn't Die, The (1962)",Horror|Sci-Fi,brain that wouldnt die the
3834,Bronco Billy (1980),Adventure|Drama|Romance,bronco billy
3835,"Crush, The (1993)",Thriller,crush the
3836,Kelly's Heroes (1970),Action|Comedy|War,kellys heroes
3837,Phantasm II (1988),Horror,phantasm ii
3838,Phantasm III: Lord of the Dead (1994),Horror,phantasm iii lord of the dead
3839,Phantasm IV: Oblivion (1998),Horror,phantasm iv oblivion
3840,Pumpkinhead (1988),Horror,pumpkinhead
3841,Air America (1990),Action|Comedy,air america
3842,Make Them Die Slowly (Cannibal Ferox) (1980),Horror,make them die slowly cannibal ferox
3843,Sleepaway Camp (1983),Horror,sleepaway camp
3844,Steel Magnolias (1989),Drama,steel magnolias
3845,And God Created Woman (Et Dieu&#8230;Créa la Femme) (1956),Drama,and god created woman et dieu8230cra la femme
3846,Easy Money (1983),Comedy,easy money
3847,"Ilsa, She Wolf of the SS (1974)",Horror,ilsa she wolf of the ss
3848,Silent Fall (1994),Drama|Thriller,silent fall
3849,"Spiral Staircase, The (1946)",Thriller,spiral staircase the
3850,Whatever Happened to Aunt Alice? (1969),Crime|Thriller,whatever happened to aunt alice
3851,I'm the One That I Want (2000),Comedy,im the one that i want
3852,"Tao of Steve, The (2000)",Comedy,tao of steve the
3853,"Tic Code, The (1998)",Drama,tic code the
3854,Aimée & Jaguar (1999),Drama|Romance,aime  jaguar
3855,"Affair of Love, An (Une Liaison Pornographique) (1999)",Drama|Romance,affair of love an une liaison pornographique
3856,Autumn Heart (1999),Drama,autumn heart
3857,Bless the Child (2000),Thriller,bless the child
3858,Cecil B. Demented (2000),Comedy,cecil b demented
3859,"Eyes of Tammy Faye, The (2000)",Documentary,eyes of tammy faye the
3860,"Opportunists, The (1999)",Crime,opportunists the
3861,"Replacements, The (2000)",Comedy,replacements the
3862,About Adam (2000),Comedy,about adam
3863,"Cell, The (2000)",Sci-Fi|Thriller,cell the
3864,Godzilla 2000 (Gojira ni-sen mireniamu) (1999),Action|Adventure|Sci-Fi,godzilla 2000 gojira nisen mireniamu
3865,"Original Kings of Comedy, The (2000)",Comedy|Documentary,original kings of comedy the
3866,Sunset Strip (2000),Comedy,sunset strip
3867,All the Rage (a.k.a. It's the Rage) (1999),Drama,all the rage aka its the rage
3868,"Naked Gun: From the Files of Police Squad!, The (1988)",Comedy,naked gun from the files of police squad the
3869,"Naked Gun 2 1/2: The Smell of Fear, The (1991)",Comedy,naked gun 2 12 the smell of fear the
3870,Our Town (1940),Drama,our town
3871,Shane (1953),Drama|Western,shane
3872,"Suddenly, Last Summer (1959)",Drama,suddenly last summer
3873,Cat Ballou (1965),Comedy|Western,cat ballou
3874,"Couch in New York, A (1996)",Comedy|Romance,couch in new york a
3875,"Devil Rides Out, The (1968)",Horror,devil rides out the
3876,Jerry & Tom (1998),Drama,jerry  tom
3877,Supergirl (1984),Action|Adventure|Fantasy,supergirl
3878,X: The Unknown (1956),Sci-Fi,x the unknown
3879,"Art of War, The (2000)",Action,art of war the
3880,"Ballad of Ramblin' Jack, The (2000)",Documentary,ballad of ramblin jack the
3881,Bittersweet Motel (2000),Documentary,bittersweet motel
3882,Bring It On (2000),Comedy,bring it on
3883,Catfish in Black Bean Sauce (2000),Comedy|Drama,catfish in black bean sauce
3884,"Crew, The (2000)",Comedy,crew the
3885,Love & Sex (2000),Comedy|Romance,love  sex
3886,Steal This Movie! (2000),Drama,steal this movie
3887,Went to Coney Island on a Mission From God... Be Back by Five (1998),Drama,went to coney island on a mission from god be back by five
3888,Skipped Parts (2000),Drama|Romance,skipped parts
3889,Highlander: Endgame (2000),Action|Adventure|Fantasy,highlander endgame
3890,Back Stage (2000),Documentary,back stage
3891,Turn It Up (2000),Crime|Drama,turn it up
3892,Anatomy (Anatomie) (2000),Horror,anatomy anatomie
3893,Nurse Betty (2000),Comedy|Thriller,nurse betty
3894,Solas (1999),Drama,solas
3895,"Watcher, The (2000)",Crime|Thriller,watcher the
3896,"Way of the Gun, The (2000)",Crime|Thriller,way of the gun the
3897,Almost Famous (2000),Comedy|Drama,almost famous
3898,Bait (2000),Action|Comedy,bait
3899,Circus (2000),Comedy,circus
3900,Crime and Punishment in Suburbia (2000),Comedy|Drama,crime and punishment in suburbia
3901,Duets (2000),Comedy|Drama,duets
3902,Goya in Bordeaux (Goya en Bodeos) (1999),Drama,goya in bordeaux goya en bodeos
3903,Urbania (2000),Drama,urbania
3904,"Uninvited Guest, An (2000)",Drama,uninvited guest an
3905,"Specials, The (2000)",Comedy,specials the
3906,Under Suspicion (2000),Crime,under suspicion
3907,"Prince of Central Park, The (1999)",Drama,prince of central park the
3908,Urban Legends: Final Cut (2000),Horror,urban legends final cut
3909,Woman on Top (2000),Comedy|Romance,woman on top
3910,Dancer in the Dark (2000),Drama|Musical,dancer in the dark
3911,Best in Show (2000),Comedy,best in show
3912,Beautiful (2000),Comedy|Drama,beautiful
3913,Barenaked in America (1999),Documentary,barenaked in america
3914,"Broken Hearts Club, The (2000)",Drama,broken hearts club the
3915,Girlfight (2000),Drama,girlfight
3916,Remember the Titans (2000),Drama,remember the titans
3917,Hellraiser (1987),Horror,hellraiser
3918,Hellbound: Hellraiser II (1988),Horror,hellbound hellraiser ii
3919,Hellraiser III: Hell on Earth (1992),Horror,hellraiser iii hell on earth
3920,"Faraway, So Close (In Weiter Ferne, So Nah!) (1993)",Drama|Fantasy,faraway so close in weiter ferne so nah
3921,Beach Party (1963),Comedy,beach party
3922,Bikini Beach (1964),Comedy,bikini beach
3923,Return of the Fly (1959),Horror|Sci-Fi,return of the fly
3924,Pajama Party (1964),Comedy,pajama party
3925,Stranger Than Paradise (1984),Comedy,stranger than paradise
3926,Voyage to the Bottom of the Sea (1961),Adventure|Sci-Fi,voyage to the bottom of the sea
3927,Fantastic Voyage (1966),Adventure|Sci-Fi,fantastic voyage
3928,Abbott and Costello Meet Frankenstein (1948),Comedy|Horror,abbott and costello meet frankenstein
3929,"Bank Dick, The (1940)",Comedy,bank dick the
3930,"Creature From the Black Lagoon, The (1954)",Horror,creature from the black lagoon the
3931,"Giant Gila Monster, The (1959)",Horror|Sci-Fi,giant gila monster the
3932,"Invisible Man, The (1933)",Horror|Sci-Fi,invisible man the
3933,"Killer Shrews, The (1959)",Horror|Sci-Fi,killer shrews the
3934,Kronos (1957),Sci-Fi,kronos
3935,Kronos (1973),Horror,kronos
3936,"Phantom of the Opera, The (1943)",Drama|Thriller,phantom of the opera the
3937,Runaway (1984),Sci-Fi|Thriller,runaway
3938,"Slumber Party Massacre, The (1982)",Horror,slumber party massacre the
3939,"Slumber Party Massacre II, The (1987)",Horror,slumber party massacre ii the
3940,"Slumber Party Massacre III, The (1990)",Horror,slumber party massacre iii the
3941,Sorority House Massacre (1986),Horror,sorority house massacre
3942,Sorority House Massacre II (1990),Horror,sorority house massacre ii
3943,Bamboozled (2000),Comedy,bamboozled
3944,Bootmen (2000),Comedy|Drama,bootmen
3945,Digimon: The Movie (2000),Adventure|Animation|Children's,digimon the movie
3946,Get Carter (2000),Action|Drama|Thriller,get carter
3947,Get Carter (1971),Thriller,get carter
3948,Meet the Parents (2000),Comedy,meet the parents
3949,Requiem for a Dream (2000),Drama,requiem for a dream
3950,Tigerland (2000),Drama,tigerland
3951,Two Family House (2000),Drama,two family house
3952,"Contender, The (2000)",Drama|Thriller,contender the
